v -1 -1 -1
v -1 -1 1
v -1 1 -1
v -1 1 1
v 0.999999 1 1
v 1 -1 -1
v 1 -1 1
v 1 1 -0.999999
v -0.00686248 0.00503515 0.657464
v -0.5919 -0.094094 0.559528
v -0.597138 0.416672 -0.401567
v -0.0672955 -0.593809 0.601842
v -0.0646258 -0.0874323 0.736839
v -0.241112 0.580643 0.261507
v -0.744216 0.588934 -0.40432
v -0.581105 -0.0581728 -0.0878732
v 0.0739656 -0.270194 0.0835823
v -0.434775 -0.259323 -0.0613297
v 0.751401 -1 -0.878503
v -0.92344 -0.608563 0.780339
v 0.919486 0.0744408 0.64707
v -0.806836 0.804779 -1
v -0.00157308 -0.406784 0.583435
v -0.491205 0.576502 0.476485
v -0.534468 0.440591 -0.675653
v 0.114092 -0.0724966 -0.678642
v -0.451411 -0.0665 -0.183772
v -0.0451397 0.426419 0.497157
v -0.052628 -0.0654843 0.853011
v 0.0838004 0.0028024 1
v -0.476558 -0.472328 0.911063
v -0.00662536 -0.279787 -0.745539
v -0.841668 -0.854413 -0.848737
v -0.867913 -0.845263 -0.676544
v -0.8683 -0.858876 -0.492042
v -0.863353 -0.854989 -0.320994
v -0.864903 -0.852308 -0.143486
v -0.86493 -0.85194 0.0202585
v -0.855543 -0.857804 0.18129
v -0.854357 -0.874036 0.338641
v -0.843924 -0.832487 0.840707
v -0.856756 -0.686051 -0.849276
v -0.840781 -0.673909 -0.655863
v -0.837405 -0.683836 -0.485471
v -0.844473 -0.675063 -0.318764
v -0.852596 -0.660541 -0.161421
v -0.853108 -0.659754 0.00531048
v -0.855683 -0.651399 0.178849
v -0.833983 -0.679777 0.349998
v -0.852712 -0.706317 0.501401
v -0.184227 -0.0932602 0.661649
v -0.855051 -0.511333 -0.867876
v -0.833725 -0.533363 -0.690351
v -0.853299 -0.534739 -0.513555
v -0.849627 -0.529953 -0.338085
v -0.838775 -0.508054 -0.166012
v -0.846683 -0.496965 0.00320964
v -0.860169 -0.470118 0.166278
v -0.863246 -0.541996 0.334001
v -0.86459 -0.47514 0.480312
v -0.822729 -0.507913 0.665072
v -0.832809 -0.510902 0.845871
v -0.8606 -0.321779 -0.856309
v -0.831075 -0.327124 -0.642671
v -0.851094 -0.344502 -0.481801
v -0.830662 -0.330153 -0.321053
v -0.868895 -0.365218 -0.162681
v -0.83395 -0.330584 0.0224242
v -0.836472 -0.326441 0.183217
v -0.848641 -0.352167 0.51078
v -0.845598 -0.348269 0.66386
v -0.164252 0.0616807 0.496409
v 0.18526 0.162566 0.781242
v -0.853294 -0.152142 -0.838686
v -0.828892 -0.181759 -0.665696
v -0.815859 -0.190325 -0.513039
v -0.834085 -0.170384 -0.330503
v -0.813049 -0.182578 -0.173449
v -0.83063 -0.165388 0.00918925
v -0.824275 -0.161142 0.168993
v -0.850564 -0.223289 0.335194
v -0.83962 -0.196332 0.497621
v -0.842046 -0.158471 0.669304
v -0.301407 -0.317985 0.58577
v -0.859899 0.00377337 -0.845251
v -0.846614 -0.0017834 -0.654457
v -0.825689 -0.0082492 -0.505391
v -0.853796 -0.0081752 -0.327947
v -0.858201 -0.0345526 -0.183314
v -0.842248 -0.0178761 0.00151773
v -0.835442 -0.00764435 0.165835
v -0.842044 -0.0144073 0.318183
v -0.83451 0.00710169 0.488935
v -0.840677 -6.38172e-05 0.661705
v -0.84848 -0.0121696 0.845372
v -0.849672 0.14688 -0.851265
v -0.8354 0.1593 -0.664212
v -0.830788 0.158932 -0.518342
v -0.842 0.156152 -0.325485
v -0.856858 0.159108 -0.180388
v -0.833283 0.174554 0.00323631
v -0.841985 0.148943 0.1621
v -0.844203 0.171016 0.32302
v -0.840671 0.168138 0.495591
v -0.840966 0.169196 0.662269
v -0.854595 0.16485 0.837303
v -0.474232 -0.0160817 0.544268
v -0.857276 0.312567 -0.854141
v -0.855259 0.338276 -0.673168
v -0.864763 0.337443 -0.507567
v -0.851106 0.365049 -0.325104
v -0.828811 0.342157 -0.166071
v -0.84298 0.320011 -0.0192165
v -0.842862 0.325134 0.152616
v -0.841282 0.333558 0.326285
v -0.84185 0.33904 0.50214
v -0.842315 0.33551 0.669413
v -0.849634 0.329653 0.841032
v -0.830704 0.465836 -0.861029
v -0.813521 0.509786 -0.671129
v -0.823678 0.528566 -0.492756
v -0.129306 -0.00211904 0.586571
v -0.840125 0.508886 -0.167778
v -0.844342 0.524017 0.00512679
v -0.829701 0.50399 0.16524
v -0.845143 0.515682 0.319357
v -0.843111 0.499409 0.49968
v -0.833147 0.510789 0.679314
v -0.83491 0.508341 0.847929
v -0.140676 -0.187056 0.772931
v -0.0918199 0.223496 1
v -0.83972 0.666173 -0.166954
v -0.103595 -0.43803 -1
v -0.839503 0.684874 0.333667
v -0.841142 0.675539 0.503009
v -0.848017 0.675261 0.669287
v -0.860835 0.65102 0.829771
v -0.84343 0.84864 -0.666529
v -0.851661 0.836682 -0.357218
v -0.847538 0.845651 -0.163137
v -0.808531 0.835502 -0.00480279
v -0.853216 0.829938 0.152785
v -0.835266 0.839678 0.312486
v -0.832456 0.848825 0.471145
v -0.868536 0.819523 0.669342
v -0.842868 0.839692 0.843329
v -0.652093 -0.854553 -0.860443
v -0.671315 -0.865057 -0.660189
v -0.667284 -0.848595 -0.505651
v -0.66329 -0.829151 -0.353996
v -0.663521 -0.84528 -0.182793
v -0.68406 -0.849926 0.0170143
v -0.651569 -0.842412 0.333235
v -0.693723 -0.830854 0.504929
v -0.701692 -0.837153 0.691948
v -0.685871 -0.675482 -0.843644
v -0.678291 -0.666537 -0.688285
v -0.670531 -0.690098 -0.491666
v -0.66689 -0.680343 -0.330073
v -0.672818 -0.694634 -0.169092
v -0.672622 -0.688944 0.014491
v -0.676518 -0.680096 0.172678
v -0.669071 -0.681207 0.356169
v -0.854519 0.619142 -0.328831
v -0.502305 0.409236 -0.514314
v -0.688656 -0.519255 -0.860783
v -0.670601 -0.527967 -0.672048
v -0.669841 -0.526507 -0.496947
v -0.68385 -0.519569 -0.320106
v -0.664278 -0.541044 -0.174522
v -0.668809 -0.526638 0.00633993
v -0.676049 -0.512597 0.178884
v -0.691439 -0.519121 0.323049
v -0.688948 -0.500939 0.542714
v 0.33971 -0.0611612 0.501436
v 0.173436 0.565572 0.503881
v -0.666473 -0.355128 -0.857405
v -0.668368 -0.364721 -0.672621
v -0.654943 -0.358613 -0.521022
v -0.66466 -0.353704 -0.337798
v -0.66518 -0.345375 -0.175368
v -0.649796 -0.368088 0.00569459
v -0.671467 -0.348525 0.172474
v -0.663911 -0.355538 0.320746
v -0.68322 -0.350034 0.516567
v -0.677108 -0.36435 0.643058
v -0.660552 -0.345355 0.84484
v -0.65044 -0.172475 -0.85034
v -0.67199 -0.167243 -0.669058
v -0.653814 -0.177288 -0.49833
v -0.654286 -0.15872 -0.333403
v -0.661895 -0.15405 0.161786
v -0.66866 -0.149691 0.330888
v -0.693942 -0.180364 0.534617
v -0.664201 -0.183982 0.686093
v -0.649323 0.606934 -0.519837
v -0.664351 0.00157266 -0.86103
v -0.659614 0.0154066 -0.62772
v -0.0225075 -0.0416057 -0.0126327
v -0.661512 -0.0371746 -0.180974
v 0.999999 0.751401 1
v -0.67079 0.171993 -0.839202
v -0.666413 0.17241 -0.668431
v -0.661468 0.161513 -0.509195
v -0.659583 0.160697 -0.333663
v 0.84924 -0.839769 -0.738862
v -0.645496 0.14713 -0.000561789
v -0.68118 0.153458 0.16319
v -0.648906 0.158198 0.338184
v 0.823091 -0.848885 -0.878394
v -0.653755 0.167362 0.669392
v -0.678746 0.350234 -0.844036
v -0.639304 0.353864 -0.525051
v -0.649871 0.321966 -0.183763
v -0.683203 0.315934 -0.00612056
v -0.663267 0.352337 0.159857
v -0.632844 0.34621 0.667639
v -0.627101 -0.794703 1
v -0.669451 0.500632 -0.816718
v -0.133417 -0.16237 -0.862074
v -0.332046 -0.298186 0.857011
v -0.659921 0.463399 0.328502
v -0.634295 0.495082 0.84293
v -0.658601 0.685203 -0.855335
v -0.66523 0.665057 -0.653538
v -0.00341437 0.169906 0.655802
v -0.64611 0.673745 -0.35464
v -0.66951 0.643493 -0.179876
v -0.654632 0.674254 0.0173541
v -0.676761 0.674599 0.147118
v -0.628481 0.652502 0.537385
v -0.691041 0.685606 0.857764
v 0.489957 0.00390396 0.666713
v -0.678141 0.834222 -0.836982
v -0.650688 0.844442 -0.663737
v -0.689669 0.841581 -0.49537
v -0.644582 0.866307 -0.32068
v -0.675937 0.843094 -0.149425
v -0.649489 0.854087 0.0140419
v -0.697377 0.861579 0.148865
v -0.668553 0.857782 0.309082
v -0.657155 0.857304 0.476734
v -0.659423 0.868069 0.651264
v -0.657516 0.840181 0.842372
v -0.496638 0.180876 0.499872
v -0.315897 0.178263 -0.660212
v -0.511268 -0.869199 -0.850318
v -0.518802 -0.828111 -0.65463
v -0.511437 -0.835999 -0.498403
v -0.533 -0.831204 -0.324087
v -0.519189 -0.817199 -0.173539
v -0.525955 -0.818648 0.0142835
v -0.520902 -0.843268 0.166241
v -0.48153 -0.846251 0.353678
v -0.522426 -0.85992 0.500347
v -0.349014 -0.0142778 -0.5181
v -0.524326 -0.869792 0.857809
v -0.499677 -0.666763 -0.844013
v -0.51039 -0.641516 -0.67293
v -0.508277 -0.635998 -0.502073
v -0.492824 -0.65607 -0.350006
v -0.510794 -0.637375 -0.159936
v -0.511949 -0.636167 -0.00662202
v -0.525052 -0.667921 0.475347
v -0.508801 -0.682838 0.664901
v -0.492671 -0.680831 0.862992
v -0.493377 -0.501109 -0.837045
v -0.496883 -0.492087 -0.504466
v -0.506991 -0.495461 -0.334739
v -0.49406 -0.495919 -0.176259
v -0.496333 -0.473213 -0.00340742
v -0.506747 -0.523221 0.173501
v -0.492147 -0.475959 0.331465
v -0.502881 -0.327501 -0.677804
v -0.511644 -0.32197 -0.506896
v -0.499954 -0.312459 -0.324441
v -0.499547 -0.332585 -0.155763
v 0.00846165 -0.206431 -0.645039
v -0.52337 -0.355651 0.14813
v -0.510014 -0.323738 0.332369
v -0.507293 -0.348345 0.518364
v -0.146115 -0.00170801 0.310264
v -0.486896 -0.127788 -0.65071
v -0.5108 -0.127288 -0.486382
v -0.493906 -0.176727 0.65077
v -0.489502 0.00518657 -0.859242
v -0.50987 0.00455291 -0.331055
v -0.514486 0.00907442 0.0223992
v -0.519071 0.00297805 0.330127
v -0.509341 0.00652916 0.801485
v -0.488237 0.145487 -0.681254
v -0.504144 0.180157 -0.512094
v -0.480469 0.155524 -0.188857
v -0.493968 0.179968 -0.034536
v -0.506097 0.189227 0.156164
v -0.492744 0.1723 0.837086
v -0.502802 -0.5838 1
v 0.335201 0.421804 1
v -0.0042445 0.0975733 1
v -0.8757 -0.308202 1
v -0.364284 0.204144 -0.916688
v -0.505601 0.314901 0.32808
v -0.482864 0.358648 0.518071
v -0.508743 0.351352 0.821626
v -0.50262 0.478782 -0.855372
v -0.512017 0.489144 -0.346969
v -0.516344 0.518048 -0.164139
v -0.50392 0.485471 -0.0107428
v -0.492827 0.462173 0.169725
v -0.495174 0.502056 0.354569
v -0.494501 0.507155 0.642068
v -0.491284 0.665335 -0.842576
v -0.499639 0.630341 -0.673124
v -0.506261 0.653552 -0.514213
v -0.495122 0.650558 -0.335896
v -0.511327 0.695959 -0.150665
v -0.481316 0.672281 0.0156645
v -0.503967 0.652522 0.170456
v -0.503414 0.695256 0.648071
v -0.508432 0.683369 0.878454
v -0.495283 0.817085 -0.866585
v -0.484724 0.875168 -0.690536
v -0.498197 0.828591 -0.48955
v -0.477981 0.843689 -0.356186
v -0.4883 0.860297 -0.17342
v -0.504103 0.833284 -0.00798867
v -0.529669 0.810076 0.142296
v -0.492417 0.822165 0.334078
v -0.505329 0.838473 0.508361
v -0.490432 0.848404 0.648299
v -0.4871 0.872243 0.854078
v -0.359179 0.31186 -1
v -0.917789 -0.281652 0.899731
v -0.123136 -0.222516 0.904647
v -0.780113 -0.914549 0.620877
v 0.402645 0.450771 0.833093
v -0.35526 -0.854612 -0.868003
v -0.323029 -0.854362 -0.686313
v -0.328243 -0.847327 -0.504418
v -0.330426 -0.853696 -0.335881
v -0.334668 -0.840442 -0.160473
v -0.341093 -0.83752 -0.0146518
v -0.351216 -0.862918 0.16725
v -0.326092 -0.848294 0.326272
v -0.37688 -0.842595 0.493833
v -0.335025 -0.813638 0.655306
v -0.335695 -0.82353 0.831708
v 0.256379 0.476578 0.852826
v -0.333076 -0.662727 -0.868719
v -0.299291 -0.669913 -0.639922
v -0.301147 -0.70071 -0.473162
v -0.302247 -0.709875 -0.294272
v -0.3378 -0.67675 -0.179156
v -0.339735 -0.654392 0.0175747
v -0.31722 -0.697227 0.1887
v -0.31361 -0.6742 0.37566
v -0.328634 -0.685654 0.531328
v 0.12877 0.44345 0.844594
v 0.0765838 0.647026 0.826688
v -0.269261 -0.181202 0.809057
v -0.41478 -0.368331 0.810973
v -0.349373 -0.465146 -0.7013
v -0.326763 -0.534325 -0.509445
v -0.337834 -0.49738 -0.321346
v -0.352452 -0.495679 -0.153396
v 1 -0.814961 -0.764341
v -0.350383 -0.501822 0.155528
v -0.321729 -0.497737 0.314225
v -0.341352 -0.474193 0.499375
v -0.328624 -0.481922 0.687918
v 0.05715 0.107694 -1
v -0.773574 -0.209595 1
v 1 -0.820898 -0.892616
v -0.35327 -0.314102 -0.858356
v -0.312499 -0.314846 -0.671737
v -0.330473 -0.31508 -0.501099
v -0.690136 -0.842315 0.890368
v -0.349495 -0.33297 0.174431
v 0.765132 -0.803549 -1
v 0.896214 -0.800786 -1
v -0.249644 -0.265503 1
v 1 0.378503 -0.627101
v -0.323307 -0.145318 -0.690315
v -0.3757 -0.419002 1
v -0.316298 -0.177954 -0.335169
v -0.355809 -0.166803 -0.140016
v -0.108416 -0.0923219 -1
v -0.284751 -0.0270103 -0.847118
v -0.309663 -0.148588 0.327309
v -0.349632 -0.178185 0.499209
v 0.672999 0.653133 0.841146
v -0.685632 -0.488047 0.863978
v 0.215177 -0.246654 -1
v 0.375732 -0.478113 -1
v -0.363218 0.126297 -0.810806
v -0.18994 -0.678409 0.835656
v -0.341832 -0.0215001 -0.020729
v -0.353451 0.00382003 0.215604
v -0.724657 -0.705492 0.867167
v 0.671448 1 -0.706922
v -0.307935 0.00248149 0.838223
v 0.731252 0.517043 1
v 0.819347 0.862824 0.652809
v 0.825649 -1 -0.518965
v -0.357083 0.149822 -0.354768
v -0.3263 0.163542 -0.178742
v -0.319352 0.16684 -0.0128615
v -0.732233 -1 0.321865
v -0.312202 0.138255 0.347562
v -0.350746 0.168027 0.673626
v -0.314875 0.164313 0.874477
v 0.999999 0.641229 0.851802
v 1 0.825077 -0.24728
v -0.33646 0.351155 -0.825609
v -0.355006 0.329997 -0.499438
v -0.835201 0.375701 -1
v 0.610406 1 -0.866525
v -0.316324 0.329159 0.125714
v -0.3183 0.325638 0.373701
v -0.339553 0.339999 0.823255
v -0.312049 0.523681 -0.833173
v -0.337439 0.464841 -0.663934
v -0.306337 0.516724 -0.52288
v -0.353747 0.50778 -0.345786
v -0.336598 0.517728 -0.179367
v -0.363665 0.538047 0.00148044
v -0.31964 0.508269 0.169189
v -0.332543 0.4956 0.488641
v 0.297397 -1 -0.884279
v -0.343121 0.504926 0.872601
v -0.336511 0.693293 -0.820907
v -0.339911 0.634333 -0.656406
v -0.358397 0.647224 -0.477302
v -0.34741 0.662912 -0.328863
v -0.349345 0.660998 -0.163615
v -0.309065 0.672173 -0.0162705
v 1 0.0136082 0.837818
v -0.347237 0.661029 0.672859
v -0.334601 0.664658 0.837297
v -0.361982 0.850345 -0.854341
v -0.346037 0.829307 -0.694119
v -0.32458 0.835894 -0.497764
v -0.3078 0.828911 -0.344577
v -0.312214 0.827144 -0.182963
v -0.316747 0.826114 -0.00506903
v -0.339249 0.850783 0.172316
v -0.32 0.820324 0.331457
v -0.349077 0.824852 0.50715
v -0.338183 0.83676 0.690493
v -0.328321 0.854584 0.867467
v -0.513642 0.241942 -0.870614
v -0.00957234 -0.373721 -0.870239
v -0.426559 -0.18189 -0.837681
v 0.886959 -1 -0.831487
v 0.284983 -0.399437 -0.818627
v -0.162596 -0.876164 -0.846222
v -0.15927 -0.838095 -0.699073
v -0.198681 -0.83762 -0.532221
v -0.187918 -0.8448 -0.355946
v -0.1945 -0.834234 -0.181222
v -0.191514 -0.857484 -0.03116
v -0.192084 -0.839511 0.311529
v -0.208855 -0.83205 0.513021
v -0.203857 -0.856599 0.704897
v -0.16151 -0.843877 0.871439
v -0.164603 -0.653748 -0.856566
v -0.159448 -0.671405 -0.69617
v -0.189212 -0.636568 -0.375051
v -0.166205 -0.643994 -0.183918
v -0.179811 -0.653166 0.00435348
v -0.171069 -0.64701 0.152706
v -0.202228 -0.648813 0.488223
v 0.476131 -0.464455 -0.831581
v -0.160606 -0.501527 -0.688392
v -0.158006 -0.485573 -0.50886
v -0.83268 0.663807 0.121246
v -0.168487 -0.475659 -0.166806
v -0.157382 -0.495768 -0.0013666
v -0.151691 -0.498397 0.168109
v -0.187511 -0.501633 0.337209
v -0.154246 -0.504862 0.504876
v -0.821307 0.680961 -0.0245992
v -0.187234 -0.467458 0.815068
v -0.829419 0.62525 -0.839708
v -0.184532 -0.314004 -0.812699
v 0.635206 0.396658 0.810066
v 0.157907 0.703092 0.835675
v -0.176221 -0.349625 -0.326734
v -0.162756 -0.306507 -0.194044
v -0.185815 -0.33818 -0.0204714
v -0.161742 -0.321594 0.168885
v -0.150828 -0.339056 0.335716
v 0.820719 0.411165 1
v -0.180959 -0.330734 0.687887
v -0.668222 0.0374978 0.844189
v -0.126785 -0.19169 -0.691302
v -0.18118 -0.185423 -0.488132
v -0.141049 -0.131982 -0.347935
v -0.146832 -0.138586 -0.207701
v -0.1686 -0.153931 0.162434
v 0.167601 0.794702 1
v -0.189505 -0.153545 0.51705
v 0.57757 0.0799604 0.6739
v 0.239196 0.0894488 0.678198
v 0.225146 -0.229977 0.686549
v -0.125791 -0.714596 0.641677
v -0.160055 0.0203226 -0.680894
v 0.253818 -0.259419 -0.346311
v -0.5293 0.276946 -0.348001
v -0.171135 0.0155733 -0.142734
v -0.149861 0.0249016 -0.00411748
v 0.265519 -0.572371 -0.158866
v 0.0983926 0.0974478 -0.169596
v -0.58975 0.0890178 -0.193343
v -0.578336 0.0576231 0.508607
v 0.0942386 -0.414706 -0.17924
v -0.187405 0.146777 -0.845956
v -0.187827 0.170877 -0.546405
v -0.166259 0.144687 -0.349294
v 0.560386 -0.0659257 0.504036
v -0.163846 0.161309 0.156906
v -0.147439 0.168802 0.356098
v -0.581744 -0.216103 -0.00786385
v -0.263283 0.716631 0.210329
v -0.17783 0.164268 0.830053
v -0.590317 0.0630074 0.156349
v -0.174654 0.365802 -0.834764
v -0.183041 0.314103 -0.685713
v -0.190101 0.367802 -0.515738
v -0.178283 0.361186 -0.326693
v -0.171361 0.334917 -0.169711
v -0.152289 0.338458 -0.0106763
v -0.166657 0.379672 0.1627
v 0.525857 -0.772498 -0.688845
v -0.185646 0.330076 0.495657
v -0.182562 0.331831 0.851174
v 0.0715344 -0.411322 0.15726
v -0.161044 0.517044 -0.861369
v -0.202952 0.501434 -0.696492
v -0.151233 0.498601 -0.506059
v -0.159064 0.507042 -0.34342
v -0.172988 0.492401 -0.16115
v 0.463755 -0.543254 -0.51064
v 0.0857234 -0.0982608 0.00131164
v -0.167558 0.487354 0.657341
v -0.171924 0.503234 0.851456
v -0.182154 0.654834 -0.855644
v -0.150365 0.677518 -0.68493
v -0.161631 0.660789 -0.511903
v -0.174918 0.664274 -0.332108
v -0.188951 0.69606 -0.135411
v -0.149468 0.647791 -0.00413599
v -0.427824 -0.401651 -0.00301246
v -0.176491 0.662211 0.328917
v -0.164653 0.628442 0.493249
v -0.16624 0.713619 0.664573
v -0.170514 0.673313 0.850326
v -0.245146 0.444052 0.322641
v -0.178673 0.817078 -0.837966
v -0.169431 0.837593 -0.665017
v -0.171158 0.852402 -0.504159
v -0.171313 0.851092 -0.308582
v -0.139976 0.822911 -0.194443
v -0.170446 0.847398 -0.0187073
v -0.169669 0.851379 0.164415
v -0.175688 0.851019 0.324012
v -0.153978 0.822873 0.519757
v -0.167411 0.864911 0.661437
v -0.165282 0.844723 0.864161
v 0.204377 0.218558 0.602466
v -0.247002 0.145727 0.0748318
v -0.000754331 -0.856102 -0.863349
v 0.0271645 -0.860207 -0.683061
v -0.00864188 -0.85936 -0.509224
v -0.00507369 -0.856228 -0.359509
v 0.0109049 -0.861133 -0.157117
v -0.00467389 -0.855913 -0.0207697
v 0.0199468 -0.855793 0.172789
v 0.0223227 -0.845077 0.34749
v -0.0111007 -0.818889 0.528605
v -0.0467665 -0.857924 0.667219
v 0.0241655 -0.84951 0.846391
v 0.00636928 -0.677616 -0.858525
v -0.023025 -0.666542 -0.671624
v 0.0148041 -0.689619 -0.479034
v -0.015223 -0.681219 -0.338163
v 0.0251122 -0.69334 -0.138368
v 0.00317313 -0.672909 -0.00407445
v -0.0230652 -0.660769 0.157074
v 0.0298349 -0.642932 0.34943
v 0.0220843 -0.681879 0.679158
v 0.00692723 -0.667214 0.842846
v 0.0803299 0.196166 0.0907443
v -0.000521264 -0.476043 -0.668188
v 0.0277682 -0.512616 -0.490788
v -0.00123693 -0.542504 -0.305659
v 0.00167489 -0.512643 -0.169333
v -0.00428322 -0.506715 0.0244151
v -0.00985564 -0.497198 0.179343
v -0.0575293 0.641667 0.741632
v -0.00869017 -0.500133 0.488251
v 0.0179964 -0.50813 0.856523
v -0.638356 -0.544874 0.744681
v 0.000994475 -0.330991 -0.533453
v 0.0255498 -0.325018 -0.335791
v -0.722605 0.611671 -0.748365
v 0.00548759 -0.330341 -0.0105314
v -0.381731 0.662914 0.257155
v 0.0278858 -0.339354 0.344855
v -0.419574 0.18309 0.247159
v -1.64484e-05 -0.309435 0.687802
v -0.000599919 -0.321886 0.851714
v -0.746753 -0.676673 0.750423
v 0.0108271 -0.152298 -0.498385
v -0.0184278 -0.172867 -0.304433
v -0.720347 -0.669802 0.619652
v -0.501513 -0.423201 0.717628
v 0.0035924 -0.168269 0.505306
v -0.0865913 0.216035 -0.744638
v -0.0161758 0.0782555 0.801203
v -0.0056938 0.00851155 -0.837788
v -0.0860079 0.1953 -0.0875756
v -0.00315703 -0.0223006 -0.378306
v -0.0164408 0.00144507 -0.166005
v -0.231868 0.0126336 -0.304174
v -0.0133415 -0.0146496 0.154963
v -0.00287738 -0.00805797 0.338739
v -0.237718 -0.348655 -0.415301
v 0.569473 -0.652421 -0.57749
v -0.418249 -0.347631 0.57722
v 0.0253938 0.192758 -0.869649
v -0.00385772 0.156261 -0.650517
v -0.00138122 0.135943 -0.493745
v 0.0267425 0.164346 -0.30055
v 0.00801419 0.105321 -0.00487488
v 0.257315 -0.696306 -0.0851973
v 0.0655207 -0.186047 0.757457
v -0.0270884 0.170055 0.496259
v 0.0729517 -0.525783 0.252776
v 0.00130563 0.355476 -0.842641
v 0.0117273 0.330561 -0.654395
v 0.00103967 0.314589 -0.493722
v -0.00643523 0.333804 -0.339798
v -0.00758946 0.349827 -0.166558
v 0.754778 0.311222 0.588508
v -0.00070904 0.359466 0.17755
v -0.0119554 0.327742 0.34667
v 0.254453 0.341639 0.571774
v 0.0168875 0.34693 0.665687
v 0.0284073 0.504391 -0.848858
v -0.00944376 0.491372 -0.677598
v 0.00786045 0.496773 -0.503621
v -0.000698787 0.524609 -0.318052
v 0.0632618 0.483522 -0.21998
v 0.00112382 0.502531 0.825559
v -0.0254424 0.68075 -0.851223
v 0.000213138 0.677191 -0.684212
v -0.00610684 0.667221 -0.514042
v -0.0137236 0.655042 -0.173467
v -0.00783463 0.653586 0.00995839
v 0.0172688 0.660579 0.177935
v -0.0181923 0.670226 0.333924
v -0.0140676 0.642877 0.515768
v -0.0218267 0.847688 -0.825677
v 0.0136701 0.826456 -0.658447
v 0.015041 0.8481 -0.511576
v -0.0113845 0.837983 -0.322356
v 0.00709331 0.851343 -0.164867
v 0.00261289 0.854202 0.00246693
v 0.00113782 0.859987 0.175693
v -0.00821637 0.856624 0.335366
v 0.0130223 0.866697 0.501421
v 0.0055004 0.822499 0.660229
v -0.214408 -0.177043 -0.599726
v 0.0824823 -0.0408724 -0.0941456
v 0.111388 -0.157955 -0.773125
v 0.0987129 0.0239024 -0.601794
v 0.178145 -0.857039 -0.864144
v 0.178593 -0.839467 -0.695874
v 0.160146 -0.841408 -0.542722
v 0.12696 -0.834388 -0.356087
v 0.178913 -0.835636 -0.196591
v 0.135555 -0.830098 -0.0237575
v 0.184657 -0.841435 0.136377
v 0.164661 -0.87628 0.333117
v 0.162677 -0.848137 0.514134
v 0.130499 -0.839185 0.674431
v 0.185637 -0.818019 0.865366
v -0.0918725 0.30956 0.592365
v 0.1735 -0.658343 -0.852554
v 0.163209 -0.684486 -0.669944
v 0.19583 -0.696919 -0.471151
v 0.158909 -0.651379 -0.194949
v 0.145221 -0.677605 -0.00391498
v 0.171855 -0.667424 0.159511
v 0.181889 -0.693544 0.33283
v 0.171405 -0.67266 0.497378
v 0.179633 -0.682083 0.676977
v 0.160438 -0.666987 0.843219
v -0.441679 0.37447 -0.245246
v 0.180109 -0.508987 -0.682441
v 0.177788 -0.531464 -0.509576
v 0.187036 -0.507321 -0.34114
v 0.435028 -0.0165818 0.57417
v 0.168519 -0.474856 -0.000414309
v 0.496666 -0.0615757 0.79867
v 0.156143 -0.49897 0.337094
v 0.146346 -0.49081 0.487371
v 0.178114 -0.504856 0.666985
v 0.168845 -0.497769 0.842689
v -0.419434 -0.53698 0.433245
v 0.178061 -0.342237 -0.693844
v 0.160337 -0.348209 -0.480476
v 0.557313 -0.592885 -0.430032
v 0.0867717 -0.0235171 0.40318
v 0.141658 -0.343153 0.698046
v 0.131691 -0.181638 -0.346422
v 0.165901 -0.177623 -0.16601
v 0.167823 -0.154889 0.148473
v 0.171036 -0.162855 0.331343
v 0.180337 -0.171344 0.522136
v 0.512397 0.071155 0.410181
v 0.173876 -0.167357 0.850949
v -0.415231 -0.159723 0.261121
v 0.187096 -0.0150416 -0.832392
v -0.38956 -0.154694 0.0716386
v 0.166134 -0.00211904 -0.508101
v 0.153544 0.0315386 -0.335359
v 0.192695 0.0210237 0.0438894
v 0.443807 -0.644979 -0.770717
v 0.539512 -0.734186 -0.429285
v 0.16716 -0.0321326 0.673833
v 0.169044 -0.00056212 0.854429
v 0.170942 0.138107 -0.863597
v 0.168337 0.170766 -0.683101
v 0.164935 0.158187 -0.508757
v 0.123976 0.520125 0.0649443
v 0.184879 0.164763 0.189712
v 0.165754 0.167664 0.324662
v 0.169941 0.163126 0.505664
v 0.0648774 0.496631 0.245214
v 0.0524346 0.491798 0.415518
v -0.572589 0.308788 -0.772811
v 0.164234 0.324772 -0.86293
v 0.185154 0.344136 -0.670418
v 0.140555 0.356332 -0.522684
v 0.15117 0.338681 -0.343131
v 0.163837 0.348264 -0.168515
v 0.196724 0.351777 -0.00684361
v 0.175893 0.348489 0.160466
v 0.170872 0.351638 0.329941
v 0.139095 0.343083 0.503528
v 0.048746 0.496825 -0.0774053
v -0.594374 0.32072 0.251542
v -0.589968 0.521646 -0.552927
v 0.164941 0.480157 -0.84898
v 0.135103 0.506374 -0.670162
v 0.136477 0.511776 -0.509453
v -0.101423 0.511131 0.256323
v -0.0703578 0.532932 0.406932
v -0.084074 0.520301 -0.105535
v 0.162687 0.513909 0.680073
v -0.413082 0.53114 -0.756939
v 0.17247 0.660505 -0.860752
v 0.173061 0.685069 -0.664779
v 0.205753 0.645726 -0.495562
v 0.164714 0.656917 -0.163758
v 0.187466 0.70609 0.0127752
v 0.188741 0.621852 0.181575
v 0.163551 0.663342 0.343289
v 0.433901 -0.00232049 0.445239
v 0.142077 0.857719 -0.856767
v 0.16888 0.83814 -0.659725
v 0.170141 0.852957 -0.516681
v 0.167441 0.876022 -0.346865
v 0.198669 0.82673 -0.138582
v 0.171737 0.886602 0.00376973
v 0.171225 0.816184 0.18489
v 0.146606 0.868633 0.35803
v 0.179771 0.841748 0.508686
v 0.156097 0.829978 0.675112
v 0.188626 0.848092 0.865009
v 0.999999 0.869142 0.827063
v 0.346558 -0.843899 -0.833089
v 0.311637 -0.834709 -0.656272
v 0.287968 -0.828915 -0.499771
v 0.294324 -0.837368 -0.351278
v 0.311564 -0.829131 -0.168776
v 0.311484 -0.843708 0.00108025
v 0.337091 -0.860596 0.160913
v 0.329433 -0.851536 0.342192
v 0.31132 -0.838375 0.520251
v 0.3244 -0.843995 0.677735
v 0.335423 -0.86346 0.86134
v 0.343012 -0.615711 -0.852457
v 0.342461 -0.68838 -0.689318
v 0.337457 -0.656671 -0.499295
v 0.333472 -0.652561 -0.339277
v 0.321184 -0.637608 0.0276798
v 0.332513 -0.684521 0.182897
v 0.342472 -0.66382 0.328561
v 0.359051 -0.660233 0.501452
v 0.360692 -0.661645 0.668406
v 0.335298 -0.664536 0.865655
v 0.330934 -0.515541 -0.70246
v 0.777172 0.757076 0.827147
v 0.337427 -0.533533 0.15743
v 0.354282 -0.519747 0.31154
v 0.345525 -0.531899 0.477295
v 0.347287 -0.536004 0.643377
v 0.364533 -0.54016 0.813787
v 0.837785 -0.893593 -0.587039
v 0.335264 -0.333266 -0.469827
v 0.315746 -0.337908 -0.171041
v 0.318749 -0.362077 -0.0100313
v 0.324586 -0.334176 0.175234
v 0.337694 -0.317296 0.335544
v 0.338676 -0.316892 0.506497
v 0.55901 0.844623 0.911795
v 0.309082 -0.304616 0.838743
v -0.813134 0.902373 -0.911589
v 0.31528 -0.199696 -0.696589
v 0.346252 -0.147948 -0.494286
v 0.34639 -0.138492 -0.337935
v 0.350628 -0.156635 -0.172673
v 0.342795 -0.153057 -0.0180295
v 0.331902 -0.15213 0.63389
v 0.347878 -0.170836 0.865369
v 0.334507 0.00978856 -0.838638
v 0.342088 0.00755374 -0.672903
v 0.322009 0.00683696 -0.504448
v 0.303978 -0.0035417 0.166905
v 0.346092 -0.014862 0.363632
v 0.322114 0.034727 0.81679
v 0.342816 0.159922 -0.849053
v 0.354865 0.152034 -0.697814
v 0.356904 0.152363 -0.494927
v 0.345931 0.156396 -0.3357
v 0.339948 0.170111 -0.170663
v 0.327646 0.182106 -0.00806103
v 0.360978 0.171967 0.142553
v 0.325238 0.172738 0.351052
v 0.351598 0.16384 0.521767
v -1 0.5838 1
v 0.327773 0.314551 -0.863532
v 0.352693 0.325277 -0.688527
v 0.335256 0.320833 -0.531172
v 0.346607 0.329587 0.671078
v 0.313511 0.513186 -0.871182
v 0.327296 0.485047 -0.672279
v 0.330934 0.490526 -0.495158
v 0.326098 0.50148 -0.354956
v 0.328466 0.493982 -0.152732
v 0.321076 0.485293 -0.00441575
v 0.332556 0.482132 0.169151
v 0.326348 0.500358 0.310435
v 0.342009 0.66787 -0.869419
v 0.325819 0.676959 -0.664487
v 0.350741 0.677915 -0.338543
v 0.34085 0.669105 -0.174156
v 0.335435 0.66251 -0.010081
v 0.325583 0.663984 0.17006
v 0.326782 0.660196 0.50604
v 0.317124 0.650948 0.678409
v 0.347651 0.670587 0.854937
v 0.317079 0.839368 -0.825227
v 0.340095 0.854962 -0.657146
v 0.338365 0.832845 -0.530772
v 0.361007 0.834448 -0.367791
v 0.366144 0.830761 -0.207352
v 0.329354 0.856961 -0.0083881
v 0.354988 0.824766 0.129543
v 0.351342 0.829954 0.347587
v 0.357653 0.873195 0.479974
v 0.49778 -0.844878 -0.871966
v 0.508526 -0.856039 -0.503083
v 0.498707 -0.861344 -0.33278
v 0.515318 -0.84336 -0.188833
v 0.500244 -0.854112 -0.0277588
v 0.520769 -0.858241 0.182498
v 0.512436 -0.850115 0.349786
v 0.49752 -0.87768 0.501465
v 0.513414 -0.869506 0.679478
v 0.516669 -0.815456 0.848788
v 0.528973 -0.692552 -0.153061
v 0.500081 -0.681396 -0.0116772
v 0.483701 -0.66676 0.158699
v 0.490339 -0.65367 0.330327
v 0.487433 -0.657756 0.511939
v 0.512652 -0.656381 0.697828
v 0.499411 -0.670559 0.8703
v 0.500496 -0.522917 -0.673589
v 0.495014 -0.496811 -0.182508
v 0.46924 -0.509282 -0.00352506
v 0.527824 -0.51758 0.202079
v 0.489745 -0.514505 0.367725
v 0.515147 -0.523665 0.516899
v 0.486376 -0.492653 0.670123
v 0.503947 -0.495058 0.828676
v 0.499597 -0.337557 -0.680572
v 0.498403 -0.360751 -0.487471
v 0.476254 -0.348737 -0.332396
v 0.476246 -0.321454 -0.196434
v 0.489288 -0.322985 0.0254646
v 0.500558 -0.326585 0.176015
v 0.5013 -0.342775 0.328935
v 0.5105 -0.335646 0.488197
v 0.512334 -0.352903 0.664177
v 0.497744 -0.319192 0.840912
v 0.514496 -0.180286 -0.843781
v 0.522067 -0.200948 -0.677038
v 0.506328 -0.183739 -0.493925
v 0.503431 -0.191893 -0.32086
v 0.490879 -0.150674 -0.163185
v 0.513645 -0.172074 0.00828187
v 0.503083 -0.163543 0.158884
v 0.489631 -0.164696 0.328148
v 0.487318 -0.179012 0.500305
v 0.491743 -0.16852 0.663339
v 0.488673 -0.185747 0.875105
v 0.476645 -9.76178e-05 -0.847512
v 0.490582 0.00186825 -0.679211
v 0.475775 0.0128035 -0.515374
v 0.478563 0.000819743 -0.331705
v 0.487462 -0.00565649 -0.183592
v 0.491892 0.00491626 0.0111272
v 0.486237 -0.00291721 0.184939
v 0.506063 -0.00659044 0.326496
v 0.492316 0.162295 -0.841635
v 0.480608 0.166875 -0.645392
v 0.487786 0.184211 -0.494654
v 0.511255 0.167672 -0.330603
v 0.497066 0.156917 -0.169229
v 0.494462 0.167625 0.00396132
v 0.522247 0.142396 0.169269
v 0.503306 0.17258 0.830445
v 0.492156 0.325614 -0.837423
v 0.501984 0.33745 -0.661754
v 0.491261 0.336679 -0.496528
v 0.481932 0.336953 -0.329112
v 0.490472 0.334126 -0.173179
v 0.488002 0.340402 0.00306941
v 0.483823 0.310932 0.15776
v 0.477915 0.347145 0.340913
v 0.504272 0.337241 0.480986
v 0.496338 0.33172 0.69691
v 0.454379 0.862203 0.923069
v 0.485138 0.513713 -0.855497
v 0.482838 0.525188 -0.667295
v 0.496755 0.487679 -0.500159
v 0.495753 0.494044 -0.364754
v 0.47902 0.495281 -0.198905
v 0.509362 0.506162 0.00962885
v 0.507373 0.482 0.155514
v 0.512353 0.494184 0.311933
v 0.501658 0.497989 0.500869
v 0.49562 0.514505 0.693272
v -0.83553 0.728739 0.926792
v 0.494364 0.664506 -0.844129
v 0.500292 0.700382 -0.693216
v 0.473758 0.654982 -0.499484
v 0.476175 0.659365 -0.322238
v 0.496608 0.658137 -0.170671
v 0.46318 0.686545 0.012115
v 0.482425 0.663337 0.175127
v 0.465113 0.662529 0.355785
v 0.495946 0.694218 0.507746
v 0.526194 0.685237 0.825735
v 0.490503 0.831845 -0.827861
v 0.518361 0.842955 -0.675778
v 0.495569 0.850731 -0.515845
v 0.525008 0.81426 -0.302802
v 0.495746 0.830927 -0.14756
v 0.511108 0.865028 0.0210015
v 0.481816 0.843579 0.162133
v 0.50754 0.852876 0.326915
v 0.523358 0.843933 0.491094
v 0.520358 0.856093 0.652205
v -0.354764 0.45274 -0.932373
v -0.896306 0.699936 -0.503477
v -0.508594 -0.862621 0.642762
v -0.88535 -0.340111 0.787233
v 0.934374 0.336225 -0.276837
v 0.931283 0.00139055 0.564499
v 0.00268305 0.209734 0.878705
v 0.366837 0.183878 0.889827
v 0.669489 -0.840066 -0.50172
v 0.657335 -0.853918 -0.333621
v 0.662414 -0.845868 -0.175953
v 0.643683 -0.8271 -0.0132854
v 0.671857 -0.859012 0.170199
v 0.66602 -0.843401 0.334244
v 0.632064 -0.831492 0.503456
v 0.671624 -0.826055 0.646961
v 0.655394 -0.850615 0.834812
v 0.672924 -0.690288 -0.837433
v 0.653225 -0.694306 -0.326367
v 0.667682 -0.67851 -0.164934
v 0.650019 -0.662023 0.00073172
v 0.689705 -0.711224 0.153645
v 0.688255 -0.681951 0.308634
v 0.671235 -0.672886 0.507501
v 0.671242 -0.669689 0.671604
v 0.634012 -0.655365 0.853879
v 0.667992 -0.496213 -0.828341
v 0.65595 -0.509918 -0.673458
v 0.636069 -0.495823 -0.500227
v 0.661554 -0.523751 -0.330505
v 0.679983 -0.529397 -0.158715
v 0.661683 -0.504274 -0.00949647
v 0.68059 -0.513185 0.16687
v 0.643473 -0.490075 0.313599
v 0.673536 -0.503421 0.512766
v 0.667995 -0.503199 0.663194
v 0.660781 -0.483601 0.843462
v 0.663271 -0.335016 -0.857069
v 0.67347 -0.33933 -0.677307
v 0.657618 -0.345467 -0.510046
v 0.678135 -0.320355 -0.323643
v 0.652927 -0.337848 -0.171269
v 0.66838 -0.349178 0.00502903
v 0.674109 -0.359191 0.177353
v 0.639004 -0.341705 0.356113
v 0.69316 -0.339109 0.500967
v 0.678144 -0.338932 0.680125
v 0.661236 -0.325307 0.868663
v 0.687006 -0.163547 -0.853176
v 0.675942 -0.170392 -0.656331
v 0.667612 -0.166918 -0.507383
v 0.659416 -0.150219 -0.340333
v 0.671681 -0.154024 -0.171656
v 0.666671 -0.136615 -0.000550699
v 0.682952 -0.1518 0.188642
v 0.64659 -0.169328 0.329696
v 0.663251 -0.14556 0.671717
v 0.641531 -0.183269 0.814391
v 0.681519 0.010319 -0.836745
v 0.677768 -0.00886767 -0.663078
v 0.653034 2.5125e-05 -0.508027
v 0.650759 -0.003852 -0.324914
v 0.673405 -0.0204194 -0.155567
v 0.674408 0.00591623 -0.0172133
v 0.674003 0.0130679 0.18332
v 0.663669 0.00363824 0.353101
v 0.67894 -0.0116325 0.514212
v 0.912196 0.172295 -0.363555
v 0.65751 0.00747589 0.845488
v 0.659084 0.17528 -0.863026
v 0.710304 0.154684 -0.652975
v 0.665331 0.160051 -0.506429
v 0.674876 0.171445 -0.325181
v 0.687968 0.144215 -0.164354
v 0.668728 0.151951 -0.00701317
v 0.671529 0.172951 0.154494
v 0.626047 0.192271 0.342151
v 0.664474 0.148305 0.475302
v 0.693579 0.157577 0.667938
v 0.697903 0.210465 0.846119
v 0.677968 0.337249 -0.857227
v 0.663103 0.331758 -0.679734
v 0.67533 0.320013 -0.506218
v 0.683683 0.341193 -0.338808
v 0.671084 0.350771 -0.17876
v 0.656603 0.343782 -0.010552
v 0.700205 0.303007 0.196885
v 0.666082 0.344534 0.337021
v 0.675433 0.349296 0.499063
v 0.660073 0.524082 -0.852634
v 0.68102 0.483046 -0.675784
v 0.630282 0.516555 -0.519486
v 0.678454 0.497426 -0.324161
v 0.682734 0.503619 -0.17616
v 0.659628 0.49556 0.00462107
v 0.676508 0.485986 0.194062
v 0.677617 0.5211 0.338314
v 0.650873 0.533078 0.492831
v 0.672049 0.497521 0.674439
v -0.894912 0.498572 -0.310595
v 0.663892 0.664498 -0.850807
v 0.675904 0.67953 -0.672709
v 0.669193 0.648127 -0.49092
v 0.678475 0.661259 -0.334447
v 0.658181 0.699293 -0.183792
v 0.651239 0.685638 0.0150868
v 0.662576 0.67295 0.189911
v 0.659502 0.667766 0.530105
v 0.673421 0.660024 0.677369
v 0.664125 0.832485 -0.828477
v 0.673537 0.842506 -0.505383
v 0.666236 0.864882 -0.34243
v 0.666168 0.872618 -0.1937
v 0.679332 0.874864 -0.00854908
v 0.636959 0.843611 0.157807
v 0.661788 0.861244 0.328236
v 0.685562 0.834837 0.49406
v 0.674442 0.829011 0.705705
v -0.0802971 -0.510684 -0.843905
v -0.0496064 0.371123 0.856483
v -0.421096 -0.119781 0.855349
v 0.0545118 -0.474282 -0.839105
v -0.267988 -0.473375 -0.863465
v 0.881997 -0.822713 -0.480341
v 0.854703 -0.831201 -0.321746
v 0.834745 -0.813656 -0.141823
v 0.826764 -0.815772 0.0297067
v 0.842041 -0.817197 0.198703
v 0.848683 -0.864998 0.345274
v 0.822715 -0.85736 0.510072
v 0.843341 -0.844097 0.681259
v 0.833293 -0.866578 0.836594
v 0.862548 -0.679474 -0.858581
v 0.832739 -0.662998 -0.685882
v 0.846352 -0.667922 -0.520579
v 0.851552 -0.67862 -0.36195
v 0.847837 -0.661963 -0.185849
v 0.84463 -0.664269 -0.00870907
v 0.817286 -0.63489 0.157967
v 0.834289 -0.653255 0.330218
v 0.859961 -0.671103 0.489611
v 0.87114 -0.681898 0.663563
v 0.842413 -0.65728 0.840238
v 0.823535 -0.502119 -0.839312
v 0.836048 -0.520469 -0.692984
v 0.83827 -0.514963 -0.34353
v 0.841636 -0.512099 -0.173683
v 0.829401 -0.526076 -0.00607278
v 0.84881 -0.491805 0.15176
v 0.869237 -0.494154 0.304591
v 0.840816 -0.513778 0.495043
v 0.850954 -0.554784 0.654975
v 0.850207 -0.476998 0.847587
v 0.122023 -0.308968 -0.862377
v 0.84287 -0.319289 -0.85162
v 0.843942 -0.333228 -0.356531
v 0.821118 -0.310252 -0.185795
v 0.854812 -0.330532 0.0124991
v 0.844445 -0.343063 0.160143
v 0.835846 -0.31711 0.341664
v 0.845606 -0.303596 0.504332
v 0.835721 -0.359982 0.667936
v 0.864475 -0.325601 0.848172
v 0.861367 -0.148964 -0.868701
v 0.830416 -0.202689 -0.696704
v 0.84269 -0.151358 -0.512029
v 0.853409 -0.173355 -0.342347
v 0.842346 -0.145054 -0.188515
v 0.808335 -0.15691 -0.041538
v 0.839797 -0.184039 0.160459
v 0.824158 -0.17744 0.34147
v 0.839192 -0.151164 0.495805
v 0.818848 -0.17525 0.656141
v 0.83057 -0.19203 0.855993
v 0.857198 -0.0262178 -0.830622
v 0.841916 -0.00561347 -0.693418
v 0.813145 0.0197685 -0.527781
v 0.845599 0.0186861 -0.340179
v 0.859202 0.00228783 -0.174009
v 0.832163 0.00326487 -0.00627933
v 0.869049 -0.00621578 0.160702
v 0.868764 -0.00134579 0.321812
v 0.832329 0.00763037 0.512648
v 0.836742 0.00465279 0.828855
v 0.831265 0.147874 -0.855669
v 0.850323 0.197734 -0.50525
v 0.40538 -0.277745 -0.829923
v 0.857811 0.184467 -0.160273
v 0.842587 0.167685 0.0102714
v 0.863817 0.152043 0.178473
v 0.818494 0.155979 0.336138
v 0.851233 0.159732 0.516854
v 0.695263 -0.865262 -0.745628
v 0.843878 0.354272 -0.84911
v 0.848218 0.317743 -0.666891
v 0.833237 0.311409 -0.338416
v 0.833331 0.346856 -0.198727
v 0.828103 0.343057 -0.00854095
v 0.830663 0.349185 0.141683
v 0.849667 0.361209 0.322399
v 0.605674 -0.888772 -0.810318
v 0.838097 0.365015 0.663147
v 0.849762 0.336321 0.820854
v 0.855369 0.532126 -0.850166
v 0.849089 0.478043 -0.535132
v 0.846013 0.51431 -0.332342
v 0.85304 0.493605 -0.167665
v 0.835317 0.499167 -0.0134249
v 0.846799 0.499169 0.172022
v 0.262779 0.281919 0.845654
v 0.832471 0.467472 0.497834
v 0.0849242 0.306526 0.834221
v 0.815244 0.518288 0.83904
v 0.860556 0.705494 -0.830227
v 0.855249 0.668709 -0.669967
v 0.842181 0.652278 -0.514433
v 0.838983 0.680433 -0.338356
v 0.842599 0.657219 -0.176472
v 0.847123 0.677703 -0.0111638
v 0.401269 0.309997 0.867025
v 0.815786 0.679751 0.343036
v 0.839659 0.637319 0.510882
v 0.839617 0.690611 0.689151
v 0.222384 0.609619 0.838086
v 0.0871474 0.807034 0.813858
v 0.250207 -0.381044 0.834269
v 0.849457 0.85861 -0.857185
v 0.847482 0.838524 -0.679109
v 0.875421 0.842794 -0.517806
v 0.875542 0.829118 -0.325193
v 0.864842 0.83915 -0.165217
v 0.863413 0.853151 -0.0102345
v 0.855804 0.851077 0.147213
v 0.856593 0.833301 0.334371
v 0.869366 0.845966 0.510092
v -0.884989 -0.834954 0.466826
v -1 0.541439 0.872706
v -0.58672 -0.334395 0.670894
v -0.175497 0.310866 0.685769
v -0.174493 -0.57337 0.675653
v 0.754817 0.00672606 0.671292
v 0.346972 0.0905381 0.681909
v -0.129769 0.174143 0.63969
v -0.310784 0.389658 0.6487
v 0.480288 0.685896 0.675628
v 0.46974 0.166521 0.652245
v -0.00991207 -0.26269 -0.173112
v -0.344087 0.286428 0.514081
v -0.256007 0.175622 0.482638
v 0.310555 0.458516 0.516574
v -1 0.0443095 -0.43389
v -0.311016 -0.273273 -0.0285258
v 0.0335655 0.337653 0.00383055
v 0.673252 -0.748297 -0.6774
v -0.684866 -0.0920152 0.000400039
v -0.313365 -0.394634 -0.00561187
v -0.0136209 -0.0844656 -0.676961
v 0.4671 0.148925 0.326199
v -0.251401 0.0866028 1
v -0.335201 0.00280248 1
v -0.0023366 0.287478 1
v 0.823123 0.147937 -0.280931
v 0.836324 0.18624 0.74413
v 0.345255 0.181299 0.770042
v 0.185097 0.175889 -0.233546
v 0.158409 0.203869 -0.410744
v -0.352628 0.666017 0.107797
v -0.334026 -0.673096 0.785247
v 0.168126 0.186155 -0.0527878
v 0.00667391 0.183374 0.26651
v -1 -0.506821 0.799655
v -0.832227 -0.894748 -1
v -1 -0.875134 0.885647
v -0.361406 0.65672 0.390078
v 0.321153 -0.459324 -0.246284
v -0.533905 -0.517454 0.575688
v 0.178928 -0.337742 -0.280186
v -1 0.897859 -0.888494
v -0.838004 1 -0.838004
v -0.309541 0.0193211 0.555503
v -0.838004 1 0.838005
v 0.359157 0.000376714 -0.266355
v -0.491255 -0.16324 -0.246549
v 0.369219 -0.493983 -0.413209
v -0.160678 -0.334168 -0.597217
v 0.837067 1 0.844923
v -0.343254 0.512486 0.720562
v 0.347803 0.334095 -0.249248
v 0.315282 -0.484341 -0.0983228
v 0.180529 0.485618 -0.281446
v 0.1709 -0.337879 0.280336
v 0.177965 -0.336467 -0.094156
v 0.191963 -0.321982 0.110669
v 0.0276015 0.529778 0.617564
v -0.675794 0.46956 -0.254333
v 1 -5.55112e-17 -0.164798
v -0.358282 -0.352856 0.39691
v 0.822658 -0.883898 1
v 0.336589 0.00659509 -0.388163
v 0.149558 -0.313034 0.399871
v -0.683118 -0.00477146 0.435593
v -0.683353 0.00513647 0.260721
v -0.682703 0.00685264 0.0725794
v -0.672862 -0.189753 -0.0713092
v 0.838004 1 -0.838004
v -0.155725 0.521289 0.0980451
v -1 -0.896788 -0.766908
v -1 -0.919002 -0.589404
v -1 -0.804358 -0.694048
v -0.187969 -0.000927504 0.41011
v -1 -0.919002 -0.421804
v -1 -0.810327 -0.506253
v -1 -0.919002 -0.254203
v -1 -0.81014 -0.337911
v -0.347277 0.337563 -0.120487
v 0.698235 -0.147211 0.421369
v -0.319758 -0.00334691 0.410791
v -1 -0.919002 -0.0866021
v -1 -0.809772 -0.169708
v -1 -0.919002 0.0809987
v -1 -0.809176 -0.00234596
v 0.336728 0.327815 0.265146
v -1 -0.919002 0.2486
v -1 -0.809609 0.164832
v 0.34868 0.33969 0.08859
v 0.361747 0.337263 -0.0820295
v -0.525261 0.331709 -0.113436
v 0.343696 0.360971 -0.41677
v -1 -0.917835 0.437687
v -1 -0.838004 0.335202
v 0.35341 -6.36256e-05 -0.0985963
v -1 -0.905855 0.567014
v 0.344076 -0.18703 0.261854
v -0.506971 -0.00781181 -0.57882
v -0.511171 -0.180248 0.424584
v -0.510767 -0.167656 0.077679
v -0.498125 -0.170475 -0.097298
v -1 -0.833541 0.653668
v 0.191626 0.513033 -0.0677392
v 0.194076 0.491883 0.26918
v -1 -0.791236 -0.867186
v 0.167703 0.510609 -0.379496
v 0.178633 0.00201914 0.263346
v 0.150586 -0.17892 -0.604469
v -0.670233 0.512605 0.0686198
v -0.659376 0.526899 -0.0555716
v -0.039456 0.495033 0.0880168
v -0.687964 0.502696 -0.583005
v -0.691638 0.489311 -0.444877
v -0.0300231 0.0186529 -0.589962
v -0.0117406 -0.179692 0.204882
v -0.00692749 -0.155453 -0.0930988
v 0.00646585 -0.166433 0.0610842
v -0.175537 0.497394 0.396983
v 0.514031 0.199302 0.428353
v 0.350524 0.337051 0.435122
v 0.163036 0.493577 0.386287
v -1 -0.591336 -0.883037
v -1 -0.670403 -0.757005
v -1 -0.670529 -0.590099
v -1 -0.674496 -0.431709
v 1 0.524854 -0.00759174
v -1 -0.687077 -0.267735
v -1 -0.680442 -0.105728
v -1 -0.682462 0.0731211
v -1 -0.670403 0.2486
v 0.0603354 0.665916 0.675191
v -1 -0.701054 0.394235
v 0.101111 0.168021 0.683777
v -1 -0.668477 0.566887
v -0.774777 0.680826 -0.520094
v -1 -0.663464 0.747272
v -1 -0.670403 0.919003
v -0.0485185 0.682679 -0.314888
v -1 -0.419126 -0.876477
v -1 -0.495598 -0.741169
v -0.245208 -0.667894 0.658441
v -1 -0.502802 -0.589404
v -1 -0.502802 -0.421804
v -1 -0.505055 -0.248514
v -0.244312 -0.354146 0.495557
v -1 -0.483756 -0.084791
v -1 -0.515788 0.0818306
v -0.326984 -0.260679 0.694081
v -1 -0.505736 0.240424
v 0.283007 -0.491864 -0.487798
v -1 -0.518007 0.410696
v -0.505095 0.259934 0.66853
v -1 -0.421804 0.502803
v -1 -0.516598 0.630218
v 0.0784793 -0.320025 0.489032
v -0.0211898 -0.66832 0.498762
v -1 -0.421804 0.919003
v -1 -0.246554 -0.875552
v -1 -0.328186 -0.739139
v -1 -0.335201 -0.589404
v -1 -0.339702 -0.412516
v -0.408303 -0.328169 0.686924
v 0.199157 0.01047 -0.685098
v -1 -0.335201 -0.0866021
v 0.192343 -0.176857 -0.479624
v 0.220415 0.00715683 0.51179
v -1 -0.335201 0.0809987
v 0.0886739 0.0252841 0.517198
v -1 -0.32772 0.242755
v 0.0345646 -0.154546 0.651557
v -0.618357 -0.00870309 -0.48668
v -1 -0.335201 0.4162
v -0.579004 -0.178355 -0.151621
v -1 -0.335201 0.583801
v 0.00931904 -0.52676 -1
v -0.167601 -0.338004 -1
v -1 -0.34234 0.766648
v -0.0859923 -0.341795 -0.695622
v -0.0384928 -0.5009 0.333907
v -0.137448 -0.340331 0.514178
v -0.228383 0.496699 0.0136377
v -1 -0.0855595 -0.876386
v 0.546646 0.0719416 0.546609
v -1 -0.161105 -0.741424
v -1 -0.157934 -0.591684
v 0.523865 -0.561383 -0.331487
v -0.634192 0.487046 0.50781
v -1 -0.160018 -0.427266
v -1 -0.155964 -0.245119
v -1 -0.170021 -0.0953779
v -1 -0.167601 0.0809987
v -1 -0.167601 0.2486
v -0.102979 -0.123369 0.0249817
v -1 -0.155717 0.436487
v -1 -0.167601 0.583801
v -1 -0.167601 0.751402
v -1 0.0702153 -0.885699
v -1 0.00504431 -0.742257
v -1 -1.66533e-16 -0.589404
v -0.408942 0.0103256 -0.697487
v -0.440456 0.0205182 0.667949
v -1 -1.66533e-16 -0.254203
v -1 0.0174197 -0.101254
v -1 -1.66533e-16 0.0809987
v -1 0.00978191 0.271653
v -0.424475 0.345633 0.65725
v -0.432026 0.49241 -0.501751
v -1 -1.66533e-16 0.4162
v -1 0.00905635 0.589392
v -1 -1.66533e-16 0.751402
v -0.440709 0.33896 -0.615944
v 0.424059 -0.620593 -1
v 0.624053 0.411295 1
v -1 0.167601 -0.757005
v -1 0.181887 -0.589077
v -1 0.167601 -0.254203
v 0.49776 0.911447 1
v -0.901345 -0.674379 0.648105
v -1 0.167601 -0.0866021
v -1 0.18466 0.109963
v -0.81917 -0.809271 0.579697
v -1 0.167601 0.2486
v 0.754203 0.835201 1
v 1 0.767222 -0.517403
v -1 0.177348 0.420134
v 0.386396 0.870344 0.8075
v -1 0.167601 0.583801
v 0.67829 -0.842904 -0.896203
v 0.682281 0.897862 0.850051
v -1 0.147607 0.743051
v 0.898361 0.85222 1
v 1 0.48901 -0.538431
v 1 -0.652802 -0.739077
v -1 0.324045 -0.78886
v -1 0.320586 -0.426776
v -0.302656 -0.542854 0.828861
v -0.883878 0.888889 1
v -0.716058 -1 -0.771576
v -1 0.335201 -0.254203
v -0.378503 -0.0433013 -1
v -0.831375 0.0444816 1
v -1 0.34735 -0.0733133
v -1 0.33577 0.0884437
v -1 0.335201 0.2486
v -1 0.344246 0.430705
v -1 0.338531 0.585523
v -1 0.321835 0.740217
v 0.654533 0.777258 0.867854
v 0.129674 -0.287295 0.842392
v -1 0.502802 -0.757005
v -1 0.502802 -0.589404
v -1 0.502802 -0.421804
v -1 0.494998 -0.102942
v -1 0.504239 0.0574815
v -1 0.509957 0.246507
v -1 0.512452 0.424901
v 1 -0.196542 0.0675155
v -1 0.507477 0.595693
v -1 0.502802 0.751402
v -0.125701 0.0866028 1
v 0.25868 0.14297 0.907927
v -1 0.719923 -0.810782
v -1 0.712487 -0.615257
v -0.00421098 0.893784 0.880556
v -0.887985 -1 0.872124
v -0.473423 -0.362196 -0.870413
v -1 0.672127 -0.254152
v -1 0.670403 -0.0866021
v 0.241616 -0.536278 -0.905022
v -1 0.673669 0.0827692
v 0.999999 0.835606 0.406793
v -0.899802 0.764644 -0.010138
v -1 0.670403 0.2486
v -1 0.670403 0.4162
v -1 0.69252 0.58335
v 0.617688 -0.906095 -0.622124
v -0.733792 -0.899597 0.247755
v -1 0.632442 0.748725
v -0.842053 -1 -0.225336
v -0.835201 -1 -0.0433008
v -0.85122 0.806437 -0.846508
v -0.835201 0.627102 -1
v 0.548767 0.511532 0.853171
v 0.910208 -0.0796345 0.700484
v 0.741726 0.365263 0.9078
v -1 0.853626 -0.743829
v -1 0.872794 -0.594108
v -1 0.8616 -0.430284
v -1 0.838004 -0.0866021
v 0.83092 -0.0870676 1
v -1 0.838004 0.0809987
v -1 0.875647 0.220354
v -0.133817 -0.343953 0.828769
v -1 0.864501 0.471626
v -0.666135 0.191985 0.842644
v -0.675894 0.339581 0.863917
v -0.651252 -0.138502 0.847446
v 0.854066 1 0.385258
v 0.835201 1 0.546104
v -0.919002 1 -0.502802
v -0.894551 1 -0.15625
v -0.892326 1 0.176505
v -0.835201 0.2081 -1
v 0.503105 0.852136 0.794549
v -0.892913 1 0.516848
v -0.844386 -1 -0.663675
v 0.546567 0.317559 0.876714
v -0.0090063 0.764584 0.833154
v -0.497049 -0.228743 0.830919
v 0.838813 0.262109 1
v -0.833414 -1 -0.42469
v -0.841535 -1 0.261492
v -0.838004 -1 0.502803
v 0.655645 -0.0227466 0.685586
v -0.907737 -1 0.651805
v 0.333522 -0.348198 0.670569
v -0.681648 0.330037 -0.322408
v -0.838004 -0.757005 -1
v -0.894914 -0.579845 1
v 0.351278 -0.674805 -0.167777
v 0.166975 -0.0194875 -0.167865
v -0.668079 0.170027 -0.169164
v -0.690208 0.139947 0.489686
v -0.860754 -0.189585 -1
v -1 0.167601 -0.421804
v -0.138396 0.651489 0.151445
v -0.829952 0.074356 -1
v -0.919001 0.167601 1
v -0.337465 -0.513803 0.00302195
v -0.486615 -0.0302897 0.15717
v -0.501807 -0.323234 0.0122033
v 0.185775 -0.192346 0.00230781
v -0.829229 0.259348 1
v 0.203546 -0.474801 0.136786
v -0.677768 0.317642 -0.667317
v -0.0197172 -0.322174 0.16874
v -0.844533 0.432619 1
v -0.138222 0.369549 0.330283
v -0.156308 -0.138596 0.327168
v -0.346169 0.519567 0.335296
v 0.167601 0.421804 1
v 0.999999 0.167601 1
v 1 -0.335201 1
v 1 0.0275649 0.240617
v 1 0.167601 0.421805
v -0.504412 -0.0567785 1
v -5.55112e-17 0.589405 1
v -0.883471 1 -0.317153
v -0.880555 1 0.0310306
v -0.883688 1 0.351324
v -0.838004 1 0.670404
v -0.764821 -1 -0.906743
v 1 0.00611559 0.596996
v 0.320339 0.564932 1
v 0.999999 0.519618 0.571191
v 1 0.512499 0.11452
v 0.999999 0.337869 0.76185
v 1 0.335201 0.254204
v -0.335201 1 1
v -0.163944 1 -1
v -5.55112e-17 1 1
v -1 0.687723 -0.438028
v -0.78871 -1 0.780421
v -0.180771 0.172251 -0.188509
v 0.828957 0.663475 0.188903
v 0.869076 0.163814 0.882747
v -0.310751 0.675494 0.498876
v -0.693863 -0.902969 -1
v -0.850382 0.662795 -0.652838
v -0.334399 0.172164 0.15895
v -0.670403 -1 -0.589404
v -0.629723 -1 -0.428917
v -0.646498 -1 -0.270436
v -0.670403 -1 -0.0866021
v -0.489417 0.661994 0.358169
v 0.194357 0.651507 0.69273
v -0.347167 0.164115 -0.511592
v 0.178595 0.346413 0.696259
v -0.745066 -0.634388 -1
v -0.670403 -0.757005 -1
v -0.749592 -0.618145 1
v 1 0.167601 -0.416199
v -0.778829 -0.49043 -1
v -0.851812 -0.66365 0.875764
v -0.689222 -0.437933 1
v -0.767389 -0.361495 -1
v -0.658108 -0.446579 -1
v 0.677868 -0.660586 -0.489563
v -0.642214 -0.247817 -1
v -0.682127 -0.0751497 -1
v -0.00816061 -0.476298 0.703673
v -0.673435 -0.0545214 1
v -1 -0.335201 -0.254203
v -0.651157 0.0687 -1
v -0.670403 0.0866029 1
v -0.670403 0.248599 -1
v -0.159431 -0.502841 -0.334154
v -0.670403 0.254204 1
v -0.327763 -0.33511 -0.1691
v -0.346245 -0.343688 -0.320139
v -0.739216 0.590916 1
v -0.670403 0.421804 1
v 0.330266 -0.484105 0.0223831
v -0.670403 0.5838 -1
v -0.751401 0.751401 1
v -0.751401 1 -0.670403
v -0.769405 1 -0.471967
v -0.740078 1 -0.320161
v -0.751401 1 -0.1676
v -0.768806 1 0.015194
v -0.762262 1 0.176731
v -0.751401 1 0.335202
v -0.751401 1 0.502803
v -0.747149 1 0.688553
v -0.751401 1 0.838005
v -0.0272964 -0.336153 0.495868
v -0.638208 -0.0115753 0.652001
v -0.670403 1 -0.919002
v -0.672619 -0.00513652 -0.357821
v -0.660212 1 -0.766299
v -0.63825 1 0.748505
v -0.600457 -1 -0.887972
v -0.595552 -1 0.227847
v -0.602764 -1 0.0609808
v -0.566124 -1 0.35558
v -0.191734 0.00736187 0.209163
v -0.612553 -1 0.521127
v -0.159004 0.00164957 -0.465114
v -0.61178 -1 0.762116
v -0.589528 -0.886848 -1
v -0.502802 -1 -0.757005
v -0.502802 -1 -0.589404
v -0.496973 -1 -0.0982871
v -0.486135 -1 0.0831752
v -0.502802 -1 0.583801
v -0.593749 -0.606401 -1
v -0.506018 -0.768964 -1
v -0.502802 -0.751401 1
v 0.692817 -0.192806 0.542453
v -0.325991 -0.00553008 -0.170711
v -0.309197 -0.158166 0.17409
v -0.532756 -0.43172 -1
v 0.346509 0.0116161 0.00647759
v 0.312209 0.000137017 -0.177964
v -0.502802 -0.254203 -1
v 0.330326 -0.164432 0.344447
v 0.328782 -0.165641 0.151588
v -0.510293 -0.258724 1
v -0.523983 -0.098908 -1
v -0.45655 0.112169 -1
v -0.502802 0.0866029 1
v -0.0133458 0.0156437 0.497092
v -0.522986 0.269447 1
v -0.0122016 -0.177782 0.342368
v 1 -0.000463414 -0.277247
v 0.335201 0.254203 1
v -0.502802 0.4162 -1
v -0.670403 0.4162 -1
v -1 0.503443 -0.231211
v -1 0.341058 -0.60019
v -0.502802 0.421804 1
v -0.613222 0.771235 -1
v -0.533249 0.571572 1
v -0.146843 0.504765 0.50664
v 0.865601 0.514566 0.675115
v 0.851516 0.523321 0.324751
v 0.845117 0.507616 -0.679258
v 0.860452 0.320321 0.51297
v -0.585365 1 -0.60986
v -0.5838 1 -0.421804
v -0.572325 1 -0.133896
v -0.581613 1 0.162845
v -0.5838 1 0.4162
v -0.5838 1 0.583801
v -0.559949 0.814691 1
v 0.828686 0.343517 -0.476648
v 0.69286 0.314126 0.696467
v -0.377447 0.337967 0.016534
v -0.336956 0.343275 -0.324588
v 0.33754 0.515596 0.632286
v -0.502802 1 0.757006
v -0.4949 0.34043 0.000572088
v -0.419511 -1 -0.881149
v -0.484097 0.320556 0.127359
v -0.421804 -1 -0.416199
v -0.42757 -1 -0.263347
v 0.319781 0.328222 0.00433083
v -0.421804 -1 0.254204
v -0.443242 -1 0.825004
v 0.52031 -0.701312 -0.300376
v 0.199409 0.494693 0.149524
v 0.173668 0.516183 -0.183649
v -0.335201 -1 -0.670403
v -0.335201 -1 -0.0866021
v -0.302641 -1 0.0923903
v -0.350001 -1 0.421136
v -0.314975 0.322902 -0.651197
v -0.335201 -1 0.583801
v -0.317183 -0.878721 1
v -0.335201 -1 0.751402
v -0.665632 0.493362 0.6563
v -0.659366 0.505247 0.174262
v -0.33213 -0.761825 -1
v -0.691182 0.330488 0.327543
v -0.33935 -0.708492 1
v -0.335201 -0.589405 -1
v 0.463412 0.407196 1
v -0.335803 -0.430367 -1
v -1 -0.262041 0.853937
v 0.642883 0.855404 -0.642638
v -1 -0.835201 0.737902
v 0.823848 -0.760358 1
v 1 -1 -0.835201
v 0.835201 1 -0.999999
v 1 -0.835201 -1
v 0.835201 -1 -1
v -1 0.835201 -1
v -0.831673 -0.800127 0.699956
v -0.832129 -1 1
v -0.333216 -0.104936 1
v 1 0.773221 -0.385633
v 0.835201 1 1
v -0.350096 0.25165 1
v -0.413366 0.571481 -1
v -0.308638 0.422838 1
v -0.447013 0.714462 1
v -0.335201 0.589405 1
v -0.450387 1 -0.806561
v -1 -0.278308 0.939376
v -0.428395 1 -0.586134
v -0.4162 1 -0.421804
v -0.415654 1 -0.258728
v -0.4162 1 -0.0866021
v -0.421312 1 0.0857209
v -0.4162 1 0.2486
v -0.4162 1 0.4162
v -0.407311 1 0.590889
v -0.323691 0.749795 1
v -0.335201 1 0.838005
v -0.25362 -1 -0.880119
v -0.896312 0.671618 1
v -0.260091 -1 -0.409066
v -0.26591 -1 -0.235227
v -0.259324 -1 0.261423
v -0.294648 -1 0.88455
v -0.117635 -1 -0.616735
v -0.167601 -1 -0.757005
v -0.143969 -1 0.594006
v -0.254203 -0.670403 -1
v -0.164947 -0.770492 -1
v -0.248599 -0.589405 1
v -0.167601 -0.751401 1
v -0.166812 -0.564154 -1
v -0.167601 -0.416199 1
v -0.246142 -0.161569 -1
v -0.277244 0.0678444 -1
v -0.167601 -0.0809979 1
v -0.167601 0.167601 -1
v -0.258955 0.58876 -1
v -0.167601 0.4162 -1
v -0.134391 0.386209 1
v -0.270058 0.805147 -1
v 0.0597186 -0.0592204 0.757441
v -0.18872 0.602637 1
v -0.266284 1 -0.813676
v -0.271427 1 -0.597464
v -0.244895 1 -0.420333
v -0.230321 1 -0.251346
v -0.246234 1 -0.0893162
v -0.250281 1 0.0806285
v -0.267925 1 0.249224
v -0.253009 1 0.416973
v -0.248599 1 0.583801
v -0.337922 -0.101109 0.683275
v -0.17607 0.760476 1
v -0.167601 0.919002 -1
v -0.130381 1 -0.898442
v -0.197394 1 0.778986
v -0.363914 -0.623201 0.902804
v -0.0844655 -1 -0.885565
v -0.0979157 -1 -0.428861
v -0.0941627 -1 -0.252713
v -0.0990674 -1 -0.0884436
v -0.0866026 -1 0.0866031
v -0.0895748 -1 0.251648
v -0.0866026 -1 0.421805
v -0.0892948 -1 0.804624
v 0.894131 -0.781177 0.392998
v 0.890327 -0.780263 0.56043
v 0.0540197 -1 -0.620444
v -1.66533e-16 -1 -0.757005
v 0.0314225 -1 0.611419
v -0.0845647 -0.870368 1
v 0.903618 0.718933 -0.432726
v 0.915819 0.388384 -0.0909933
v 0.0101923 -0.763623 -1
v 0.893033 -0.0996158 0.387482
v -1.66533e-16 -0.751401 1
v -0.0245684 -0.585375 1
v -0.887022 -1 -0.828021
v 0.898512 -0.653217 1
v -0.0809979 -0.335201 1
v 0.00780393 -0.419823 1
v -0.0146525 -0.172746 1
v -1.66533e-16 -0.254203 -1
v 0.442905 -0.68 -0.898662
v 0.92358 -0.778221 0.290605
v -0.0927378 0.269433 -0.904944
v -0.0716947 0.569653 -1
v 0.22133 -0.306044 0.919504
v -1.66533e-16 0.421804 1
v -0.0998745 0.753615 -1
v -0.633822 -0.631235 0.890423
v -0.0123153 -0.153251 -0.796664
v -0.063124 1 -0.748693
v -0.0809982 1 -0.589404
v -0.0809982 1 -0.421804
v -0.0607789 1 -0.251575
v -0.0809982 1 -0.0866021
v -0.0831873 1 0.0811724
v -0.103969 1 0.249726
v -0.0856426 1 0.417324
v -0.0777341 1 0.610199
v 0.0264576 0.751452 1
v -1.66533e-16 0.919002 -1
v -0.865937 -0.92333 0.706699
v 0.0485797 1 -0.882383
v 1 0.410476 -0.0627308
v 0.0187906 1 0.750185
v 1 -0.0760017 0.144121
v 0.0889134 -1 -0.892101
v -0.110613 0.0521986 -1
v 0.0809982 -1 -0.416199
v 0.0724343 -1 -0.256767
v 0.0809982 -1 -0.0809977
v 0.0809982 -1 0.0866031
v 0.0865967 -1 0.25242
v 0.0809982 -1 0.421805
v 0.217843 -1 -0.603395
v 0.19226 -1 -0.763601
v 0.167601 -1 0.670404
v 0.167601 -1 0.838005
v 0.0754864 -0.647156 -1
v 0.171589 -0.773359 -1
v 0.167601 -0.670403 1
v 0.201118 -0.127949 1
v 0.0849171 -0.515992 1
v 0.167601 -0.421804 -1
v 0.0968748 -0.262832 1
v 0.16936 -0.402759 1
v 0.0809981 0.254203 -1
v 0.0913568 0.43018 -1
v 0.153685 0.251977 1
v 0.0970418 0.597502 -1
v 0.0697446 0.767249 -1
v 0.143287 0.598235 1
v 0.0570548 1 -0.568749
v 0.0602097 1 -0.40827
v 0.0993348 1 -0.239243
v 0.0866026 1 -0.0866021
v 0.0859823 1 0.0870564
v 0.0615049 1 0.252378
v 0.0802979 1 0.420233
v 0.0998981 1 0.589292
v 0.17233 0.892212 -0.999999
v -0.21198 0.0437476 0.698475
v 0.167601 1 -0.919002
v 0.167601 1 -0.670403
v -0.0793029 -0.201283 0.655807
v 0.167601 1 0.757006
v 0.215915 -1 -0.435752
v 0.22512 -1 -0.264551
v 0.243465 -1 -0.0870334
v 0.248599 -1 0.0866031
v 0.251592 -1 0.25011
v 0.246348 -1 0.439259
v -0.0728935 -0.0526041 0.496225
v 0.129899 0.132454 0.897885
v 0.36586 -1 -0.719296
v 0.37827 -1 -0.497746
v 0.409759 -1 -0.268215
v 0.309721 -1 0.635364
v 0.335201 -1 0.838005
v 0.279504 -0.760876 1
v 0.236808 -0.621038 -1
v 0.691119 -0.671501 -1
v 0.333163 -0.757641 -1
v 0.282721 -0.568081 1
v 0.772549 -0.831378 -0.649244
v 1 0.103069 -0.126692
v -1 -0.794702 0.500001
v 0.875701 -1 -0.419002
v 1 -0.803726 0.191665
v 0.335201 -0.416199 1
v -0.713704 -1 0.419003
v 0.265334 0.717369 1
v -0.835201 -0.713704 1
v 0.335201 -0.248599 1
v 0.248599 -1.66533e-16 -1
v 0.335352 -0.125147 -1
v 0.323886 -0.0711288 1
v 0.245791 0.23112 -1
v 0.352421 0.0947805 1
v 0.247569 0.414246 -1
v 0.251078 0.586868 -1
v 0.245036 0.771733 -0.999999
v 0.29502 1 -0.84738
v 0.27653 1 -0.436269
v 0.274594 1 -0.258841
v 0.26009 1 -0.0863817
v 0.254 1 0.0825383
v 0.230262 1 0.253287
v 0.254203 1 0.4162
v 0.258796 1 0.599459
v 0.886421 0.862867 -0.999999
v 0.343923 0.847558 1
v -0.918131 0.672894 -0.0382894
v -0.758483 -1 0.113947
v 0.330324 1 -0.724786
v 0.358818 1 -0.600412
v 0.325018 1 0.741954
v -0.0344087 0.367604 -1
v 0.411337 -1 -0.0919505
v 0.4162 -1 0.0866031
v 0.4162 -1 0.254204
v 0.406511 -1 0.416507
v -0.794702 -0.919002 1
v -0.140455 0.041911 0.907559
v 0.887397 -1 0.879502
v 0.502802 -1 -0.757005
v 0.498054 -1 -0.616748
v 0.515691 -1 -0.397171
v 0.497179 -1 0.642259
v 0.491413 -1 0.856499
v 0.443564 -0.775782 1
v 0.576133 -1 -0.864716
v 0.435298 -1 -0.854231
v 0.237832 -0.886218 -1
v 0.0817484 -0.890115 -1
v -0.879173 -0.568134 -1
v -0.873998 -0.407119 -1
v -0.0742058 -0.889093 -1
v 0.429253 -0.864176 -1
v 0.499215 -0.585725 1
v 0.445681 -0.289276 -1
v 0.586603 1 0.878504
v 0.0838004 0.878503 1
v -0.0838004 0.878503 1
v 0.278232 1 0.879345
v 0.0714979 1 0.890964
v -0.241368 0.885938 1
v -0.408899 0.85273 1
v 0.518234 -0.389294 1
v 0.999999 0.878503 0.586603
v 0.999999 0.251401 0.878504
v -0.0779287 1 0.863029
v 0.999999 0.4336 0.880909
v 0.416363 -0.17039 1
v 1 -0.270143 0.868008
v 0.488557 -0.240505 1
v 0.398049 -0.0231414 -1
v 0.412846 0.0948494 -1
v 0.559056 0.0477691 -1
v 0.503815 -0.106529 -1
v -0.586603 1 0.878503
v 1 -0.412938 0.879063
v 0.502802 -0.0809979 1
v 0.411783 0.250052 -1
v 0.518834 0.0712769 1
v 0.412752 0.417405 -1
v 0.502802 0.254203 1
v 0.415718 0.587306 -0.999999
v 0.407607 0.775512 -0.999999
v 0.411461 0.700425 1
v 0.535597 0.572619 1
v 0.411051 1 -0.395486
v 0.421804 1 -0.254203
v 0.412477 1 -0.0966005
v 0.418779 1 0.0643208
v 0.395438 1 0.252255
v 0.421804 1 0.583801
v 0.502802 1 -0.751401
v 0.565919 1 -0.460435
v 0.502802 1 -0.5838
v 0.54293 1 0.212036
v 0.507513 1 0.435164
v 0.502802 1 0.589405
v 0.502802 1 0.757006
v 0.59321 -1 -0.5244
v 0.568236 -1 -0.28142
v 0.585952 -1 -0.106633
v 0.5838 -1 0.0866031
v 0.586259 -1 0.245923
v 0.5838 -1 0.421805
v 0.606515 -1 0.585594
v 0.60611 -1 0.737966
v 0.570938 -0.754941 -1
v 0.670403 -1 -0.421804
v 0.671554 -1 -0.253673
v 0.577442 -0.878968 1
v 0.713514 -1 0.872554
v 0.670403 -0.751401 1
v 0.557062 -0.529093 -1
v 0.670403 -0.421804 -1
v 0.670403 -0.416199 1
v 0.640195 -0.248651 -1
v 0.579096 -0.220672 1
v 0.670403 -0.248599 1
v 0.653392 -0.0811002 -1
v 0.670403 -0.0809979 1
v 0.5838 0.254203 -1
v 0.670403 0.0866027 1
v 0.581838 0.412446 -1
v 0.670403 0.254203 1
v 0.59617 0.588515 -0.999999
v 0.576309 0.779189 -0.999999
v 0.589405 0.751401 1
v 0.589405 1 -0.335201
v 0.57639 1 -0.126457
v 0.598656 1 0.0562186
v 0.58167 1 0.322242
v -0.59471 -0.245069 0.562926
v 0.0913058 -0.55719 0.600558
v -0.573577 -0.276672 0.765533
v -0.252059 0.770405 0.775891
v 0.74386 0.734094 0.597658
v 0.760485 0.767051 -0.253408
v -0.234853 0.591563 0.75646
v 0.745976 0.604382 -0.240312
v 0.759605 0.0926779 0.767197
v 0.686737 1 -0.585481
v 0.673111 1 0.218857
v 0.670403 1 0.421805
v 0.743762 0.248503 -0.248792
v 0.670403 1 0.589405
v -0.246713 0.247955 0.587551
v 0.670403 1 0.757006
v -0.243914 0.269979 -0.263554
v 0.751401 -1 -0.670403
v 0.751401 -1 -0.335201
v 0.80698 -1 -0.206951
v 0.783319 -1 -0.0366344
v 0.782579 -1 0.131235
v 0.784122 -1 0.294815
v 0.778117 -1 0.461832
v 0.751401 -1 0.670404
v -0.247211 -0.566959 -0.250364
v 0.585941 0.747269 0.606059
v 0.582701 0.601731 0.62777
v 0.613074 0.614162 -0.261901
v 0.594234 0.226225 0.743182
v 0.589408 0.261841 0.591892
v 0.584924 0.241519 -0.256405
v 0.575382 0.0847558 -0.229115
v 0.587634 -0.237639 0.602895
v 0.590512 -0.245232 -0.238849
v 0.590229 -0.587835 0.59616
v 0.576821 -0.590564 -0.230279
v 0.871793 -1 0.599013
v 0.881135 -1 0.752755
v 0.278167 0.763994 0.730833
v 0.246242 0.765415 -0.260852
v 0.757006 -0.589405 1
v 0.243812 0.0658978 -0.225368
v -0.605822 0.744703 0.735616
v 0.842321 -0.555316 -1
v -0.609717 0.766877 0.602737
v 0.760674 -0.36835 -1
v 0.891153 -0.327587 -1
v 0.872955 -0.408862 1
v 0.774352 -0.194131 -1
v 0.0923039 -0.582653 0.749311
v 0.869155 -0.257701 1
v 0.745832 -0.0159143 -1
v 0.838004 -1.66533e-16 -1
v 0.761984 0.156656 -1
v -0.590624 -0.76115 0.606816
v -0.741444 0.765764 0.732399
v -0.74503 0.771292 0.585998
v 0.809405 0.0805008 1
v 0.723339 0.319563 -0.999999
v 0.838004 0.335201 -0.999999
v -0.752849 0.765075 -0.247043
v -0.759134 0.58193 0.58485
v 0.732164 0.466123 -0.999999
v 0.871815 0.461789 -0.999999
v -0.762303 0.254472 0.741111
v 0.783248 0.762566 -0.999999
v -0.771447 0.241061 -0.249557
v 0.838004 0.5838 -0.999999
v -0.739702 0.251988 0.575546
v 0.573635 -0.725187 0.594987
v -0.764149 0.086359 0.739538
v -0.762868 0.079594 0.588875
v -0.748995 -0.255801 0.754798
v 0.757005 1 -0.502802
v 0.757005 1 -0.335201
v 0.757005 1 -0.1676
v 0.757005 1 0.0809987
v 0.757005 1 0.335202
v -0.74804 -0.601896 -0.24722
v 0.754389 -0.437859 0.586038
v -0.246391 0.278943 -0.411154
v 0.752748 -0.435844 -0.254552
v 0.888326 1 -0.479266
v 0.838004 1 -0.5838
v 0.741185 -0.591522 -0.416144
v -0.235822 -0.427483 -0.247564
v 0.603796 0.756071 -0.42376
v 0.581359 0.594012 -0.38677
v 0.566928 0.225176 -0.424519
v 0.877428 1 0.191037
v 0.587799 -0.431151 0.55932
v 0.591028 -0.428108 -0.257179
v -0.425248 0.589281 -0.236738
v -0.418019 0.253915 0.78242
v -0.415157 -0.230621 -0.205971
v 0.059759 0.732408 -0.408805
v -0.426614 -0.59608 -0.248764
v -0.447543 -0.564921 0.748466
v -0.402439 -0.590129 0.590072
v 0.233893 0.755565 -0.406058
v 0.263285 0.231381 -0.441084
v 0.247365 0.0956632 -0.425797
v 0.252471 -0.412129 0.578528
v 0.0991174 0.591175 -0.414276
v 1 -0.842401 -0.590408
v 0.0775784 -0.591919 -0.75977
v 1 -0.881696 -0.419016
v -0.119519 0.58069 -0.239558
v -0.087541 0.57363 0.59549
v -0.77317 -0.762492 -0.245288
v -0.0990163 0.269146 -0.258837
v -0.054712 0.253134 0.762341
v 1 -0.884026 -0.24912
v 0.0915322 -0.0647675 -0.270228
v -0.0938815 -0.273758 0.585779
v -0.0698236 -0.602433 0.758819
v -0.23445 0.750883 0.0866828
v 1 -0.881651 -0.0794321
v 0.765908 0.777745 0.0821213
v 0.74492 0.772247 -0.0895758
v 0.745091 0.770954 -0.589035
v 1 -0.876271 0.0910146
v 0.735199 0.751825 0.251607
v -0.251942 0.571097 -0.080104
v 1 -0.89876 0.24022
v 1 -0.815899 0.328106
v 0.751132 0.57877 -0.581266
v -0.246178 0.613132 0.0966185
v 0.739634 0.266793 0.0712548
v 0.753292 0.266784 -0.0890605
v 1 -0.919002 0.421805
v 0.767704 0.253348 -0.758055
v 1 -0.814421 0.509874
v 0.747301 0.0881168 0.244895
v 1 -0.89284 0.587025
v 0.759532 -0.104047 0.768588
v 1 -0.907913 0.772839
v 1 -0.751401 0.757006
v 0.732022 -0.579684 -0.757179
v -0.258332 -0.256513 0.256191
v 1 -0.5838 -0.919002
v -0.257062 -0.2282 0.086525
v 1 -0.67248 -0.57542
v 1 -0.69106 -0.424529
v 1 -0.68948 -0.254948
v 0.59409 0.734628 -0.570705
v 1 -0.690001 -0.08291
v -0.236175 -0.588688 -0.76717
v 0.574668 0.599901 0.264737
v 1 -0.670403 0.0866031
v 0.605591 0.583131 0.11032
v 1 -0.670322 0.238795
v 0.583014 0.578018 -0.738332
v 1 -0.670403 0.421805
v 1 -0.5838 0.335202
v 0.583203 0.250017 -0.0868424
v 1 -0.689424 0.588866
v 1 -0.569576 0.537645
v 0.595402 0.248072 -0.758528
v 0.58608 0.249002 -0.582353
v 0.591645 0.0938775 0.264253
v 0.588723 0.104778 -0.069458
v 0.589116 0.0813822 -0.728627
v 0.590715 0.107492 -0.56984
v 0.564451 -0.0953802 -0.250631
v 0.594572 -0.0637771 0.596827
v 1 -0.563207 0.748988
v 1 -0.690421 0.856755
v 0.583718 -0.240943 -0.559969
v 0.567224 -0.577347 -0.0827949
v 1 -0.495184 -0.754441
v 0.592041 -0.606114 -0.73149
v 1 -0.397151 -0.892914
v 1 -0.507088 -0.579371
v 1 -0.503567 -0.413363
v 1 -0.502802 -0.248599
v 0.24038 0.236113 0.257689
v 1 -0.502802 -0.0809977
v 0.235189 0.244365 0.0608772
v 0.263273 0.26659 -0.0743502
v 1 -0.502802 0.0866031
v 0.256433 0.244212 -0.755813
v 0.259526 0.247582 -0.598758
v 1 -0.495229 0.231904
v 0.246319 0.0955926 -0.765205
v 0.244661 0.0944838 -0.10405
v 0.286882 -0.108369 0.760339
v 1 -0.502802 0.421805
v 1 -0.4162 0.335202
v 0.245189 -0.0789085 -0.267142
v 0.247335 -0.251574 0.235664
v 0.270038 -0.259859 -0.575164
v 0.263194 -0.61335 0.259817
v 0.24028 -0.589376 -0.75935
v 1 -0.427122 0.57595
v -0.586881 0.581872 -0.783281
v 0.0756583 0.733237 -0.77525
v 1 -0.335201 -0.751401
v 1 -0.248599 -0.919002
v 1 -0.335201 -0.5838
v 1 -0.336696 -0.414867
v 0.0695278 0.214083 -0.585916
v 1 -0.335201 -0.248599
v 0.0715063 0.234689 -0.103406
v 0.0645363 0.0766642 -0.737408
v 1 -0.335201 -0.0809977
v 0.0847438 0.085178 0.250107
v 1 -0.335201 0.0866031
v 0.0889213 -0.252983 0.226677
v 1 -0.321224 0.260512
v 0.0846882 -0.249235 -0.0739231
v 0.0798847 -0.576371 0.106571
v -0.738745 -0.597034 -0.4128
v 1 -0.355515 0.436381
v -0.606358 0.623585 0.411318
v 1 -0.236425 0.416497
v 0.764317 0.422577 0.747379
v 0.75777 0.590628 0.424241
v 1 -0.353549 0.740017
v -0.259112 0.587653 0.402467
v 0.79033 0.26178 0.41835
v -0.253185 0.429366 0.763151
v -0.228801 -0.285036 0.402318
v 0.747841 -0.756624 -0.426874
v 0.897165 -0.185563 -1
v 1 -0.167601 -0.751401
v -0.73886 0.255002 -0.419962
v 1 -0.0809982 -0.919002
v 0.576667 0.433388 0.608531
v 1 -0.175839 -0.573619
v 1 -0.167489 -0.412898
v 0.591261 -0.255787 0.436775
v 1 -0.167601 -0.248599
v 1 -0.164484 -0.0804242
v -0.764912 0.0882688 -0.438997
v 0.442087 0.226735 -0.251129
v 0.442516 0.102971 -0.254941
v 1 -0.167601 0.254204
v 0.425439 -0.588409 -0.242256
v -0.732417 -0.255573 -0.41555
v -0.446681 -0.744174 0.574592
v -0.433255 -0.752584 -0.248529
v 1 -0.167601 0.589406
v 0.238918 0.255167 0.434513
v -0.755822 -0.444587 -0.24818
v 0.252242 0.419729 -0.253723
v 1 -0.153103 0.77853
v 0.250997 0.0689917 0.390998
v 0.252365 -0.242464 0.427205
v -0.746292 -0.41368 0.749777
v -0.579934 0.731667 0.421222
v 0.0736796 0.269181 0.434935
v 0.0726837 -0.592815 0.441416
v 0.0887045 -0.739887 0.2455
v 1 0.0294279 -0.742429
v 0.0727287 -0.740712 -0.598998
v 0.0847051 -0.750278 -0.772319
v 1 0.0866026 -0.919002
v 1 -0.00178457 -0.572498
v 1 0.00848767 -0.410698
v -0.590847 -0.754989 -0.773233
v -0.0623309 -0.769405 0.774732
v -0.0712782 -0.786588 -0.2584
v -0.747008 0.746763 0.243732
v -0.734593 0.751255 -0.742344
v -0.74047 0.587074 0.255286
v 1 -0.00848806 0.00181816
v -0.749986 0.573143 0.054009
v -0.752226 0.582434 -0.0771111
v 0.0726926 -0.734413 0.0972877
v -0.755208 0.594305 -0.585529
v 0.744982 -0.407948 -0.425034
v 1 0.1023 0.0986193
v 0.765585 -0.738031 -0.568472
v -0.747862 0.247693 0.244539
v 1 0.0234031 0.422556
v -0.741997 0.247029 0.0915782
v -0.756757 0.264909 -0.58848
v -0.24243 -0.749314 -0.788832
v -0.764022 0.246697 -0.758461
v 0.59681 -0.429352 -0.409169
v -0.754954 0.0764364 -0.770821
v 0.576953 -0.756723 0.106673
v 0.572581 -0.743255 0.237777
v -0.750722 -0.0891935 0.744958
v 0.891249 0.154899 -0.999999
v -0.764942 -0.0736634 0.578766
v 1 0.167601 -0.751401
v -0.77681 0.103031 0.248569
v 1 0.275984 -0.893887
v -0.758209 0.099285 0.0651859
v 1 0.19866 -0.586667
v -0.754154 -0.0792755 -0.260221
v -0.742609 -0.256314 0.240522
v 1 0.167601 -0.248599
v -0.754046 -0.256143 -0.770827
v -0.407674 -0.584999 -0.411092
v 0.261339 -0.402311 -0.383956
v -0.754218 -0.594934 0.255371
v 0.245136 -0.739019 -0.784331
v 1 0.235452 -0.0767461
v -0.743313 -0.585769 0.0898993
v -0.738721 -0.595822 -0.081504
v -0.737578 -0.605326 -0.577123
v 1 0.167601 0.254204
v -0.413552 -0.0799112 0.380462
v 1 0.158313 0.582446
v 1 0.156543 0.749207
v -0.10781 0.785661 -0.420047
v -0.102103 0.577047 -0.422757
v -0.0921969 0.257502 -0.419775
v -0.0974319 -0.2661 -0.410803
v -0.0724371 -0.411493 -0.244934
v -0.0767354 -0.56929 -0.438804
v -0.717374 0.736678 0.40688
v -0.732174 0.579485 0.407664
v -0.756021 0.419808 0.748519
v -0.752574 0.416609 0.582734
v 1 0.421804 -0.838004
v 0.752742 -0.0576528 -0.418549
v 0.754495 -0.413505 -0.084977
v 0.77944 -0.412044 -0.742844
v 0.76947 -0.727702 0.421269
v 1 0.337672 -0.409223
v -0.260339 -0.444374 -0.609378
v -0.759735 0.244495 0.408312
v -0.253561 -0.394617 0.277312
v 0.572845 -0.0963551 -0.421498
v 0.573113 -0.435325 0.0811625
v 1 0.439852 -0.272381
v 0.571769 -0.42043 -0.0865164
v 1 0.335201 0.0866032
v -0.420635 0.768146 0.0732423
v -0.396671 0.744395 -0.0748687
v 1 0.335201 0.421805
v 1 0.350588 0.605837
v -0.39852 0.0674709 0.0952825
v -0.435094 0.269691 -0.729631
v -0.421332 0.0626596 -0.0803663
v 0.409774 -0.771343 0.770264
v 0.428467 -0.775186 0.594011
v 0.416303 -0.764913 -0.259859
v -0.416145 -0.590338 0.255893
v -0.441178 -0.589825 0.0774598
v -0.411894 -0.589268 -0.0803257
v -0.423915 -0.577069 -0.586261
v -0.412315 -0.588756 -0.748527
v 0.237435 -0.0747565 -0.427665
v 0.241224 -0.402207 -0.577396
v 0.268958 -0.430812 0.252489
v -0.758835 -0.590257 0.437736
v 1 0.565759 -0.685846
v -0.771858 -0.77121 -0.401834
v 0.109344 -0.439069 -0.587918
v -0.589429 -0.0813242 0.0709713
v -0.096669 0.75556 0.235633
v -0.0706113 0.768089 0.0839769
v 1 0.592986 -0.427721
v -0.0624286 0.767751 -0.0760566
v -0.0814343 0.778299 -0.572241
v 1 0.502802 -0.1676
v -0.0901353 0.574695 -0.782388
v -0.0613775 0.275007 0.0937281
v -0.0762246 0.259759 -0.577572
v -0.104337 0.273666 0.24023
v -0.0843129 0.0821913 0.251432
v 1 0.48977 0.251624
v -0.0989089 -0.256782 0.0819755
v 1 0.502802 0.421805
v -0.0980975 -0.2595 0.243913
v -0.107057 -0.255779 -0.0816364
v -0.0848342 -0.246134 -0.59105
v 0.999999 0.502802 0.757007
v -0.0869127 -0.593373 0.0701091
v -0.0845223 -0.580477 -0.0860562
v -0.0809446 -0.6054 -0.7642
v 0.0784082 0.436739 -0.421873
v 0.751008 -0.0677437 0.0913657
v 1 0.810806 -0.889838
v 0.751917 -0.0984965 -0.5811
v -0.257529 -0.44536 0.40384
v 1 0.694786 -0.589824
v 0.584265 -0.0785522 0.0400392
v 0.568893 -0.109975 -0.0900183
v 1 0.661517 -0.266871
v 0.582203 -0.0991426 -0.585965
v 0.578754 -0.100701 -0.762442
v 1 0.670403 -0.0809976
v -0.421864 0.442083 0.772582
v 1 0.679148 0.0947436
v -0.415237 0.238817 0.392295
v 0.402815 0.256314 -0.420358
v 1 0.670378 0.266516
v 0.39999 -0.23888 -0.404755
v 0.390844 -0.421335 0.780647
v 0.999999 0.666805 0.428428
v 0.421801 -0.427989 0.565727
v 0.999999 0.682034 0.579301
v -0.427791 -0.758223 -0.414688
v 0.999999 0.75929 0.701209
v -0.757901 -0.438615 -0.416965
v 0.223936 0.421889 -0.436571
v 0.241416 -0.0795924 -0.0891717
v 0.240325 -0.100252 -0.604499
v 0.244009 -0.0906432 -0.741042
v 0.280277 -0.0858134 0.233481
v 0.257209 -0.403807 0.404912
v -0.768735 -0.758286 0.243167
v -0.77672 -0.745293 0.0906247
v 0.0804618 -0.112573 0.251733
v -0.755592 -0.757043 -0.0760456
v -0.747834 -0.782929 -0.758653
v -0.564993 -0.120995 -0.785243
v -0.584823 -0.074801 0.440843
v 1 0.871645 -0.7187
v -0.086677 0.427924 0.749143
v -0.0867877 0.429707 -0.262605
v -0.0930956 -0.249365 0.421885
v -0.0781301 -0.560937 0.42427
v -0.109959 -0.7663 -0.439693
v 1 0.894029 -0.428298
v 0.730993 0.410316 -0.0916208
v 0.746822 0.429498 -0.780712
v -0.267855 0.433311 -0.0781258
v -0.587232 0.408601 0.0856051
v 0.919002 1 -0.0809977
v 0.574135 0.40418 -0.133071
v 0.569887 0.407754 -0.600907
v 1 0.887895 -0.0667053
v 0.579926 0.421188 -0.765294
v 0.544045 -0.0787138 0.405738
v 0.90184 1 0.0626507
v 1 0.875584 0.0612415
v 0.438768 0.580056 -0.0856522
v -0.759969 -0.101999 -0.423946
v 0.999999 0.889294 0.256026
v 0.42574 0.238973 0.0818653
v 0.440135 0.0822875 -0.0666036
v 0.442432 0.229111 -0.0841197
v 0.440627 -0.0931551 -0.26404
v 0.435542 -0.260871 -0.568076
v 0.433523 -0.268229 0.244666
v 0.906108 1 0.665218
v 0.417447 -0.592967 -0.107132
v -0.415875 -0.425813 -0.426476
v -0.754636 -0.436488 0.250915
v -0.741673 -0.43914 0.0890606
v -0.431978 -0.766631 0.235901
v -0.419603 -0.757789 0.0769348
v -0.427811 -0.739232 -0.0822194
v -1 -0.838004 -1
v -0.42751 -0.73375 -0.580786
v -0.741865 -0.438786 -0.0811204
v -0.919001 -0.838004 1
v -0.417016 -0.758163 -0.74693
v 0.265089 0.422834 -0.779719
v 0.248914 0.422739 0.0758647
v 0.260686 0.396186 -0.0887793
v -0.753372 -0.452139 -0.585846
v -0.761426 -0.422911 -0.768265
v -1 1 0.838005
v 0.256297 -0.107046 0.428356
v -0.0970669 -0.415405 -0.403901
v 0.838004 -1 1
v 1 -1 0.838005
v -0.0872699 -0.753745 0.238297
v -0.0673661 -0.778912 0.074092
v -0.0997997 -0.758504 -0.092379
v -0.0867822 -0.767913 -0.601745
v 1 1 -0.838004
v -0.0847595 -0.749769 -0.779702
v -1 -1 -0.670403
v 0.760014 0.424698 0.415232
v -1 -1 -0.502802
v -1 -1 -0.327611
v -0.756742 -0.101703 0.273804
v -1 -1 -0.1676
v -0.757999 -0.103767 0.0811441
v 0.413788 0.444728 -0.256021
v -1 -1 5e-07
v 0.446699 0.418812 0.587793
v -0.761893 -0.0893812 -0.580759
v -1 -1 0.167601
v 0.414926 0.239632 0.423764
v -1 -1 0.335202
v -0.745127 -0.078216 -0.755227
v 0.43821 -0.262795 0.423318
v -1 -1 0.492579
v -0.407641 -0.430384 0.252287
v -1 -1 0.724403
v -1 -1 0.595842
v 0.399514 -0.765963 -0.428095
v -0.429898 -0.413067 -0.583318
v -0.762495 -0.42835 0.40861
v -1 -0.670403 -1
v 0.24614 0.416142 0.397236
v -1 -0.730006 1
v -1 -0.502802 -1
v -1 -0.502802 1
v -0.0723276 -0.404608 0.240283
v -0.0954425 -0.404855 0.083819
v -1 -0.335201 -1
v -0.0624766 -0.413485 -0.0944984
v -0.0953324 -0.737057 0.398211
v -1 -0.394805 1
v -1 -0.167601 -1
v -0.766318 0.415285 0.257842
v -0.747008 0.417121 -0.0975761
v -1 -0.113602 1
v -0.756314 0.408238 -0.570197
v -1 -1.66533e-16 -1
v -0.763292 0.389736 -0.764263
v -0.999701 0.0463993 1
v -0.781982 -0.0975336 0.420127
v -1 0.167601 -1
v -0.425809 0.406874 -0.405239
v -0.43528 -0.0724372 -0.0666335
v -1 0.237745 1
v 0.418112 -0.777256 0.254027
v -1 0.335201 -1
v 0.447587 -0.794113 0.0781599
v 0.405346 -0.76102 -0.0845105
v 0.422001 -0.777842 -0.579497
v -1 0.396915 1
v -1 0.502802 -1
v -0.0727735 0.422986 -0.419177
v -0.12864 -0.0779922 -0.576816
v -1 0.670403 -1
v -0.109888 -0.0741257 -0.0892848
v -1 0.777057 1
v -1 1 -0.766118
v -1 1 -0.591295
v -1 1 -0.448803
v -0.0725107 -0.404726 0.42453
v -1 1 -0.281202
v -1 1 -0.113601
v -0.758818 0.416912 0.407224
v -1 1 0.0539993
v -1 1 0.2216
v -0.394153 0.392585 0.245023
v 0.430027 -0.0899816 -0.412672
v -1 1 0.411344
v 0.412818 -0.41291 0.251105
v 0.409043 -0.411731 0.0923436
v -1 1 0.556802
v 0.423217 -0.404228 -0.0803202
v 0.374422 -0.401375 -0.599261
v 0.414677 -0.770944 0.423449
v -0.0782669 0.425353 -0.589936
v -0.08968 0.421053 -0.759993
v -0.101496 -0.0880162 0.413642
v -0.730006 -1 -1
v 0.425506 0.425358 -0.420706
v -0.626843 -1 -1
v -0.670403 -1 1
v 0.394934 -0.0751894 0.271823
v 0.424574 -0.0771783 0.0767889
v 0.40491 -0.0824067 -0.591953
v 0.415493 -0.104522 -0.761276
v 0.44431 -0.0640025 -0.0687016
v 0.419379 -0.413022 0.417779
v 0.423248 0.41949 0.253943
v 0.422177 0.440656 0.0825907
v 0.451966 0.446242 -0.0884
v -0.7784 1 1
v -0.724402 1 -1
v 0.428869 0.429755 -0.59955
v 0.409337 0.43172 -0.769089
v -0.6216 0.999689 1
v -0.502802 -1 -1
v -0.502802 -1 1
v -0.237015 0.265388 -0.921086
v -0.502802 1 -1
v -0.502802 1 1
v 0.885214 0.0946626 -0.0741125
v -0.758181 0.899395 -0.774067
v -0.335201 -1 -1
v -0.317117 -1 1
v 0.883908 -0.0879406 0.0658083
v -0.768741 -0.888072 0.415071
v 0.448833 0.767013 0.892066
v 0.596689 -0.909312 -0.920364
v -0.335201 1 -1
v -0.902131 -0.904887 0.5848
v -0.167601 -1 -1
v -0.167601 -1 1
v -0.753275 -0.934055 0.891332
v -0.416614 -0.90176 0.917729
v 0.918718 -0.608367 0.910184
v -0.167601 1 1
v 0.9176 -0.0952167 0.884899
v 0.0150769 -1 -1
v -1.66533e-16 -1 1
v -1 -0.254203 1
v 1 -0.857346 0.873759
v -0.912789 -0.918715 -0.897763
v 0.927822 -0.908155 0.915958
v -1.66533e-16 1 -0.999999
v 0.167601 -1 -1
v 0.167601 -1 1
v 0.295228 0.569864 0.739165
v 0.0431053 0.738374 0.744437
v 0.144338 0.741164 0.75315
v 0.167601 1 -0.999999
v 0.167601 1 1
v -0.545689 -0.0407554 -0.206783
v 0.335201 -1 -1
v 0.335201 -1 1
v -0.376215 -0.295276 0.0539808
v 0.129325 0.688219 0.55791
v 0.335201 1 -0.999999
v -0.779716 0.724253 -0.41068
v -0.586285 0.542752 -0.438905
v 0.502802 -1 -1
v 0.502802 -1 1
v -0.0343541 -0.201081 0.811236
v 0.0367318 -0.127869 -0.189628
v -0.521462 0.0449339 -0.0970303
v -0.178625 -0.040883 0.800907
v 0.402651 1 1
v 0.502802 1 -0.999999
v -0.113114 -0.443956 0.600501
v 0.670403 -1 -1
v 0.670403 -1 1
v -0.862201 1 -1
v 0.670403 1 -0.999999
v 0.670403 1 1
v 1 -0.640601 1
v -1 -1 0.862201
v -1 0.91075 0.922293
v 1 -1 -0.670403
v 1 -1 -0.502802
v -1 0.278401 0.875701
v 1 -1 -0.335201
v -1 0.1108 0.875701
v -1 -0.0434322 0.869295
v 1 -1 -0.1676
v -1 0.40902 0.857822
v 1 -1 5e-07
v 1 -1 0.167601
v -0.86744 -0.435079 1
v 1 -1 0.335202
v 1 -1 0.502803
v 1 -1 0.670404
v 1 -0.7784 1
v 1 -0.670403 -1
v -1 -1 -0.865003
v -0.865003 -1 -1
v 1 -0.556801 -1
v -1 -0.865003 1
v 1 -0.502802 1
v 1 -0.3892 -1
v 0.568067 -0.626281 -0.881058
v 1 -0.260468 -1
v 1 -0.167601 1
v 1 -0.0539989 -1
v -0.616766 -0.705834 0.748113
v 0.999999 -1.66533e-16 1
v 0.999999 0.618755 0.723303
v 1 0.113602 -0.999999
v 1 0.720005 -0.738044
v 0.471906 0.808612 1
v 0.687852 -0.551539 -1
v -0.134556 -0.223024 -1
v 1 0.281202 -0.999999
v 0.999999 0.335201 1
v 1 0.448803 -0.999999
v 0.999999 0.502802 1
v 1 0.616404 -0.999999
v 0.854621 0.214528 0.634823
v -0.797505 -1 0.629905
v 0.9999 1 -0.579649
v -0.278994 -0.307721 -1
v 1 1 -0.464821
v 1 1 -0.335201
v 1 1 -0.1676
v 0.438863 1 0.875962
v 0.999999 1 0.000730276
v 0.999999 1 0.167601
v 0.998985 1 0.352529
v 0.23199 -0.188568 -0.8591
v 0.999999 1 0.502803
v -0.404841 -0.226777 0.762265
v 0.999999 1 0.733747
v -0.744601 0.703962 -1
v -0.452384 0.680208 0.515066
v -0.490921 -0.301989 0.702484
v 0.496898 -0.464686 -0.355292
v -0.649348 0.54142 -0.689202
v -0.210309 -0.197212 0.653298
v -0.563569 0.276697 -0.634972
v 0.048566 -0.140505 0.865017
v -0.0419002 -0.0390978 1
v 0.207399 0.0538755 1
v 0.0905658 0.155319 1
v -0.378503 -0.210902 -1
v 0.623347 -1 -0.734808
v 0.794702 1 0.713705
v 0.071285 -0.0624125 -1
v 0.627102 -0.875701 -1
v -1 0.668631 0.877257
v -0.810604 -0.347735 0.891298
v 0.719406 -1 -0.528031
v -0.049928 -0.627318 -1
v 0.615792 -1 -0.639252
v 0.526217 -0.871532 -1
v 0.713704 0.710902 1
v -0.878503 -1 0.0433018
v 0.878503 -0.546104 1
v -0.879849 -1 -0.935217
v 1 -0.54469 0.886283
v -0.933191 -0.912927 0.779923
v -1 0.784468 0.785457
v -0.4332 0.729211 -1
v -0.464827 -0.619919 -1
v -0.891591 1 -0.706303
v 1 0.296441 -0.2403
v 0.913176 -0.76827 0.901532
v -0.262615 0.282278 0.762219
v -0.433806 -0.4734 0.616036
v -0.00222802 0.0894905 0.586171
v -0.0967946 -0.129119 0.588117
v 0.27753 0.561624 0.417
v -0.225282 0.117965 0.586284
v -0.0916635 0.0395235 0.413304
v -0.427633 0.395228 -0.737832
v 0.260677 0.214445 0.690783
v -0.765695 0.431539 -0.399378
v -0.226838 0.265008 1
v -0.377102 0.0866029 1
v -0.162875 0.184493 0.513965
v -0.651934 0.714112 -0.492907
v 0.0151308 -0.406266 -1
v 0.338567 -0.183948 0.503076
v -0.8757 0.7649 1
v -0.587745 0.118629 -0.89991
v -0.752969 -0.221354 -0.908217
v -0.729442 0.120749 -0.913671
v -0.768368 -0.0708075 -0.908597
v 0.774429 -0.902608 -0.442408
v -0.245789 0.461318 -0.899666
v 0.879299 0.122891 -0.650755
v 0.919098 -0.251175 -0.303242
v 0.894339 -0.250396 -0.479176
v 0.919669 -0.589259 -0.305062
v 0.8992 -0.58703 -0.457909
v -0.576763 0.894934 0.747696
v -0.573885 0.904583 -0.781321
v 0.799701 0.920531 0.242308
v 0.91648 -0.583217 0.413653
v 0.917917 -0.579541 0.199114
v 0.759874 0.904274 0.399124
v 0.912837 -0.242317 -0.15163
v 0.91571 -0.587637 0.0333262
v 0.92085 -0.586827 -0.13655
v -0.914234 0.762768 -0.197252
v -0.92066 0.587186 -0.178591
v -0.91486 -0.253266 -0.232896
v -0.889425 0.0847044 0.581332
v -0.910161 0.0809696 -0.723575
v -0.907884 -0.250711 -0.723838
v 0.889435 -0.767121 -0.619096
v -0.918795 0.576898 0.135208
v -0.93155 0.564539 -0.0536632
v -0.902411 0.253618 -0.382225
v 0.583726 -0.902617 -0.412185
v -0.909162 0.0809688 0.294262
v -0.903232 -0.253003 -0.378152
v 0.905017 -0.419837 -0.296358
v 0.889155 -0.420543 -0.480251
v 0.874663 -0.392665 -0.657341
v -0.905339 0.0840569 0.440818
v -0.756494 -0.902468 -0.227679
v -0.908126 -0.764706 -0.217219
v 0.923061 -0.416601 0.200106
v -0.919903 -0.739874 0.768557
v 0.904212 -0.0742691 -0.466343
v 0.897816 -0.0861729 -0.614295
v 0.902379 -0.416149 -0.128487
v -0.899759 -0.769878 0.286479
v -0.745865 -0.918275 -0.358708
v -0.907086 -0.766756 -0.385238
v -0.914334 0.0805727 -0.576866
v -0.914466 -0.256897 -0.543052
v -0.764155 -0.905597 -0.0759541
v -0.907273 -0.761552 -0.049214
v 0.919983 -0.0823913 -0.107619
v -0.907503 -0.760358 0.118233
v -0.905356 -0.084271 -0.738482
v -0.903134 -0.768117 -0.555834
v -0.773605 -0.922734 -0.564329
v -0.921695 0.42043 -0.186562
v -0.893824 0.42128 0.759159
v -0.900167 0.422132 0.63132
v -0.890672 0.41843 0.245164
v -0.904691 0.418367 0.107169
v -0.904475 0.422548 -0.0536958
v -0.0858163 0.425076 -0.897835
v 0.915449 0.258166 0.200728
v 0.914291 -0.0963061 0.539142
v 0.916895 -0.251064 0.719448
v 0.419365 0.0711221 0.887895
v -0.0845729 0.713189 0.894741
v 0.745693 -0.0942387 0.899571
v 0.417133 -0.0813293 0.90517
v 0.918644 0.412543 0.540537
v 0.918591 0.269074 0.698238
v -0.0659599 -0.436972 0.920601
v -0.418848 0.215917 0.909391
v -0.415552 0.0319054 0.894921
v 0.746236 -0.7541 0.896918
v -0.841168 -1 -0.545026
v -0.85571 -0.0569934 -1
v -1 -0.797271 -0.0936541
v -1 -0.797255 0.0751212
v -1 -0.794702 0.2486
v -1 -0.799479 -0.26123
v -1 -0.794991 -0.60222
v -1 -0.534076 0.908292
v -1 -0.798208 -0.4284
v 1 0.210902 0.0866032
v 1 -0.124299 0.421805
v 1 -0.286668 0.57184
v -0.753849 0.0380035 -0.913416
v -0.765393 0.233889 -0.908883
v -0.754317 -0.796307 -0.910795
v 0.712002 -0.912023 -0.59017
v 0.92971 0.263361 -0.196157
v -0.906604 0.587629 0.553524
v -0.910099 0.251095 0.721242
v -0.905274 0.252206 0.552036
v -0.909382 0.0830817 0.722694
v -0.918574 0.601252 0.0431052
v -0.899756 0.591885 0.399299
v -0.907211 0.252176 0.381346
v -0.901822 0.246853 0.228386
v -0.933637 -0.743418 -0.646745
v -0.923643 -0.76162 -0.298312
v -0.925648 -0.759246 0.0379614
v -0.925519 -0.760081 -0.129309
v -0.922916 -0.763544 -0.467124
v -0.758773 -0.913016 -0.458092
v -0.922974 -0.759278 0.205346
v -0.904362 -0.0861236 0.546197
v -0.904562 -0.0970249 0.395361
v -0.905972 0.421208 0.37885
v -0.26882 0.368225 -0.918822
v 0.423606 -0.106252 -0.898322
v -0.611051 0.894673 -0.922233
v 0.595697 -0.101799 -0.905653
v -0.0835921 0.139452 0.918069
v -0.0717646 0.808498 0.911354
v 0.924457 0.243695 0.796056
v -0.250573 0.753579 0.908523
v -0.111654 -0.549448 0.896075
v 1 0.257676 0.676578
v 1 -0.0838004 0.505605
v 1 -0.25031 0.679294
v 1 0.259019 0.177316
v 1 0.424818 0.510975
v -0.596906 -0.48601 -0.254438
v -0.733614 0.0710502 -0.246942
v -0.577998 -0.653988 -0.254829
v -0.69003 0.621198 0.706856
v -0.243872 0.669092 0.584385
v -0.254088 0.673662 -0.238375
v 0.758152 0.543526 0.587428
v -0.239954 -0.483727 0.596432
v -0.36315 0.563809 0.592344
v -0.255411 0.47473 -0.246219
v 0.00834749 -0.280748 0.581476
v 0.746072 -0.161679 -0.282204
v 0.755011 -0.297891 0.767409
v 0.739899 -0.65756 0.761122
v 0.769775 -0.660676 0.583041
v 0.75695 -0.646021 -0.263335
v 0.486847 0.0618781 0.775389
v 0.575006 0.517655 -0.24729
v 0.0113927 0.252421 0.582371
v -0.47935 0.747916 0.758656
v -0.49347 0.752395 -0.254916
v -0.506909 0.582415 0.792545
v 0.312442 0.579692 -0.248592
v 0.0810287 -0.673931 0.580232
v 0.374065 -0.215594 0.755734
v 0.35402 -0.240343 -0.273208
v 0.146831 0.649079 -0.303623
v 0.138024 0.0702645 0.603846
v 0.744117 -0.855721 -0.2504
v 0.261901 -0.664622 0.765558
v 0.241771 -0.661732 0.58374
v 0.105765 0.787688 -0.24302
v -1 0.584959 -0.170083
v 1 -0.586603 -0.164798
v -0.00983124 -0.0634275 0.572707
v 0.120679 -0.753463 0.765635
v -1 0.247928 -0.343111
v 0.0653633 0.152061 0.571964
v -0.57814 -0.351212 -0.423873
v 0.649796 0.0888263 -0.418616
v -0.582354 -0.684601 -0.41978
v 1 -0.251357 -0.328397
v 0.525679 0.0802442 -0.431952
v 0.00661699 0.591245 -0.425903
v 1 0.251401 -0.332399
v 1 0.355329 -0.165747
v 0.767253 0.798552 -0.413715
v 0.747334 0.674332 -0.426489
v -0.223439 0.680212 -0.418842
v 0.751234 0.509758 -0.437236
v -0.250042 0.504207 -0.430272
v 0.759469 0.169829 -0.405371
v 0.672603 -0.249121 -0.418183
v 0.764774 -0.222578 -0.420936
v -0.585403 -0.508772 -0.418773
v -0.246302 -0.469574 -0.420099
v 0.58323 0.347358 -0.414096
v 0.576478 -0.275012 -0.434767
v -0.457163 -0.409914 -0.244956
v 1 -0.586603 -0.332399
v -0.627329 0.676795 0.293319
v 0.667601 -1 -0.586602
v -0.693915 -0.26147 -0.593941
v -0.543967 -0.67569 0.110231
v -0.154786 -0.628396 -0.557794
v -0.34031 0.259995 0.270194
v -0.589967 0.182352 0.243128
v -0.608892 -0.467327 0.2596
v -0.602432 -0.838231 -0.0769474
v -0.588795 0.0404734 -0.754251
v 0.0800448 0.306919 -0.758944
v -0.574672 -0.303055 -0.0792713
v 0.159535 0.583345 -0.762818
v 0.317903 0.0893552 -0.583092
v 0.0824521 0.678524 -0.0809738
v -0.600095 -0.507051 0.0889888
v -0.185037 0.589569 -0.603271
v 0.674206 -0.248625 0.0853966
v -0.601211 -0.699364 -0.0768828
v -0.564474 -0.647199 0.280769
v -0.60433 -0.710302 -0.588553
v -0.239598 0.311252 0.258427
v 0.759545 0.377981 -0.592127
v 0.0837159 0.701285 0.0836602
v 0.667668 -0.238883 -0.0819512
v -0.248987 -0.354103 0.0825268
v -0.273532 -0.700719 -0.0905991
v 0.255267 0.642776 -0.0871986
v 0.0361778 0.598836 -0.775015
v 0.0768795 0.820313 0.098643
v 0.560095 0.00482219 -0.0897077
v -0.177322 -0.611427 0.266333
v 0.695593 0.0695276 0.0803697
v -0.588531 -0.524 -0.760659
v 0.8372 -0.0706861 0.591552
v 0.187265 0.0791942 -0.593081
v 0.500037 -0.265834 -0.0947094
v -0.699919 -0.230996 0.0700266
v -0.490639 0.0879879 0.223554
v -0.594978 -0.515223 -0.0842957
v 0.741172 0.521524 0.0847158
v 0.738892 0.593189 -0.0979627
v -0.690167 0.0423524 -0.0552877
v 0.566968 0.497786 -0.0922552
v 0.102562 0.281778 0.242127
v 0.775698 0.0349044 -0.103477
v 0.491358 0.242085 0.264638
v 0.789783 -0.30162 -0.539156
v -0.266973 -0.0357391 0.0788726
v 0.762576 -0.500202 0.247496
v 0.758887 -0.456916 0.0672373
v 0.77564 -0.502459 -0.558745
v -0.215709 -0.157297 -0.050615
v 0.670755 -0.588324 0.0871735
v 0.753695 -0.638118 -0.0871685
v -0.243664 -0.518534 0.079153
v -0.316529 0.731439 -0.579684
v -0.247969 -0.532924 -0.0802714
v 0.582032 0.628892 -0.0751786
v -0.590611 -0.29922 -0.771527
v 0.583488 0.302515 0.251536
v -0.230824 -0.803916 0.111923
v 0.588683 0.0111416 0.0898263
v 0.579635 -0.162838 0.246173
v 0.561772 -0.400285 -0.588406
v 0.574532 -0.321452 -0.768497
v -0.043282 0.579515 -0.59098
v 0.741867 -0.320146 0.264446
v -0.587058 -0.519607 -0.584551
v 1 -0.251401 -0.5
v -0.545521 0.743088 -0.588057
v -0.535136 0.762507 -0.76131
v -0.800657 0.0609002 -0.109559
v -0.526552 0.5634 0.0900994
v 0.0062404 -0.593698 -0.575685
v 0.318455 0.568131 0.0867007
v 0.314409 0.580414 -0.761582
v 0.346163 0.0697795 0.254814
v 0.763113 0.622946 -0.761982
v 0.361478 -0.571123 -0.583886
v 0.227245 0.736265 -0.763861
v 0.235478 0.494313 -0.588443
v 0.600928 0.794992 -0.0759885
v 0.275965 -0.0262723 -0.571963
v -0.584532 0.514583 0.252602
v -0.685999 0.265789 -0.0999833
v 0.173939 -0.580541 0.245885
v 0.256083 -0.638993 -0.603726
v 0.118071 -0.593002 -0.570521
v 0.25374 -0.773029 0.248691
v 1 -0.586603 0.170403
v 1 -0.591584 -0.49354
v 0.0801128 -0.545339 -0.0823726
v 0.772234 0.61181 0.103008
v -0.0838381 0.834865 0.775656
v -1 0.586603 -0.00280169
v 1 -0.586603 0.00280269
v -1 0.750408 -0.000642657
v -1 0.589588 0.159031
v 1 -0.419002 -0.164798
v 0.081785 -0.174767 0.409315
v 0.66927 -0.585638 0.411854
v -0.199905 0.737593 0.418338
v -0.642872 0.327633 0.460209
v 0.569557 -0.67297 0.412898
v 0.775049 -0.036772 0.419573
v 0.756678 -0.503991 0.402015
v 0.38343 0.811227 0.612232
v -0.613681 -0.489034 0.415482
v 0.0698236 0.107365 0.413515
v 0.618059 0.685565 0.387828
v 0.267437 -0.675682 0.420819
v 0.242208 -0.825044 0.410301
v 0.0151643 0.754285 0.429665
v 1 -0.419371 -0.327413
v -0.758593 -0.763401 -0.594219
v -0.0801176 0.677633 -0.419134
v 1 -0.419645 -0.496207
v 0.102429 -0.754114 0.424277
v 1 -0.0823448 -0.490744
v -0.159065 -0.42473 0.416629
v 0.882604 -0.41214 0.423271
v -0.754203 -1 -0.505604
v 0.712618 0.396779 0.0861699
v 0.409374 0.17713 0.256911
v -0.00351042 -0.089035 0.422605
v 0.405348 0.510172 0.411097
v 0.259067 0.277366 -0.314853
v 0.243233 -0.26265 0.337646
v 0.244599 0.243528 -0.173673
v 0.261481 0.0889231 -0.675745
v -0.588388 0.262945 0.042278
v 0.266744 0.25981 0.158728
v -0.741515 0.579005 0.149497
v -0.76945 0.0919893 0.389346
v -0.740081 0.145596 -1
v 0.261684 -0.084159 0.332162
v 0.767587 -0.0715718 0.265149
v -0.615045 0.411131 -0.0149275
v 0.406834 0.263997 -0.00132399
v 0.259277 0.412831 0.211053
v 0.573876 0.417374 -0.292956
v 0.249836 0.411056 -0.345843
v 0.419018 0.063027 0.342833
v -0.743728 -0.0762228 0.170099
v -0.750428 0.415189 0.0470827
v 0.406693 0.407326 -0.502184
v 0.405223 0.413321 -0.337265
v -0.17217 0.156064 1
v -0.432064 0.180589 1
v -0.926534 0.811357 0.929045
v -0.901547 -0.838005 0.73925
v 0.925531 0.0095201 -0.0885423
v -0.904167 -0.590075 0.494745
v -0.8688 -0.391286 0.323509
v -0.900106 0.918677 -0.0606818
t 1944 784 2558 533
t 245 516 527 618
t 1046 1980 705 2020
t 1018 2907 1029 2069
t 1384 1311 189 197
t 254 2276 263 2090
t 333 28 2651 129
t 230 328 2286 241
t 72 1346 619 984
t 508 1692 414 2551
t 1321 2440 25 2439
t 2156 2044 1205 1723
t 617 1381 1665 2930
t 2933 225 2756 1346
t 1615 1674 222 1676
t 1381 1379 731 720
t 2133 1253 616 2755
t 408 71 1287 521
t 2450 2417 1206 1205
t 2341 1294 389 388
t 193 2035 9 194
t 143 144 2092 1627
t 194 284 2035 9
t 1622 2096 236 237
t 977 1095 2048 2050
t 515 702 1252 511
t 515 704 511 1266
t 662 1271 741 175
t 1530 212 10 508
t 213 1272 508 1530
t 212 164 291 1424
t 395 2151 505 1217
t 480 11 1369 600
t 1002 2909 1013 1003
t 610 636 2651 611
t 2051 529 2146 518
t 1553 426 13 557
t 2121 1613 488 487
t 437 438 2041 2038
t 426 758 532 1283
t 227 163 131 2096
t 131 2791 2096 163
t 92 2322 1278 2107
t 708 2430 810 809
t 1032 1033 3023 1148
t 2993 278 522 1313
t 199 1386 2641 15
t 1314 276 1260 2130
t 928 929 2198 2194
t 920 921 2422 2198
t 499 1330 2403 1406
t 588 2409 598 2247
t 535 2147 1216 2451
t 606 1224 2246 515
t 1096 465 2411 2183
t 425 2163 1244 426
t 1100 2183 2382 348
t 614 717 604 716
t 2956 326 239 240
t 1549 606 16 536
t 1055 1054 1066 2256
t 992 1107 991 2358
t 2758 855 965 3082
t 827 919 2920 705
t 2288 707 696 695
t 3071 2976 148 147
t 3019 1043 1033 1032
t 548 657 547 2395
t 1544 276 17 552
t 278 377 552 2644
t 471 2987 2454 2539
t 2531 855 1299 3096
t 1076 1678 1086 1190
t 1051 1062 2165 2047
t 1170 1441 1178 995
t 963 2186 952 1083
t 748 2214 2215 1700
t 662 2645 3069 671
t 626 3065 714 2242
t 600 2919 2288 2036
t 138 2096 2647 236
t 594 712 2389 603
t 1028 1038 2355 2415
t 623 674 2652 1534
t 487 614 2347 497
t 864 2074 1439 1222
t 864 967 1222 2616
t 3063 1439 1222 977
t 2960 2349 3030 474
t 826 1529 917 918
t 750 2531 3096 1317
t 2763 120 1326 2545
t 813 2581 1252 902
t 2622 1642 40 376
t 2172 2632 1109 1942
t 1315 1309 1213 2619
t 1098 2718 1787 359
t 2903 482 2657 493
t 2108 2320 94 1510
t 486 2638 781 2074
t 2967 17 276 1314
t 191 1313 2993 2390
t 1321 2439 25 676
t 15 2653 2552 26
t 637 2756 1381 2933
t 734 2969 3086 835
t 726 830 3039 2969
t 729 2688 533 874
t 1420 423 422 432
t 1248 1349 19 1350
t 1252 2274 1261 2723
t 770 927 2466 916
t 1693 956 862 863
t 1350 1248 61 19
t 2501 589 588 2987
t 534 1331 27 1551
t 841 2519 3080 1299
t 1185 1196 1186 2425
t 2050 1959 1517 1442
t 1591 761 347 2636
t 1558 2370 2256 1169
t 2311 1558 1169 2342
t 505 590 579 1369
t 2644 377 2981 2177
t 2373 1710 413 2761
t 2569 1629 608 2453
t 503 1379 826 731
t 2385 1270 2226 815
t 720 2497 2769 2284
t 983 1169 20 2342
t 282 382 452 285
t 841 770 3099 721
t 285 387 382 452
t 2586 281 2760 626
t 2519 1332 3002 943
t 2886 3104 524 1941
t 2941 2863 1174 982
t 1171 2099 1181 2702
t 1483 3051 1930 2868
t 924 2986 2473 2595
t 831 2441 2591 3033
t 493 2150 22 2657
t 718 1660 825 728
t 493 22 2150 610
t 495 673 2407 2562
t 600 1368 1629 22
t 2543 3041 213 1304
t 3101 3094 214 2543
t 2163 523 1539 2152
t 1019 1030 1134 2907
t 39 152 48 2615
t 1170 2862 1231 1489
t 1071 2063 1082 2042
t 1203 1529 819 2430
t 2390 1543 287 525
t 225 1346 2933 2914
t 728 2221 1656 2438
t 941 2599 952 2999
t 915 2592 926 3018
t 2521 188 2965 197
t 230 2286 23 2250
t 309 1251 1588 23
t 712 2227 2582 2384
t 712 2582 2227 812
t 614 613 622 716
t 218 24 742 304
t 625 718 728 1320
t 613 1234 25 277
t 620 25 675 724
t 2552 2374 2653 287
t 26 385 384 1653
t 534 637 646 27
t 611 1462 636 2727
t 611 1462 2727 1817
t 4 1444 1735 1263
t 2050 1095 1263 1442
t 805 1263 1095 1442
t 33 3071 2825 34
t 34 2388 2817 35
t 34 2825 43 3071
t 34 2388 148 43
t 35 2145 2809 36
t 1449 369 2133 360
t 35 2817 44 2388
t 1598 30 1661 383
t 36 2820 2446 37
t 36 2809 45 2145
t 36 2446 2145 45
t 37 151 2444 38
t 61 2285 391 602
t 38 2443 2815 39
t 1213 153 2615 48
t 39 2815 48 2443
t 39 152 2443 48
t 1213 153 49 1434
t 1213 153 48 49
t 1731 154 612 40
t 1431 49 3109 615
t 41 155 52 42
t 41 42 2447 155
t 42 3071 2339 43
t 41 51 52 155
t 42 156 155 52
t 43 2388 2248 44
t 43 2388 148 157
t 44 2145 2114 45
t 45 2446 2338 46
t 45 2338 2114 55
t 45 2446 2145 159
t 46 2444 2337 47
t 47 2443 2334 48
t 48 2386 2334 58
t 48 152 2443 162
t 49 3109 615 2386
t 49 153 48 2386
t 495 1391 484 31
t 495 506 1827 219
t 593 1099 711 700
t 40 398 612 1597
t 2734 675 620 1827
t 40 376 154 398
t 51 52 155 165
t 52 53 2339 2494
t 52 156 155 165
t 53 54 2248 2436
t 54 55 2114 2280
t 55 56 2338 2488
t 55 2488 2280 66
t 55 2338 2114 169
t 56 57 2337 2482
t 57 58 2334 2481
t 58 59 2386 2529
t 58 2529 2481 3110
t 58 2386 2334 172
t 59 173 69 60
t 864 967 1496 956
t 59 173 2529 69
t 59 2529 173 2386
t 956 1076 967 1496
t 61 60 602 612
t 62 2495 2331 63
t 63 177 2331 74
t 64 2436 2275 65
t 64 2275 178 75
t 65 179 2275 76
t 66 67 180 77
t 66 2488 2280 180
t 68 2481 2329 3110
t 68 67 79 2993
t 68 2329 2993 79
t 3110 2529 80 69
t 3110 183 2329 80
t 3110 2529 2481 183
t 69 80 81 184
t 69 173 2529 184
t 70 81 82 193
t 70 2108 193 82
t 264 1253 2133 2134
t 2722 1375 629 284
t 61 186 2285 981
t 61 2285 602 60
t 61 391 2285 186
t 73 74 2331 2521
t 74 75 188 2517
t 74 177 2331 188
t 75 76 2275 2470
t 75 2275 178 189
t 76 77 190 2328
t 76 179 2275 190
t 77 78 67 1281
t 77 199 2328 88
t 78 2513 1232 89
t 79 80 2329 2511
t 79 191 2329 2993
t 80 81 192 2549
t 80 183 2329 192
t 81 82 193 2322
t 82 2108 193 194
t 1882 610 2906 1383
t 1879 409 1220 2759
t 82 93 94 2320
t 2757 1383 617 2930
t 84 2521 2317 85
t 493 610 2150 1882
t 85 197 2317 96
t 86 87 2470 1632
t 86 85 97 197
t 86 2270 197 97
t 87 2897 99 88
t 88 199 3028 89
t 1257 2759 409 1879
t 88 3028 2897 99
t 89 90 2513 1280
t 89 3028 100 2998
t 89 2326 2998 100
t 89 2513 1232 1280
t 90 91 2511 1279
t 90 207 2326 101
t 91 92 2549 1278
t 91 3090 2324 102
t 91 2511 1279 1278
t 2107 93 2322 1630
t 92 1536 3090 103
t 92 93 2322 2107
t 501 617 2586 1890
t 94 494 2106 105
t 95 2317 2315 96
t 2766 637 521 534
t 1890 617 3081 1665
t 96 197 202 97
t 96 197 2317 202
t 97 2270 2262 98
t 98 2897 2102 99
t 99 3041 112 100
t 99 100 3028 1535
t 99 3028 2897 1535
t 100 2326 2312 101
t 368 1358 1274 83
t 101 2324 2310 102
t 102 3090 2361 103
t 102 2361 2310 114
t 103 1536 3090 2361
t 104 2106 2100 105
t 1890 2930 617 1665
t 2757 1890 2930 617
t 501 617 1890 2757
t 129 2651 611 610
t 107 108 2315 2547
t 493 610 1882 129
t 493 1506 610 129
t 108 109 2313 2545
t 108 1548 2547 119
t 531 2398 1324 532
t 531 1230 643 752
t 532 645 2398 1324
t 110 111 1530 1272
t 752 760 653 643
t 111 112 3041 2543
t 112 113 2312 3101
t 112 3101 2543 123
t 112 2312 100 214
t 113 114 2310 2542
t 113 215 3101 124
t 114 115 2361 2572
t 114 2572 2542 125
t 114 2361 2310 1717
t 115 2572 3059 2361
t 984 130 1238 535
t 116 2352 2828 117
t 116 117 2100 2352
t 2886 130 3104 1473
t 984 130 535 524
t 117 2828 128 2352
t 118 218 483 119
t 118 119 2547 218
t 1859 1862 29 722
t 1914 1859 732 722
t 119 2306 1582 120
t 119 120 2545 1325
t 119 483 1582 605
t 119 224 605 1582
t 119 2545 1548 1325
t 484 451 132 1818
t 110 1272 2763 1077
t 122 2304 131 123
t 122 163 131 227
t 123 2303 475 124
t 123 131 481 2304
t 123 1323 3101 2543
t 124 2301 475 125
t 124 3089 2303 475
t 124 1322 215 3101
t 124 215 1322 1715
t 125 2572 2351 126
t 125 475 133 2301
t 125 2351 2301 133
t 126 2353 2097 127
t 127 2899 136 128
t 128 231 2899 136
t 1494 2300 2611 137
t 1494 137 1582 2300
t 137 2300 224 1582
t 120 2647 14 1348
t 120 1582 1348 2306
t 2545 212 1325 1326
t 163 2647 2096 226
t 131 237 139 481
t 2791 138 139 2096
t 131 237 2096 139
t 481 139 140 237
t 481 228 237 140
t 475 2301 2299 133
t 475 140 141 229
t 133 2351 2350 134
t 133 2350 2299 142
t 133 2351 2301 2956
t 134 2097 2092 135
t 135 2899 2091 136
t 163 120 2647 14
t 163 138 2096 2647
t 136 231 2091 145
t 137 224 2300 234
t 212 10 164 754
t 2648 314 305 1420
t 236 235 226 2647
t 140 141 229 239
t 140 228 237 238
t 142 2350 2299 240
t 145 231 2091 243
t 212 164 24 754
t 213 1304 292 508
t 146 2296 2447 147
t 147 2447 156 2296
t 148 248 157 149
t 3071 148 2976 157
t 149 249 158 150
t 149 157 158 2936
t 150 2964 2446 151
t 150 158 159 2898
t 151 2446 160 2974
t 720 174 2497 1379
t 151 252 161 152
t 151 160 161 2959
t 152 161 162 2975
t 153 254 2090 154
t 153 162 2386 263
t 2641 26 286 292
t 26 286 292 1653
t 1271 2645 761 175
t 156 2976 2339 3071
t 156 155 165 2989
t 156 258 2989 166
t 157 2936 2248 158
t 157 2339 167 3024
t 157 259 3024 167
t 158 2898 2114 159
t 158 2248 168 2950
t 158 268 2950 168
t 159 2114 169 2898
t 159 261 2898 169
t 160 2959 2337 161
t 160 2338 170 2995
t 160 262 2995 170
t 161 2975 2334 162
t 161 2337 171 2971
t 161 271 2971 171
t 162 3064 172 2386
t 162 2386 263 3064
t 162 2334 172 2975
t 2645 779 769 3069
t 175 862 2645 761
t 2645 769 779 862
t 2090 264 615 2692
t 154 2090 615 2692
t 676 2439 1376 726
t 676 1376 2991 726
t 2692 2090 264 980
t 167 267 3024 178
t 167 259 3024 267
t 168 169 2898 2896
t 168 268 2950 179
t 169 269 2896 180
t 169 2896 261 2898
t 169 261 2896 269
t 170 270 2995 181
t 170 262 2995 270
t 171 172 2975 2963
t 171 278 2971 182
t 172 3064 2963 183
t 172 2975 2963 3064
t 120 14 195 1348
t 173 263 3064 1253
t 120 195 2306 1348
t 391 30 602 186
t 176 3015 2331 177
t 176 177 2989 3015
t 177 2331 188 3015
t 544 1271 648 27
t 178 2934 2275 179
t 178 179 2950 2934
t 179 2275 190 275
t 179 2934 268 2950
t 179 268 2934 275
t 180 181 2995 2967
t 180 1386 190 77
t 181 278 2993 182
t 181 182 2971 278
t 181 278 522 2993
t 181 2967 270 2995
t 181 270 2967 1544
t 182 278 192 183
t 182 183 2963 278
t 27 751 1271 648
t 27 646 759 741
t 171 278 271 2971
t 183 184 3064 279
t 183 278 272 2963
t 183 272 278 279
t 2035 1312 280 184
t 544 545 2451 599
t 193 1312 2035 184
t 184 279 280 3064
t 544 1271 2144 599
t 545 2451 599 654
t 185 193 194 2035
t 185 186 1215 194
t 1344 654 1271 761
t 185 602 1215 186
t 187 188 3015 2448
t 2521 2448 196 2965
t 189 190 275 283
t 190 286 1632 199
t 199 2641 1386 190
t 191 2390 1232 1280
t 191 278 2993 1313
t 192 2449 1278 193
t 192 288 1279 1278
t 193 9 1630 194
t 193 9 1278 1630
t 185 184 2035 280
t 2742 1190 805 200
t 194 186 1215 2037
t 2862 811 1902 986
t 1902 986 811 2309
t 205 365 1110 1111
t 2521 2965 2317 197
t 197 2317 202 2965
t 197 290 2965 202
t 188 2965 282 2448
t 197 282 2965 1413
t 1110 378 995 2079
t 203 291 1384 197
t 199 2897 1535 513
t 1651 2606 217 256
t 1131 2716 675 711
t 454 1099 711 1131
t 1768 219 484 2699
t 1098 1522 284 2718
t 494 289 1630 210
t 201 742 2315 202
t 2183 2411 473 466
t 1100 132 1766 1721
t 202 1548 2313 203
t 1100 484 1096 132
t 202 2315 1548 742
t 630 733 620 370
t 203 291 2262 204
t 203 204 286 291
t 203 291 2726 212
t 204 2262 1530 508
t 206 293 1535 3041
t 206 2653 513 293
t 206 3087 2312 207
t 206 207 525 3087
t 206 3087 3041 214
t 206 287 2653 293
t 207 2962 2310 208
t 207 208 525 2962
t 207 2312 215 3087
t 207 294 3087 215
t 637 225 2756 2933
t 207 525 3087 294
t 208 3059 1717 2361
t 208 2310 1717 753
t 208 301 753 1717
t 208 2962 288 525
t 208 288 2962 609
t 225 1346 2914 648
t 703 1396 842 1223
t 2104 244 210 1536
t 2912 1046 502 935
t 705 1527 1035 1034
t 705 1035 1527 1046
t 732 731 503 833
t 210 295 1365 216
t 212 1548 1325 24
t 244 1225 2426 302
t 3101 1323 1322 3094
t 213 508 1272 1304
t 214 2460 3101 215
t 214 215 3087 2460
t 3101 3094 1322 2460
t 214 1304 3087 3041
t 214 3087 1304 3094
t 215 1322 1715 2460
t 215 1697 294 3087
t 221 3040 301 753
t 2104 216 210 244
t 290 245 1413 394
t 216 244 1365 210
t 290 245 2373 1424
t 216 303 295 1365
t 218 2231 223 605
t 218 605 2724 2231
t 1325 212 24 754
t 224 2724 2231 312
t 212 1326 10 754
t 212 1325 1326 754
t 212 1424 291 2726
t 226 314 305 2648
t 278 725 1313 723
t 495 277 1234 2562
t 221 309 2351 1400
t 221 1400 3059 309
t 221 2301 2956 3040
t 221 309 3040 2956
t 221 301 3040 309
t 1400 310 230 1714
t 1400 2351 230 2250
t 795 729 804 891
t 2558 628 875 533
t 222 2899 231 2917
t 222 303 310 2917
t 223 3027 2300 224
t 223 224 2231 311
t 224 2300 234 3027
t 224 312 3027 234
t 224 311 312 2231
t 226 314 2916 227
t 227 315 237 228
t 227 2096 237 2916
t 227 315 2916 237
t 227 306 314 315
t 228 229 3029 317
t 228 237 238 325
t 228 307 315 316
t 229 326 228 238
t 229 1715 3029 317
t 2250 2286 2350 230
t 2956 2350 2250 2286
t 2956 2299 240 239
t 2956 327 317 326
t 230 2080 2092 2899
t 230 2350 241 2286
t 2286 2721 327 328
t 230 23 1400 2250
t 2899 2078 2091 231
t 2899 231 2917 2078
t 2091 2092 242 2080
t 231 2091 243 2078
t 231 319 2078 243
t 233 234 3027 2783
t 234 235 3026 322
t 235 236 226 322
t 235 2767 3026 322
t 236 237 2916 324
t 236 322 323 226
t 226 314 322 323
t 237 315 2916 324
t 238 239 229 326
t 228 316 315 325
t 228 317 316 326
t 241 242 2080 1687
t 2286 328 327 241
t 242 243 2078 2782
t 242 2080 1687 329
t 243 2915 319 2078
t 243 319 2915 330
t 250 2485 2277 261
t 254 980 2090 154
t 154 2090 2692 980
t 1776 722 731 732
t 257 258 2490 2382
t 258 259 2487 2381
t 259 260 2434 2332
t 261 262 2485 2380
t 261 2380 2132 269
t 261 2485 2277 352
t 262 2959 2484 2379
t 2959 2975 2483 2378
t 2975 263 253 355
t 263 264 2276 2134
t 2727 722 732 29
t 30 602 186 616
t 268 269 2132 363
t 269 364 2954 276
t 269 2380 2132 364
t 271 272 2378 2524
t 278 552 366 270
t 272 1274 2524 279
t 280 710 1274 368
t 273 361 373 374
t 274 275 2480 375
t 984 130 524 2886
t 278 725 1544 1313
t 278 270 366 271
t 278 366 552 377
t 279 1274 1312 280
t 732 29 1891 619
t 279 1274 723 1312
t 984 2886 524 619
t 1598 2676 2737 61
t 1742 2540 1370 299
t 332 1370 61 2676
t 186 616 1215 2037
t 2373 394 290 450
t 450 413 300 331
t 1260 276 275 2130
t 276 1314 17 2130
t 276 1612 364 2954
t 1183 1182 2393 2359
t 288 1312 723 2341
t 331 413 2607 2882
t 1598 299 371 2737
t 1742 1370 332 299
t 1370 1390 1722 332
t 1409 1390 332 1722
t 94 1409 82 2108
t 283 1311 1384 255
t 380 1661 220 383
t 1449 482 369 360
t 1526 2706 1640 334
t 1640 1526 334 153
t 154 1640 334 153
t 154 1642 1576 334
t 287 2653 293 2374
t 287 2372 2374 293
t 1554 347 1869 1567
t 287 396 725 2552
t 287 725 396 2372
t 288 397 2341 723
t 288 2341 397 1294
t 335 1496 956 864
t 335 945 956 1496
t 1567 864 347 1201
t 1520 945 335 1496
t 761 1201 2636 1589
t 1201 2636 863 864
t 648 1591 357 1189
t 357 761 1201 347
t 289 2845 409 295
t 357 1187 1554 1866
t 289 284 1414 1787
t 654 357 761 358
t 654 599 1560 358
t 654 1869 358 1560
t 672 1202 2637 780
t 1589 2074 780 2638
t 359 380 1770 1733
t 359 380 333 1770
t 359 1770 400 1733
t 508 1272 1304 699
t 292 1292 699 1304
t 383 360 30 1661
t 293 1304 1695 1292
t 293 1691 1292 1695
t 360 383 220 1661
t 2722 2718 284 1522
t 301 2961 2426 609
t 370 630 733 1864
t 295 2845 409 410
t 371 299 2544 332
t 290 742 2726 2373
t 290 1424 2373 2726
t 2176 365 1110 372
t 2176 2681 372 1110
t 2489 1940 40 376
t 40 376 1910 2489
t 593 451 31 1131
t 1099 1131 451 593
t 378 1441 995 2010
t 1110 379 378 2079
t 301 418 2575 309
t 2681 2079 379 1110
t 301 2426 2961 418
t 381 1172 1680 2354
t 304 762 311 312
t 331 413 300 2607
t 1769 331 300 2607
t 314 305 1420 423
t 305 699 2128 306
t 305 699 2551 423
t 306 1292 425 307
t 306 425 2128 315
t 306 1292 699 424
t 307 1691 1292 425
t 308 607 317 309
t 309 317 1588 607
t 309 1251 607 1588
t 309 418 2575 1553
t 310 2917 2424 1264
t 310 1221 2424 1419
t 310 2424 1221 1264
t 2917 2424 1264 429
t 1768 2699 386 219
t 313 432 322 314
t 313 431 432 1420
t 314 2128 2916 315
t 315 316 425 2369
t 315 425 2128 434
t 316 317 3029 1244
t 317 607 326 327
t 317 316 326 2368
t 317 607 2368 326
t 1453 1769 387 1768
t 327 1251 607 446
t 1768 386 1769 387
t 318 2721 328 447
t 318 328 329 447
t 318 447 437 2721
t 319 449 2915 330
t 326 607 2368 445
t 2030 390 1988 967
t 330 448 449 2915
t 2716 454 711 1131
t 336 2314 2490 337
t 337 2490 349 2314
t 338 2487 350 349
t 339 2434 351 350
t 340 2277 352 351
t 341 3017 2484 342
t 341 2485 353 2982
t 341 469 2982 353
t 342 2484 354 3017
t 343 2483 355 354
t 345 463 1354 346
t 346 1354 395 463
t 346 464 463 395
t 361 1100 2382 266
t 393 1425 794 1898
t 350 2381 362 349
t 350 2960 349 362
t 351 2332 363 467
t 352 2132 364 2060
t 352 468 2060 364
t 454 804 794 472
t 354 353 366 3011
t 354 470 3011 366
t 355 2378 367 2987
t 355 479 2987 367
t 356 2903 368 2134
t 356 2134 1354 2903
t 356 710 368 355
t 356 471 355 368
t 1076 1190 390 1496
t 331 1663 450 1609
t 1663 394 285 387
t 516 1769 394 300
t 361 2360 2528 362
t 361 362 349 2360
t 361 373 374 484
t 362 2951 2480 363
t 362 363 467 2951
t 362 2528 375 2360
t 362 474 2360 375
t 2380 353 2982 3013
t 40 1910 398 1597
t 364 468 2060 476
t 353 3013 2380 1542
t 353 3013 469 2982
t 353 469 3013 1542
t 366 2362 2524 367
t 366 367 478 2362
t 1542 364 1233 3013
t 366 478 3011 377
t 366 470 3011 478
t 398 1826 61 1594
t 367 368 355 2416
t 217 265 256 2692
t 369 1217 1354 2903
t 1375 2718 1361 284
t 369 1449 1217 482
t 373 484 452 374
t 374 673 382 375
t 376 2489 1940 217
t 374 2360 484 1262
t 256 376 2590 217
t 375 1262 474 2360
t 1190 1498 492 401
t 363 2121 1612 364
t 363 364 2060 2121
t 363 2480 1613 627
t 364 2121 476 2060
t 364 3013 1612 1233
t 364 476 2121 1612
t 364 1612 3013 476
t 377 2981 478 3011
t 377 478 2981 490
t 367 2416 1274 368
t 367 2524 1274 2362
t 367 2416 2362 1274
t 367 479 2362 2416
t 368 1358 2416 1274
t 1101 2667 403 811
t 152 1636 1638 407
t 1525 39 407 1490
t 152 1490 407 39
t 1212 2715 2717 1484
t 2742 2703 1190 200
t 1208 2710 2711 412
t 384 385 1612 498
t 385 3008 1612 498
t 1233 2981 1229 2644
t 1233 2981 2644 377
t 377 2177 1654 2175
t 377 725 1654 2177
t 377 2177 490 2981
t 388 389 2258 1552
t 388 397 1294 1639
t 388 2258 2175 1552
t 956 485 1076 1496
t 389 501 1358 2258
t 415 2555 107 118
t 255 1641 624 384
t 406 396 1653 510
t 405 1653 624 509
t 397 520 1583 408
t 397 408 1639 520
t 397 2372 1583 570
t 397 520 570 1583
t 397 499 3004 1639
t 783 428 2642 2649
t 783 1950 1892 428
t 1161 436 2626 1497
t 1161 2626 436 2693
t 1710 414 517 528
t 404 405 624 518
t 518 624 622 1577
t 1671 304 218 211
t 450 1609 211 1671
t 495 484 219 31
t 408 2961 418 2977
t 408 521 2977 418
t 1861 1131 1818 451
t 452 285 387 1453
t 2052 2666 453 205
t 2052 453 18 205
t 1164 1958 454 392
t 472 1958 2016 393
t 393 472 794 1425
t 1425 1819 472 794
t 421 538 527 413
t 891 1004 2207 472
t 404 2051 1692 405
t 404 405 518 2051
t 404 414 1692 2116
t 405 1692 1292 2051
t 624 509 622 1577
t 406 531 1292 1691
t 417 532 1394 426
t 417 531 520 570
t 417 520 531 532
t 1225 409 1226 2049
t 418 2575 1553 557
t 418 521 2977 1551
t 409 1221 1419 419
t 2862 986 2775 811
t 1101 811 2775 986
t 124 2798 1486 475
t 419 2257 1221 1264
t 419 410 2754 535
t 1485 475 140 141
t 419 1264 429 2257
t 419 535 2257 429
t 420 538 431 421
t 421 538 431 422
t 421 422 528 538
t 422 2946 432 423
t 422 431 432 2972
t 422 548 2972 432
t 422 528 538 539
t 423 433 2128 424
t 423 432 433 2946
t 423 540 2946 433
t 423 529 2946 540
t 424 2128 434 433
t 424 541 2901 434
t 424 2459 2905 541
t 123 131 1930 481
t 425 1394 2159 435
t 123 2304 481 475
t 131 481 139 1485
t 1485 139 140 481
t 475 228 481 140
t 1553 426 607 13
t 427 534 557 1331
t 427 2900 1580 2904
t 427 2904 544 2900
t 427 1251 1580 2255
t 427 554 2255 1580
t 945 1520 485 1496
t 427 534 1331 1677
t 1520 485 2064 945
t 1057 1180 485 1498
t 1498 1190 1180 485
t 1498 1190 485 401
t 1837 486 1869 358
t 358 1589 1201 761
t 429 535 2257 545
t 430 547 440 431
t 430 431 538 547
t 431 432 2972 3012
t 432 2944 441 433
t 432 433 2946 2944
t 432 548 3012 441
t 433 2901 443 434
t 433 424 2905 2901
t 433 441 442 2944
t 433 549 2944 442
t 433 2944 540 2946
t 433 540 2944 549
t 434 550 2369 435
t 434 435 2159 550
t 434 550 2901 443
t 424 2901 541 2905
t 434 541 2901 550
t 435 2369 444 550
t 435 551 550 444
t 435 1394 2159 551
t 426 607 13 523
t 426 1244 523 2163
t 426 1283 532 1394
t 1201 1909 864 486
t 1190 492 2703 401
t 94 1608 494 105
t 94 2320 494 1510
t 194 1630 1510 284
t 1510 289 284 1630
t 2038 2041 555 556
t 438 2041 2038 556
t 437 447 448 2900
t 437 555 2900 448
t 437 544 2900 555
t 438 448 449 2038
t 440 441 3012 559
t 440 547 558 559
t 441 442 2944 560
t 441 559 548 3012
t 441 548 559 560
t 442 443 2901 561
t 442 2344 549 2944
t 442 549 2344 561
t 443 444 550 563
t 443 562 550 2901
t 444 551 550 563
t 445 446 523 565
t 446 447 3058 565
t 446 565 553 523
t 447 448 2900 566
t 447 1580 3058 566
t 448 566 555 2900
t 448 555 566 567
t 459 2503 2298 468
t 461 2539 2501 2987
t 463 2297 395 464
t 463 462 1354 505
t 463 2297 505 395
t 500 781 1837 1960
t 465 2411 2183 466
t 465 466 2506 2411
t 500 781 2640 1929
t 466 2960 2504 583
t 466 583 2411 473
t 2960 467 2455 584
t 2960 584 2349 467
t 2201 1527 1044 502
t 467 468 585 595
t 502 1056 1527 1044
t 468 469 2503 2410
t 468 2410 595 476
t 468 2503 2298 586
t 469 470 2502 2409
t 470 2987 2501 588
t 470 588 2409 478
t 2539 1369 589 2454
t 471 505 1217 1354
t 471 1369 2454 480
t 503 826 1219 833
t 395 2297 505 2151
t 1346 1591 569 2914
t 395 1217 482 2151
t 715 1529 2138 504
t 473 474 2960 593
t 473 593 583 2411
t 284 1361 389 1787
t 2960 2349 474 467
t 467 2349 1610 595
t 467 2349 585 584
t 476 2410 2538 477
t 476 2538 2348 488
t 476 2410 595 596
t 477 597 2536 478
t 477 478 2409 597
t 478 1392 2535 479
t 587 2247 597 2409
t 587 2247 2409 588
t 479 2454 3076 480
t 479 1392 2535 491
t 463 580 462 505
t 471 1369 480 11
t 505 580 579 590
t 480 1369 2454 600
t 702 1254 1252 2333
t 507 2429 901 812
t 508 212 164 291
t 204 2262 508 291
t 692 702 511 797
t 495 1391 31 277
t 474 603 1262 2498
t 511 1252 2274 797
t 623 633 621 512
t 487 604 614 488
t 488 2538 2348 1224
t 489 2536 2403 490
t 1329 2652 674 717
t 490 2405 2175 491
t 490 2405 2403 499
t 3076 2569 1393 480
t 3076 480 2454 2569
t 491 2175 1552 2405
t 2239 643 747 633
t 491 608 1392 2535
t 512 2077 727 1242
t 480 2903 2657 1393
t 199 2897 513 286
t 480 2569 600 2454
t 480 600 2569 1393
t 199 2641 286 513
t 204 508 1530 1535
t 359 1787 400 2654
t 493 22 1604 2657
t 493 1604 22 610
t 1535 292 508 213
t 493 610 1506 1604
t 513 2641 286 292
t 1262 673 496 2407
t 244 301 302 2426
t 495 2562 1234 506
t 495 277 2407 1391
t 495 2407 277 2562
t 193 9 2449 1278
t 3059 244 1536 208
t 498 3008 2406 1329
t 498 2406 1224 1329
t 288 514 106 244
t 3008 1406 2564 510
t 499 625 1406 1639
t 596 2348 515 595
t 327 447 1251 446
t 842 721 1396 770
t 917 2267 1293 1652
t 1281 199 15 1386
t 181 1544 2967 522
t 522 1544 2967 17
t 426 523 13 2163
t 445 523 2152 564
t 506 245 517 618
t 506 631 618 517
t 2152 2392 1539 551
t 506 2562 1234 1327
t 413 527 421 1710
t 192 288 191 1279
t 497 622 624 498
t 497 1641 624 622
t 525 294 1543 287
t 509 622 623 498
t 533 628 2207 891
t 533 1231 986 1489
t 510 520 625 634
t 375 496 673 283
t 510 1406 2564 198
t 506 517 255 1641
t 2562 255 496 1641
t 501 2586 1552 1287
t 536 1270 1547 704
t 501 2453 1552 2586
t 1257 1226 409 2759
t 501 2586 617 2453
t 191 723 278 1313
t 191 2390 1543 1313
t 400 2654 1879 524
t 516 618 526 527
t 796 3035 1261 542
t 517 632 2346 518
t 891 542 628 3020
t 405 518 1577 624
t 405 1577 509 624
t 518 2146 2346 529
t 518 622 632 633
t 509 510 623 621
t 509 1577 623 622
t 509 623 1577 621
t 510 634 621 520
t 510 621 634 623
t 520 521 2401 1247
t 520 531 532 2398
t 520 2400 2398 532
t 606 1330 16 2246
t 1226 2759 2049 409
t 543 2246 717 1545
t 521 1247 626 2401
t 543 2438 1545 717
t 409 1220 2759 2049
t 552 276 1612 364
t 552 1233 364 1612
t 552 1542 364 1233
t 557 426 758 532
t 418 2575 557 2977
t 418 1551 2977 557
t 526 527 618 2585
t 557 1551 532 758
t 499 625 1639 1552
t 527 528 2399 2584
t 527 2399 618 640
t 528 529 2346 2561
t 529 530 2146 2452
t 529 2146 2346 642
t 499 1552 2405 1328
t 530 643 2452 541
t 530 2452 643 2146
t 626 281 521 2401
t 731 1379 2923 503
t 503 2762 842 569
t 739 2279 751 569
t 1591 1693 647 761
t 731 503 1346 732
t 732 72 503 1346
t 534 521 1551 646
t 1891 1189 72 984
t 27 1551 759 646
t 534 1551 27 646
t 534 646 637 521
t 204 286 508 513
t 535 524 1216 2147
t 513 292 286 508
t 623 2149 633 512
t 512 633 1242 727
t 537 2585 2397 538
t 538 2584 2972 539
t 538 650 2397 547
t 539 2561 2345 540
t 539 2972 548 3022
t 539 2345 651 548
t 540 2452 2143 541
t 540 2143 2345 549
t 541 760 2143 550
t 633 727 1243 1242
t 531 1324 1283 532
t 397 2372 570 3004
t 397 520 3004 570
t 406 570 510 621
t 570 621 520 510
t 625 2242 728 592
t 634 728 1246 592
t 554 544 1677 2144
t 554 1677 759 662
t 544 599 2041 545
t 544 554 555 2144
t 544 599 2144 555
t 544 27 648 688
t 545 2041 556 599
t 545 654 599 556
t 546 655 558 547
t 546 547 2397 655
t 547 559 2395 656
t 548 559 2395 547
t 547 558 559 663
t 547 656 663 559
t 547 656 650 2397
t 2397 650 2984 656
t 548 3072 2344 2944
t 548 2944 2345 3072
t 548 559 560 2395
t 548 2345 651 657
t 549 1351 562 550
t 550 658 2143 1351
t 549 1351 2344 561
t 549 1351 2143 2345
t 550 658 1351 562
t 550 760 2143 658
t 551 550 563 2394
t 551 1324 659 1539
t 553 661 3058 554
t 553 554 759 661
t 553 661 2391 565
t 553 759 758 661
t 554 662 566 555
t 554 3058 566 3069
t 554 662 3069 566
t 554 661 662 759
t 599 555 556 3050
t 555 566 567 672
t 556 2838 3050 568
t 556 654 599 1560
t 559 656 663 664
t 561 562 1351 666
t 561 1351 2344 666
t 562 666 658 1351
t 562 658 666 667
t 565 566 3058 670
t 565 661 2391 670
t 566 662 3069 671
t 175 1227 862 761
t 769 862 2758 965
t 769 2758 855 965
t 2758 3082 862 1227
t 208 609 244 288
t 208 244 514 288
t 265 264 602 2133
t 571 2292 2506 572
t 572 2506 583 2292
t 573 2504 584 2291
t 574 680 2298 1847
t 574 2455 585 584
t 576 682 2502 1849
t 576 2503 587 586
t 577 2502 588 2305
t 578 2501 589 2289
t 119 483 605 218
t 580 686 2297 581
t 581 2297 591 2931
t 581 698 2931 591
t 583 2291 3030 584
t 583 690 2141 593
t 584 3030 594 3044
t 584 691 3044 594
t 586 692 595 596
t 478 597 598 2409
t 587 2410 597 3048
t 587 693 3048 597
t 478 598 588 2409
t 483 605 218 223
t 2539 579 578 3074
t 309 308 607 2575
t 579 2539 1369 3074
t 579 696 3074 1369
t 579 3074 685 578
t 579 685 3074 696
t 309 1553 2575 607
t 317 1244 2368 607
t 591 590 2151 2085
t 2368 607 1244 445
t 288 2994 609 397
t 288 408 397 609
t 294 609 2372 1583
t 593 700 690 2141
t 609 1583 408 397
t 594 701 712 595
t 594 691 3044 701
t 596 3048 515 2538
t 596 692 595 515
t 597 536 2536 598
t 597 598 2247 536
t 291 1590 414 404
t 597 704 693 3048
t 588 638 1392 589
t 598 638 536 2535
t 612 2692 398 154
t 589 706 1392 2288
t 589 2454 2288 1392
t 589 706 638 1392
t 40 398 154 612
t 589 695 2289 3042
t 11 2036 1604 590
t 11 590 2919 2036
t 600 1368 608 1629
t 600 706 707 2288
t 1369 696 2288 2919
t 590 2151 2085 1604
t 590 2036 697 2919
t 601 1506 611 1604
t 601 709 1604 611
t 31 603 2389 711
t 612 615 2692 154
t 1434 49 615 153
t 1434 154 153 615
t 49 615 153 2386
t 603 604 595 712
t 603 712 1321 613
t 594 712 603 595
t 2389 711 712 2384
t 606 1224 1329 2246
t 606 704 515 1269
t 2133 369 616 360
t 153 162 263 152
t 153 254 152 263
t 1549 606 2403 16
t 506 516 618 620
t 608 536 706 638
t 516 618 620 630
t 619 1346 732 731
t 1776 731 8 619
t 619 1776 731 732
t 610 611 1604 715
t 619 1346 731 8
t 621 530 531 643
t 611 715 709 1604
t 621 2398 1230 531
t 501 121 1257 50
t 613 1234 1327 25
t 501 50 1257 1787
t 1653 384 624 498
t 614 2149 622 623
t 614 623 2652 2149
t 1329 623 674 2652
t 284 1361 1787 2718
t 606 1329 1330 2246
t 493 129 2725 359
t 493 1506 129 359
t 363 2480 627 2951
t 625 1330 543 718
t 608 1328 1667 2244
t 608 719 2244 1667
t 608 1268 706 536
t 375 627 474 1262
t 627 1262 2498 474
t 533 986 1231 628
t 617 3056 1368 608
t 617 1368 3056 720
t 610 611 715 636
t 610 2906 715 22
t 610 715 2906 1383
t 875 986 628 730
t 628 730 986 1601
t 875 986 533 628
t 611 715 636 1462
t 620 2240 630 618
t 1327 613 25 676
t 631 676 2240 734
t 2755 280 629 368
t 613 1327 622 676
t 613 726 676 622
t 2755 369 368 629
t 622 2149 633 623
t 622 632 633 735
t 622 727 735 633
t 280 629 368 1274
t 623 512 621 634
t 623 634 674 512
t 369 368 629 83
t 368 83 1274 629
t 715 720 504 2138
t 634 674 512 728
t 625 2242 1247 626
t 625 728 718 543
t 635 1533 2557 787
t 610 1383 1882 636
t 636 722 731 1776
t 610 636 715 1383
t 617 3081 1665 714
t 617 1381 714 1665
t 636 715 504 1462
t 588 2289 638 589
t 589 3042 2289 638
t 638 1547 3042 694
t 190 1260 276 275
t 427 544 534 1677
t 618 631 2240 2966
t 1056 2065 644 1169
t 631 2237 2399 632
t 1056 2705 1169 644
t 631 618 640 2966
t 631 2237 734 640
t 631 2966 734 2240
t 1066 644 1169 1681
t 632 735 641 633
t 632 2399 641 2237
t 632 735 2237 641
t 644 1681 2705 1169
t 632 726 2991 735
t 569 751 647 2279
t 633 2346 642 641
t 633 1243 641 746
t 751 647 2279 1333
t 634 592 1230 2398
t 634 1230 2239 621
t 634 728 512 1246
t 643 747 746 653
t 652 653 746 1319
t 653 1267 747 746
t 600 707 706 608
t 2242 738 1247 3065
t 626 1320 719 2445
t 608 1277 707 706
t 637 3065 1381 1665
t 637 1381 3065 739
t 524 1220 2147 619
t 640 641 2237 745
t 640 756 2966 650
t 640 2237 734 744
t 641 745 735 2237
t 642 643 633 746
t 642 746 2412 652
t 642 633 641 746
t 643 633 746 747
t 1230 645 592 749
t 646 637 1247 2287
t 646 738 3000 750
t 637 2287 27 2914
t 637 646 27 2287
t 637 2287 739 3065
t 388 397 1639 499
t 388 1552 499 1639
t 649 756 2984 650
t 649 650 2966 756
t 650 756 3022 651
t 650 651 745 756
t 650 756 2984 656
t 640 756 744 2966
t 651 2412 2939 652
t 651 3022 657 764
t 651 757 764 657
t 651 745 756 757
t 673 382 506 495
t 1262 495 673 2407
t 673 496 2562 255
t 645 3000 740 646
t 645 740 736 1324
t 646 741 758 759
t 646 741 740 758
t 270 2380 1542 2379
t 2379 1542 366 353
t 728 1656 2592 825
t 674 543 717 2438
t 654 1344 358 761
t 357 1201 761 358
t 1534 2149 717 2652
t 655 2232 663 656
t 655 656 2984 2232
t 656 664 2395 657
t 656 663 664 2232
t 656 764 2232 664
t 656 2968 756 2984
t 656 756 2968 764
t 2939 2139 2131 652
t 2939 652 2412 2139
t 657 2395 665 664
t 657 2131 764 665
t 657 757 764 765
t 652 2131 2922 2139
t 652 1319 746 2412
t 658 2970 2394 659
t 658 659 752 2970
t 658 666 667 2927
t 658 766 2927 667
t 658 2922 1705 653
t 658 1705 2922 766
t 659 2979 2392 660
t 659 660 736 2979
t 659 2970 736 752
t 659 736 2970 767
t 660 777 669 661
t 660 661 740 769
t 660 2392 669 2985
t 660 777 2985 669
t 660 736 2979 768
t 661 769 3069 662
t 661 662 741 769
t 661 669 670 777
t 661 769 741 740
t 662 2645 769 3069
t 671 672 2645 779
t 662 672 2645 671
t 662 741 769 175
t 674 717 1534 2438
t 613 277 25 1321
t 1131 711 675 31
t 676 631 632 2237
t 663 664 2232 772
t 664 665 764 772
t 664 772 764 2232
t 665 773 2131 764
t 667 766 2927 775
t 661 670 769 777
t 670 671 3069 778
t 670 769 777 778
t 676 726 2991 632
t 671 778 779 3069
t 672 2637 1344 780
t 672 1344 2645 780
t 1589 2074 2638 486
t 203 286 1384 291
t 189 1311 283 282
t 197 1311 189 282
t 534 637 27 688
t 1216 524 1220 2147
t 677 2335 2292 678
t 688 27 2914 637
t 678 784 690 679
t 678 2292 690 2335
t 679 785 691 680
t 679 690 691 3043
t 680 786 691 681
t 681 787 692 682
t 681 691 692 797
t 682 788 693 683
t 682 692 693 635
t 683 3045 2289 684
t 683 693 694 798
t 683 799 798 694
t 684 3068 3074 685
t 684 2289 695 3045
t 685 696 2926 791
t 685 3074 696 3067
t 686 792 2931 687
t 686 685 2926 791
t 687 2931 698 2925
t 687 803 2925 698
t 689 2229 2141 690
t 690 3043 3044 691
t 388 1552 1294 389
t 691 3044 701 3043
t 691 796 3043 701
t 691 797 702 692
t 691 701 702 796
t 691 797 796 702
t 692 635 3048 693
t 692 702 515 511
t 692 635 511 3048
t 693 798 2247 694
t 1294 501 1552 1287
t 693 798 635 704
t 389 1294 1257 501
t 695 706 707 3067
t 695 694 3042 2228
t 695 800 2228 706
t 696 2926 2036 2919
t 696 695 707 3067
t 696 808 3067 707
t 697 2925 2085 698
t 697 2036 708 2926
t 697 809 2926 708
t 698 2085 709 2925
t 698 803 2925 709
t 699 1692 405 404
t 918 2201 703 232
t 700 701 3043 2384
t 703 519 918 917
t 701 1363 712 702
t 519 2201 703 918
t 701 1363 2384 712
t 701 3035 796 3043
t 705 232 826 833
t 918 705 1034 232
t 263 356 355 710
t 272 710 2378 367
t 515 702 1254 1252
t 2723 900 901 2316
t 2723 2127 2316 901
t 730 1601 2259 986
t 713 996 2120 1007
t 812 900 1261 2582
t 704 511 798 635
t 694 3042 2228 806
t 2582 542 900 1261
t 1261 900 901 2723
t 617 3081 714 3056
t 706 707 3067 2442
t 617 720 3056 714
t 626 714 719 1320
t 706 807 800 2228
t 707 708 2926 2138
t 696 808 801 3067
t 708 707 22 2138
t 708 1529 2138 715
t 697 809 802 2926
t 517 518 1641 632
t 709 810 803 2925
t 711 712 2384 2227
t 711 804 454 2582
t 712 702 1363 2333
t 712 711 1321 2227
t 712 2582 1363 2384
t 712 1363 2582 812
t 702 712 1254 2333
t 702 1261 797 796
t 1269 704 515 1266
t 717 1254 507 813
t 704 1266 798 511
t 704 798 1266 1616
t 706 2442 1277 707
t 706 2442 2385 1268
t 706 807 2385 2442
t 707 1277 2138 2442
t 711 675 1321 821
t 290 245 394 2373
t 413 526 527 516
t 726 1378 2439 2383
t 716 717 507 2225
t 716 2225 2383 727
t 717 2921 813 507
t 717 813 2921 824
t 717 1545 825 2438
t 717 824 825 813
t 717 825 824 2438
t 1043 1044 721 519
t 721 1055 1044 1043
t 731 722 504 2222
t 290 255 1413 245
t 722 731 732 2222
t 722 2920 819 504
t 722 819 2920 827
t 723 1274 377 2175
t 2991 726 1376 3039
t 723 1654 2175 377
t 278 377 725 723
t 278 377 2644 725
t 734 1376 2220 3086
t 726 2137 735 727
t 3039 2969 829 2991
t 726 3039 2383 2439
t 726 2383 3039 830
t 725 1229 2177 2644
t 725 723 377 1654
t 255 673 382 506
t 729 533 2207 891
t 718 2441 1320 719
t 718 719 2226 2441
t 718 831 728 1320
t 472 1819 729 794
t 718 815 825 1660
t 719 2497 714 720
t 719 720 2284 2497
t 719 3092 2441 1320
t 719 1310 3084 2226
t 719 3084 1310 1659
t 720 714 1379 2497
t 2769 1659 817 2284
t 720 2769 817 2284
t 731 732 2222 833
t 1346 2914 648 1591
t 891 472 2207 729
t 876 875 730 2801
t 876 987 2801 730
t 733 2217 743 734
t 733 734 2220 2217
t 734 2218 744 735
t 734 743 744 2217
t 734 2218 2217 744
t 734 835 3086 2220
t 735 2137 1243 727
t 726 727 2383 2137
t 735 744 745 2218
t 735 2136 2218 745
t 735 830 2969 836
t 730 987 986 2259
t 727 1276 2225 2383
t 727 2077 512 1534
t 1656 1308 825 2438
t 728 1656 825 2438
t 737 2212 3000 738
t 737 738 3033 2212
t 737 592 749 2214
t 737 3088 2214 749
t 737 840 831 728
t 738 2279 2287 739
t 738 739 2283 2279
t 738 3000 750 2212
t 738 841 2212 750
t 738 2283 3033 841
t 2914 1591 751 648
t 739 2287 751 2279
t 739 2279 842 2283
t 645 1230 736 749
t 743 744 2217 2491
t 744 745 2218 3037
t 744 845 2218 2217
t 745 846 2437 746
t 745 746 2136 846
t 745 846 3037 757
t 745 846 2136 2218
t 646 750 3000 740
t 740 1317 750 749
t 2287 646 741 750
t 2287 751 750 741
t 741 1334 751 750
t 212 1548 24 2726
t 658 752 1705 766
t 752 1316 748 747
t 208 2310 753 2962
t 208 301 2962 753
t 215 753 294 1697
t 224 754 2724 312
t 755 2491 2968 756
t 756 2968 764 3032
t 756 857 3032 764
t 2412 2437 1319 746
t 2412 746 745 2437
t 757 850 3037 765
t 757 846 3037 850
t 746 2281 1267 747
t 746 747 3083 2281
t 746 3098 2437 1319
t 746 1305 3083 2136
t 746 3083 1305 3098
t 747 2493 1316 748
t 747 748 2215 2493
t 747 1267 1705 2281
t 747 852 2281 1705
t 747 1265 3085 3083
t 748 2492 736 749
t 748 749 2214 2492
t 1246 839 2215 2214
t 1246 2215 748 2214
t 749 3096 1317 750
t 749 750 2212 1299
t 749 736 1704 2492
t 749 3096 2492 1704
t 749 1302 3088 2214
t 750 2531 1334 751
t 750 751 2279 2531
t 750 1299 841 2212
t 532 1324 1283 758
t 1331 27 759 1677
t 534 27 1331 1677
t 763 764 3032 3036
t 764 867 773 765
t 764 765 3037 857
t 764 857 3036 772
t 765 2135 2131 2922
t 765 2922 851 2135
t 765 2135 867 773
t 2922 2075 2927 766
t 2922 766 2918 2075
t 2922 2131 774 2135
t 2922 2075 2135 774
t 766 2983 775 767
t 766 2927 775 2075
t 766 859 2075 775
t 766 852 2918 859
t 767 870 860 775
t 767 853 2983 860
t 768 861 777 769
t 768 769 855 861
t 768 861 767 777
t 768 854 3031 861
t 769 872 778 779
t 769 779 862 872
t 531 752 643 760
t 761 2645 1589 862
t 1202 780 781 2638
t 864 1909 781 486
t 532 645 1324 758
t 771 772 3036 865
t 772 865 857 3036
t 772 857 865 866
t 773 774 2135 1921
t 774 775 2075 1922
t 774 868 2075 2135
t 775 776 767 870
t 775 869 859 2075
t 776 777 767 870
t 777 778 769 872
t 777 871 861 767
t 779 780 862 3063
t 779 862 872 873
t 780 781 2074 1934
t 780 2074 862 3063
t 781 864 2074 1439
t 2761 304 762 413
t 304 762 413 420
t 786 2377 2527 797
t 790 2583 2554 800
t 794 729 804 795
t 794 795 783 729
t 795 796 2558 3035
t 770 2466 917 916
t 787 2557 2377 1533
t 799 800 886 807
t 800 801 887 808
t 800 2583 2554 887
t 801 802 888 809
t 802 803 889 810
t 796 542 1261 797
t 796 797 2527 542
t 782 2719 402 1263
t 797 2274 511 1533
t 807 895 2596 808
t 807 2596 2578 816
t 809 897 1529 2430
t 2610 1165 1166 2336
t 2610 1165 2336 1903
t 1282 416 1087 399
t 1205 1723 1087 1079
t 813 2581 2992 814
t 1252 892 901 902
t 814 2579 825 815
t 816 2596 2578 905
t 817 906 2432 2596
t 821 822 2476 2593
t 824 825 913 2595
t 815 2477 1310 816
t 815 816 2578 2477
t 815 2477 904 1660
t 815 825 904 2579
t 815 904 825 1660
t 816 2522 1659 817
t 816 817 2596 2522
t 816 1310 1659 2522
t 816 2522 2477 1310
t 816 2477 905 2578
t 816 905 2477 2522
t 817 1659 2769 2522
t 817 2522 906 2596
t 827 2840 705 833
t 828 829 920 835
t 829 3039 2593 2969
t 822 2576 1276 823
t 822 823 2429 2576
t 823 2475 1259 824
t 823 1259 2576 1276
t 823 2576 912 2429
t 823 912 2576 2475
t 824 2595 1308 825
t 824 1259 1657 924
t 824 924 2475 1259
t 824 913 2475 924
t 825 2595 1656 2592
t 825 1308 1656 2595
t 3092 2441 832 2591
t 831 2591 2592 926
t 832 770 841 842
t 832 3099 3033 841
t 842 1396 703 770
t 1579 436 2343 1968
t 2093 1161 1579 2693
t 2343 436 1579 1161
t 2093 2693 1579 1555
t 838 839 2473 2474
t 838 924 2272 932
t 840 841 3033 3080
t 1282 399 1087 1205
t 2119 1205 399 1282
t 3099 721 927 1235
t 1087 1205 1204 1282
t 841 1235 3099 3033
t 1494 483 1475 2563
t 3099 770 927 721
t 2720 1617 483 1495
t 2720 223 233 1494
t 2560 483 118 1495
t 2052 2666 205 811
t 2136 2427 3083 837
t 846 3102 2602 850
t 837 2271 1265 838
t 837 838 2272 2271
t 837 3083 1265 2427
t 837 2271 2427 1265
t 837 931 2427 2271
t 838 2474 1303 839
t 838 940 2271 1265
t 838 2271 932 2272
t 838 932 2271 940
t 839 2472 1302 840
t 839 1303 1700 3095
t 839 3095 2474 1303
t 839 933 2474 3095
t 840 3002 1299 3080
t 840 3080 1299 841
t 841 2519 1333 842
t 841 842 1235 2519
t 2519 1235 3080 3002
t 2052 811 403 2666
t 205 2797 365 1111
t 372 1726 453 5
t 946 2697 1430 1929
t 818 2712 1959 1517
t 1461 1095 1517 1442
t 850 3102 2602 949
t 851 2514 2918 852
t 851 3103 2588 950
t 852 853 2599 2469
t 852 940 2514 951
t 853 2598 3031 854
t 853 941 2599 952
t 2611 820 233 1494
t 855 943 2597 954
t 1227 2516 1693 847
t 855 954 3082 943
t 847 956 2516 1693
t 847 945 2516 956
t 847 1693 2636 956
t 847 335 956 2636
t 847 945 956 335
t 862 1222 956 955
t 863 1222 2074 864
t 863 864 956 1222
t 205 372 1110 365
t 864 1222 967 956
t 1110 372 209 379
t 209 372 1110 205
t 2681 379 372 1110
t 2101 1087 1204 1727
t 2101 2661 1087 1727
t 1282 1727 1204 1087
t 1282 1727 1087 2661
t 2377 2527 797 730
t 2377 1703 730 797
t 2377 797 2274 1703
t 878 989 2556 2005
t 878 2557 885 884
t 879 2556 886 2318
t 880 2554 887 2319
t 881 992 2376 882
t 881 2583 888 3060
t 882 2376 889 2105
t 883 2375 890 889
t 883 1003 889 890
t 1614 843 1754 136
t 2527 730 542 797
t 875 533 986 1489
t 885 2318 998 886
t 885 2479 893 2205
t 886 2319 894 887
t 886 999 3009 894
t 887 3060 895 888
t 887 1011 894 895
t 888 2070 896 889
t 888 895 896 3060
t 888 1001 3060 896
t 889 896 897 2070
t 890 1003 889 898
t 891 472 899 3021
t 891 1005 3021 899
t 891 2207 1004 1005
t 542 713 1261 797
t 542 797 730 713
t 891 1005 628 2207
t 891 628 1005 3020
t 2274 1399 2723 892
t 797 2274 1703 1399
t 797 1261 1399 713
t 1252 2274 2723 892
t 797 713 1703 730
t 797 1703 713 1399
t 892 2366 2581 893
t 892 893 2205 2366
t 892 901 902 2127
t 892 2366 2127 902
t 893 2364 2579 894
t 893 2581 903 2366
t 894 2579 904 2364
t 894 3009 886 893
t 894 999 3009 1010
t 895 2578 905 894
t 895 1011 894 905
t 896 2126 2432 897
t 896 897 2070 2126
t 896 3057 1001 3060
t 896 1001 3057 1012
t 897 907 2430 898
t 897 898 889 1013
t 897 2432 907 2126
t 897 1013 2126 907
t 898 2430 908 907
t 898 1014 907 908
t 898 1013 1003 889
t 898 1003 1013 1014
t 1164 3021 910 899
t 899 1016 3021 910
t 899 1005 3021 1016
t 900 911 2429 901
t 900 901 2316 2953
t 900 2476 911 2204
t 900 1006 3020 1017
t 901 2069 912 902
t 901 2429 912 911
t 901 1018 2953 912
t 901 2316 2953 1018
t 902 912 913 2069
t 902 2366 2127 1019
t 903 2364 2973 904
t 903 1020 2992 914
t 904 1021 2973 915
t 905 1022 2267 906
t 905 906 896 1022
t 905 2477 916 3019
t 905 1022 3019 916
t 905 904 1011 894
t 905 1011 904 1022
t 906 2522 917 2267
t 906 1022 2126 896
t 906 2126 1022 1023
t 907 917 918 2068
t 908 918 919 1035
t 898 907 1014 1013
t 908 1014 907 1025
t 909 2422 2594 910
t 909 910 3021 2422
t 910 2421 2593 911
t 910 911 2204 2421
t 910 2594 921 2422
t 910 2421 2422 921
t 911 2363 2576 912
t 911 912 2953 2363
t 911 2593 922 2421
t 911 2363 2421 922
t 912 2200 2475 913
t 912 913 2069 2200
t 912 2576 923 2363
t 912 2948 1018 2953
t 912 1018 2948 1029
t 913 2419 2595 914
t 913 914 2992 2419
t 913 2475 924 2200
t 913 2419 2200 924
t 914 2418 2592 915
t 914 915 1031 2418
t 914 2595 925 2419
t 914 2418 2419 925
t 914 2980 1020 2992
t 914 1020 2980 1031
t 915 926 2591 916
t 915 1032 2418 3018
t 915 3019 3018 926
t 915 1021 2973 1032
t 916 1033 2466 917
t 916 917 2267 1033
t 916 2591 927 926
t 916 1033 3019 927
t 916 1022 3019 1033
t 917 2068 519 918
t 918 919 1035 705
t 2198 1036 1037 2422
t 921 2198 1037 2422
t 921 2199 929 922
t 921 922 2421 2199
t 921 928 929 2198
t 920 928 2198 1036
t 921 2421 2422 1037
t 922 2363 2938 923
t 922 929 930 2199
t 922 2421 2199 1038
t 923 1039 2067 924
t 923 924 2200 1039
t 923 1039 2938 931
t 2595 925 2419 2986
t 924 2595 2419 2986
t 924 2272 932 2067
t 924 1039 1040 2200
t 924 2419 2200 1040
t 925 3018 934 926
t 925 2592 2418 3018
t 925 2473 933 2197
t 925 2986 2418 2419
t 925 2418 2986 1041
t 926 3019 2196 927
t 926 2196 3019 1042
t 926 1042 3018 934
t 925 926 2592 3018
t 926 3019 3018 1042
t 927 2196 926 1235
t 2196 1042 1043 3019
t 927 1043 1033 3019
t 519 918 2068 2201
t 826 232 1219 833
t 918 2201 1034 2068
t 833 1241 2837 2912
t 833 705 232 2912
t 2194 2198 1047 1048
t 929 2198 2194 1048
t 929 2195 938 930
t 929 930 2199 2195
t 929 936 937 2194
t 929 2195 2194 937
t 930 2124 2427 931
t 930 931 2938 2124
t 931 2066 2271 932
t 931 932 2067 2066
t 931 2427 939 2124
t 931 2066 2124 939
t 931 2935 1039 2938
t 931 1039 2935 1050
t 932 2197 2191 933
t 932 2271 940 2066
t 932 2191 2066 940
t 933 934 3018 1052
t 934 1053 1052 942
t 934 2988 1042 3018
t 934 1042 2988 1053
t 1235 1332 2519 842
t 1235 842 721 1332
t 934 942 3002 3016
t 934 2196 3016 3002
t 934 1053 2196 1042
t 842 1332 1396 721
t 842 1396 1332 1223
t 936 2465 2603 937
t 936 937 2194 2465
t 937 938 2195 2463
t 937 2603 948 2465
t 937 2463 2465 948
t 937 2195 2194 1059
t 938 939 2124 2952
t 938 1060 2463 949
t 939 940 2066 1061
t 939 3097 2952 950
t 939 2952 2066 2124
t 939 2066 2952 1061
t 940 2462 2599 941
t 940 941 2191 2462
t 940 2462 3097 951
t 940 2191 2066 1062
t 941 942 1052 1063
t 941 1063 2462 2999
t 941 1063 2999 952
t 942 953 2597 943
t 942 1064 1063 953
t 942 1063 1053 1052
t 942 1053 1063 1064
t 943 2597 954 953
t 943 1065 3016 954
t 943 1054 3016 1065
t 944 2264 2516 945
t 944 945 2065 2264
t 945 2516 956 2264
t 945 2064 2065 1690
t 947 2188 958 948
t 948 1069 960 949
t 948 949 2463 1069
t 948 958 959 2188
t 948 2463 2465 1068
t 949 1069 960 950
t 949 950 2952 1069
t 949 1069 1060 2463
t 950 2913 961 951
t 950 951 3097 2913
t 950 960 961 2123
t 950 1069 3097 2952
t 950 3097 1069 1070
t 951 2599 2462 2999
t 951 961 962 2913
t 951 2999 2913 962
t 951 2913 2462 3097
t 951 2462 2913 2999
t 952 2469 963 3014
t 952 1072 3014 1083
t 2469 952 2599 2999
t 952 1063 2999 1072
t 953 963 964 2186
t 954 1074 965 955
t 954 955 944 1074
t 954 964 965 2184
t 955 965 966 3066
t 955 1075 3066 966
t 955 1074 1066 944
t 955 1066 1074 1075
t 956 2062 955 1222
t 956 2062 2264 955
t 959 2181 969 960
t 959 960 1069 2181
t 960 2122 970 961
t 960 961 2123 2122
t 960 969 970 2181
t 961 962 2063 971
t 961 970 971 2122
t 962 3014 972 963
t 962 1082 971 972
t 962 2913 2063 1071
t 963 1083 974 964
t 963 964 2186 1083
t 963 972 973 3038
t 963 1083 3038 973
t 963 952 3014 1083
t 964 965 2184 975
t 964 1092 1083 974
t 965 3066 975 966
t 966 975 976 3066
t 966 2061 1085 976
t 966 1075 3066 1085
t 966 2061 3063 1222
t 966 1222 2062 2061
t 966 976 3063 2061
t 966 1085 2062 1075
t 966 2062 1085 2061
t 968 969 959 1087
t 969 1087 1079 959
t 972 1090 1082 971
t 973 974 1083 1092
t 973 1083 3038 1091
t 975 976 3066 1093
t 976 977 2061 1094
t 976 1094 2061 1085
t 1565 146 1451 1635
t 2052 1902 1170 2862
t 40 376 398 1910
t 1594 1826 217 398
t 1651 1826 265 217
t 987 2924 996 988
t 988 1103 997 989
t 988 996 997 2911
t 989 997 998 3010
t 990 1105 999 991
t 991 1000 2358 1106
t 992 1107 1001 993
t 992 1000 1001 2358
t 993 1108 1002 994
t 993 1001 1002 2910
t 994 1002 1003 2909
t 994 2846 2909 1003
t 1231 2309 628 986
t 1231 986 1902 2309
t 986 628 1601 2309
t 986 2309 1101 811
t 996 1007 2071 997
t 997 1008 2205 998
t 997 2071 1008 1007
t 997 1114 2911 1008
t 998 2205 1009 1008
t 998 1125 3010 1009
t 999 1116 3009 1010
t 1000 2358 3057 1001
t 1000 1010 1011 3005
t 1000 1117 3005 1011
t 1001 1012 2070 1002
t 1001 3057 1012 3062
t 1001 1128 3062 1012
t 1002 2070 1013 1012
t 1002 1129 2910 1013
t 889 1013 1003 1002
t 1003 1120 2909 1014
t 1003 2846 2909 1120
t 1004 1005 2174 2357
t 1005 1111 2174 1122
t 1006 1007 2120 2307
t 1007 1008 2911 2117
t 1008 2356 2366 1009
t 1008 1009 3010 2356
t 1008 2356 2117 1019
t 1009 1020 2364 1010
t 1009 1010 3009 3006
t 1009 2366 1020 2356
t 1010 2364 1021 1020
t 1010 1126 3006 1021
t 1010 3006 1116 3009
t 1010 1116 3006 1126
t 1011 3062 1022 1012
t 1011 3062 3023 1022
t 1011 1117 3005 3062
t 1012 1013 2910 2115
t 1012 1022 1023 3062
t 1012 1128 3062 1023
t 1014 1130 2908 1025
t 1016 1027 2204 1017
t 1016 1017 3007 3003
t 1017 2307 2948 1018
t 1017 2204 1028 1027
t 1018 1019 2117 1134
t 1018 2948 1029 2949
t 1018 2907 2949 1029
t 1019 2356 2980 1020
t 1019 1134 1030 2980
t 1019 1134 2356 2117
t 1020 1136 2973 1021
t 1020 1021 3006 1136
t 1020 2980 1031 1146
t 1021 1011 3005 3023
t 1021 1147 2973 1032
t 1021 1136 1126 3006
t 1022 1137 3023 1033
t 1011 3023 3062 3005
t 1022 3062 3023 1137
t 1024 2908 1035 1025
t 1024 1023 2068 1652
t 1024 1150 1652 1034
t 1025 1151 2908 1035
t 1025 1130 2908 1140
t 1026 1142 1036 1027
t 1027 1028 3003 2415
t 1027 1036 1037 1142
t 2415 2355 1143 1154
t 1029 2907 1039 1030
t 1018 1144 2907 1134
t 1029 2363 1039 2355
t 1030 1146 1040 1031
t 1030 1134 2907 1145
t 1031 1032 2973 2413
t 1031 1040 1041 1146
t 1032 1042 1043 3093
t 1034 2171 1527 1035
t 1034 1035 2908 2171
t 1034 1044 1652 2201
t 1035 1527 1046 2171
t 1037 1154 1048 1038
t 1037 1038 2415 1154
t 1037 2198 1048 1036
t 1037 1153 1036 1048
t 1037 1142 1036 1153
t 1038 2355 2935 1039
t 1038 1048 1049 1154
t 1038 2355 2415 1154
t 1039 1050 2067 1040
t 1039 1030 2907 1040
t 1039 2935 1050 2947
t 1039 1155 2947 1050
t 1040 1051 2197 1041
t 1040 1041 1146 3001
t 1040 2067 1051 1050
t 1030 1040 1145 2907
t 1041 2197 1052 1051
t 1041 1157 3001 1052
t 1041 1146 3001 1157
t 1042 3093 2169 1043
t 1042 2988 1053 1158
t 1042 2169 1158 1053
t 1043 3061 1055 1044
t 1044 1160 3061 1055
t 1044 1149 3061 1160
t 1044 1218 1056 1527
t 1047 1162 2167 1048
t 1047 1048 1036 1162
t 1048 2194 1059 2167
t 1048 1162 1153 1036
t 1048 1153 1162 2777
t 1049 2947 1060 1050
t 1049 2195 1060 1048
t 1049 1163 1048 1060
t 1049 1154 1048 1163
t 1050 2047 2066 1051
t 1050 1060 1061 2947
t 1050 2047 2947 1061
t 1050 1155 2947 1239
t 1051 2066 1062 2047
t 2047 2165 1165 1174
t 1051 1239 1156 1040
t 1051 1156 1239 1165
t 1052 1166 2164 1053
t 1052 2191 1063 2165
t 1052 1157 3001 1166
t 1053 1054 2169 1064
t 1053 2169 1158 1167
t 1054 1065 2256 1168
t 1054 1168 1064 1065
t 1055 1169 2065 1056
t 1055 1054 2256 1168
t 1055 1169 2256 1066
t 1055 1168 1160 3061
t 1055 1160 1168 1169
t 1056 1057 2043 1240
t 1056 2065 1690 644
t 1056 2043 20 1240
t 1058 1059 2167 2458
t 1059 1060 1048 2978
t 1059 1172 2458 1068
t 1060 1061 1689 2945
t 1060 2978 1163 1048
t 1060 1163 2978 1689
t 1061 1173 2945 1070
t 1061 2945 1173 1689
t 1062 1063 2165 2457
t 1063 1175 2457 1072
t 1064 1176 3079 1073
t 1065 2508 1074 1066
t 1065 1066 2256 2508
t 1065 1177 1168 1064
t 1066 1074 1075 2508
t 1066 1169 2256 1681
t 1076 2902 1179 644
t 1067 3034 1078 1068
t 1068 1069 2978 2162
t 1068 1078 1079 3034
t 1068 2162 1680 1079
t 1068 1172 2458 1680
t 1069 1080 2123 1070
t 1069 2162 1182 2978
t 1070 1183 2042 1071
t 1070 1071 1174 1183
t 1070 2123 1081 1080
t 1070 1183 2945 1081
t 1070 1173 2945 1183
t 1071 2997 3014 1072
t 1071 1072 2457 2997
t 962 1071 2063 1082
t 1071 1174 1183 1184
t 1072 2996 2186 1073
t 1072 1073 3079 2996
t 1072 3014 1083 2997
t 1072 1185 2997 1083
t 1072 1185 1175 2457
t 1072 2457 2997 1185
t 1073 2186 1084 3049
t 1073 1578 3049 1084
t 1073 2996 1176 3079
t 1073 1176 2996 1186
t 1075 1085 2062 1076
t 1076 2062 1086 1085
t 1086 1190 1200 390
t 1076 1179 2902 1678
t 1076 1190 1086 390
t 1678 1200 2902 1086
t 1076 1678 2252 1179
t 1076 2252 1678 1190
t 1078 3034 1087 1079
t 1080 2943 2122 1081
t 1080 1081 2945 2943
t 1080 1193 2156 1088
t 1081 2040 1089 1082
t 1081 1082 2042 2040
t 1081 2122 1089 2942
t 1081 2040 2942 1089
t 1081 2943 1183 2945
t 1081 1183 2943 1194
t 1082 2155 3038 1083
t 1082 1083 2997 2155
t 1082 1089 1090 2040
t 1082 2155 2040 1090
t 1083 3038 1091 2155
t 1084 3066 1074 2158
t 1084 1083 1092 2154
t 1084 2158 2154 1092
t 3066 2253 1094 1085
t 3066 1198 2158 1093
t 3066 2158 1198 1074
t 1085 2039 2061 1086
t 1085 1086 2902 2039
t 1086 1200 1095 390
t 1086 2061 1095 2039
t 1086 1200 2039 1095
t 1086 2039 1200 2902
t 390 805 1200 1095
t 390 1190 1200 805
t 1087 1079 3034 1205
t 1079 1205 1192 3034
t 1079 1192 1205 2156
t 1088 1193 2156 1206
t 1089 1090 2040 2110
t 1089 2040 2942 1207
t 1090 1091 2155 2111
t 1090 2155 2040 1208
t 1093 1198 2158 1211
t 1095 1200 2039 402
t 1095 402 805 1200
t 2712 946 1430 1929
t 136 1614 957 1754
t 136 957 145 2736
t 1618 1754 957 1614
t 1618 2770 145 957
t 1883 1842 780 781
t 1883 1842 781 1963
t 2393 2387 1182 1193
t 451 1861 2768 1818
t 451 1099 593 1096
t 1737 420 978 1772
t 420 2776 413 978
t 978 1737 331 1670
t 1575 1465 163 1480
t 979 1465 120 163
t 1500 1476 137 979
t 1501 1500 137 979
t 1648 254 980 344
t 345 1711 980 344
t 1158 1843 1557 2273
t 1158 1557 1159 2273
t 1409 1390 981 332
t 1409 2108 981 70
t 1409 82 2108 70
t 2752 2330 982 2940
t 2752 2941 2863 2336
t 1185 2367 1841 1339
t 1339 1185 2367 1569
t 1176 1571 1177 2834
t 2367 1571 1176 2834
t 1497 20 1218 1161
t 1160 983 1218 2990
t 2311 983 1160 2835
t 2892 983 2278 1566
t 1866 1238 984 2730
t 72 1189 1346 984
t 1189 648 1346 2147
t 1186 2428 1679 2402
t 1186 1578 1679 2428
t 1679 1578 1198 2428
t 2425 1186 2402 2428
t 2402 2404 1177 2370
t 2370 1681 1169 2342
t 2705 1681 1179 2371
t 2370 1681 2342 2371
t 29 28 2727 1817
t 1575 1465 979 163
t 1501 163 979 138
t 1501 137 138 979
t 2273 1557 1159 2311
t 2327 381 1172 1163
t 2327 381 1163 2359
t 1672 2827 1077 122
t 1480 1465 163 1077
t 2792 163 122 1077
t 1238 130 1774 535
t 1189 648 2147 1097
t 1046 2023 1982 1980
t 705 1046 1982 1980
t 2023 1046 1035 2020
t 2728 1770 28 1817
t 2886 1941 524 619
t 2841 1188 1678 1568
t 1719 1100 348 1766
t 1719 1766 1721 1100
t 1766 465 1100 348
t 219 620 1827 2734
t 1096 1388 1766 132
t 473 1100 1096 2183
t 2739 1096 582 1856
t 373 1721 1479 1658
t 804 454 2582 472
t 2044 1723 1997 399
t 969 970 1723 1997
t 2044 970 1723 1088
t 1238 1097 535 1774
t 535 1097 545 1774
t 984 1097 535 1238
t 1824 654 1097 545
t 1824 1238 1774 1097
t 1733 400 359 1098
t 2845 400 1098 289
t 1559 494 289 1510
t 105 1608 1508 1546
t 105 1508 117 1546
t 1611 1546 1508 1608
t 117 1546 1509 1550
t 117 1509 128 1550
t 1615 1550 1509 1546
t 1861 1131 451 1099
t 2768 451 1099 1861
t 1096 1099 582 1856
t 1856 689 1099 582
t 373 484 1768 452
t 1099 454 711 700
t 454 1099 2229 700
t 1482 454 794 393
t 1602 1479 187 176
t 1479 1655 176 1602
t 1479 1658 1655 1602
t 724 2734 2716 675
t 1131 1861 1818 392
t 1479 1721 1719 1655
t 0 1318 2682 2631
t 0 2631 1249 2486
t 1 1478 2664 1250
t 2883 909 1164 1958
t 1 1478 2489 1732
t 454 1958 472 393
t 454 1958 1164 472
t 2052 205 18 1170
t 2052 2862 1170 1489
t 2050 1517 1095 1442
t 4 1444 1263 782
t 1943 2732 1949 1178
t 1943 874 533 1178
t 1943 1949 874 1178
t 2732 1943 533 1178
t 1520 2027 485 1426
t 2027 485 1057 1520
t 1520 2027 1426 1984
t 6 2632 1942 2499
t 1866 1187 1554 1669
t 6 2632 1275 2680
t 1189 1187 357 1866
t 1866 1189 1891 984
t 1866 1189 984 1238
t 1866 1187 1891 1189
t 1824 1866 1238 1189
t 357 1824 654 1189
t 1984 985 1197 935
t 1520 945 935 1197
t 33 2507 1285 1286
t 1520 945 1197 335
t 34 2509 1288 1289
t 35 2510 1290 1291
t 1201 864 2074 486
t 36 2512 1295 1296
t 672 1521 2637 1202
t 37 2515 1297 1298
t 1837 1202 486 358
t 1837 486 1202 781
t 38 2518 1300 1301
t 672 1521 1202 1477
t 781 1477 1202 1837
t 39 2520 1306 1307
t 1907 819 1203 1823
t 1522 2037 186 1510
t 1666 1508 1509 295
t 1509 1666 303 1615
t 1509 1666 1615 1611
t 33 2853 1286 1285
t 1666 303 295 1509
t 34 2855 1289 1288
t 1664 494 1508 289
t 35 2852 1291 1290
t 36 2849 1296 1295
t 1508 1664 1611 1608
t 37 2850 1298 1297
t 1664 295 289 1508
t 38 2851 1301 1300
t 40 1724 1250 2811
t 41 2530 1318 1335
t 41 1318 1336 1335
t 41 51 1335 1336
t 42 52 1336 1337
t 43 53 1337 1338
t 44 54 1338 1357
t 46 1360 1341 1342
t 48 58 1343 1345
t 51 2533 1335 1352
t 51 1335 1353 1352
t 1213 1306 39 1526
t 1213 1309 1306 1526
t 782 805 402 2435
t 55 66 1357 1359
t 805 411 2435 782
t 56 67 1359 1380
t 402 2435 805 1200
t 59 69 1366 1367
t 62 2537 1352 1371
t 62 1352 1372 1371
t 62 2796 1371 1372
t 63 2796 1372 1373
t 64 2819 1373 1374
t 66 1403 1606 1377
t 67 1404 1377 1380
t 69 81 1385 1387
t 73 1371 1397 1395
t 73 2824 1395 1397
t 74 2824 1397 1398
t 76 87 1401 1402
t 77 88 1402 1403
t 80 2880 1405 1407
t 81 2879 1407 1408
t 84 2546 1395 1410
t 84 1395 1411 1410
t 84 2795 1410 1411
t 85 2795 1411 1412
t 1214 1472 128 2673
t 87 98 1228 1415
t 843 1214 136 128
t 843 1214 2736 136
t 185 1215 2035 194
t 90 1435 1417 1418
t 185 1253 280 1215
t 91 2802 1418 1421
t 194 1215 2035 284
t 92 2807 1421 1422
t 1253 280 1215 616
t 93 2867 1422 1423
t 419 1221 2754 409
t 419 2754 1221 2257
t 95 1410 1427 2550
t 409 1220 2049 1216
t 1220 534 688 637
t 100 1456 1432 1433
t 101 2871 1433 1435
t 471 11 480 1217
t 102 2870 1435 1438
t 103 2866 1438 1440
t 983 20 1169 1160
t 104 2865 1440 1443
t 107 2550 1447 2555
t 409 2049 1225 1221
t 1221 2049 1216 409
t 111 2827 1452 1455
t 1218 1046 2171 1161
t 112 2832 1455 1456
t 113 2831 1456 1457
t 114 2881 1457 1458
t 115 126 1458 1459
t 116 2829 1459 1460
t 503 1219 842 2762
t 118 2555 1463 2560
t 703 1223 842 1219
t 122 2799 2792 1466
t 125 2869 1468 1469
t 126 2864 1469 1471
t 127 1491 1471 1472
t 637 1220 2756 225
t 1220 637 2914 225
t 688 1220 637 2914
t 137 1500 1499 1476
t 138 2570 1501 1480
t 1034 1044 2201 1527
t 133 143 142 1487
t 409 1221 1225 1419
t 135 136 144 2748
t 1221 427 534 1225
t 863 1222 956 862
t 2912 1223 935 502
t 847 945 1241 1223
t 1241 1223 935 2912
t 604 717 614 1224
t 41 1592 2530 1953
t 32 1249 2486 1531
t 408 521 418 1226
t 1294 1226 71 408
t 230 23 2286 2721
t 1588 327 2721 1251
t 230 2080 2721 328
t 241 2080 230 328
t 327 2721 1251 447
t 2721 327 328 447
t 2758 855 3082 1227
t 862 2758 965 3082
t 1693 1227 847 647
t 137 2751 1619 2611
t 139 1514 1622 1561
t 141 1515 1624 1562
t 143 1518 1626 1563
t 37 2820 1931 1493
t 235 1620 1683 1682
t 236 1621 1684 1683
t 239 1624 1685 1623
t 240 1625 1686 1685
t 241 1626 1687 1686
t 243 1628 1978 1634
t 747 1230 2239 748
t 747 748 752 1230
t 533 995 1231 1170
t 152 407 1908 2615
t 995 1111 2174 1231
t 146 1643 1581 1593
t 1232 199 15 1281
t 78 1232 199 89
t 78 67 1281 2993
t 181 1281 2993 522
t 725 2177 377 2644
t 366 1233 377 3011
t 1229 2644 2981 2177
t 1233 377 3011 2981
t 552 377 1233 2644
t 552 366 1233 377
t 201 1607 1609 2771
t 1234 620 25 675
t 495 1827 506 1234
t 1827 620 1234 675
t 506 2240 620 618
t 820 2 2660 1730
t 1548 218 24 742
t 330 1688 1739 1965
t 119 218 1548 2547
t 320 2884 2783 1741
t 119 2724 218 605
t 321 1682 1743 1741
t 322 1682 1683 1743
t 323 1683 236 1745
t 324 1684 1746 1745
t 325 1684 1685 1747
t 325 1684 1747 1746
t 326 1685 1748 1747
t 327 1685 1686 1748
t 211 742 218 1548
t 246 1635 2605 1696
t 246 1696 1644 1635
t 1551 2400 645 646
t 247 1644 1706 1645
t 250 1699 1646 1586
t 1551 532 758 645
t 1551 646 645 758
t 253 1709 1640 1638
t 253 1701 1709 1638
t 254 1709 1648 1640
t 841 1235 3080 2519
t 934 2196 3002 1235
t 246 336 2605 1650
t 20 2343 1566 2342
t 346 1712 1718 1651
t 20 1161 1497 436
t 2886 130 524 3104
t 400 1733 1770 1237
t 1236 1237 410 400
t 405 2051 1577 518
t 400 1733 1237 2845
t 2051 1577 2146 530
t 2051 2146 529 530
t 1051 2047 1239 1050
t 410 2765 1736 2844
t 1051 1239 2047 1165
t 1056 1057 1240 1690
t 1056 1240 2705 1690
t 1057 1240 1690 1180
t 2705 1179 1240 2842
t 438 1740 1751 1739
t 2842 1180 1179 1240
t 131 2791 139 2096
t 2762 847 1241 1223
t 1187 847 1241 2762
t 449 1965 1751 1964
t 440 1741 1743 1779
t 440 1741 1779 1778
t 441 1743 1744 1779
t 443 1745 1746 1782
t 443 1745 1782 1781
t 444 1746 1747 1783
t 444 1746 1783 1782
t 445 1747 1748 1784
t 445 1747 1784 1783
t 336 1696 2612 1753
t 336 1753 1706 1696
t 338 1755 1698 1706
t 672 2645 779 780
t 2645 779 780 862
t 512 728 2221 1246
t 2239 633 747 1242
t 633 1242 746 747
t 1242 746 747 3083
t 1242 3085 3083 747
t 599 672 1521 2637
t 395 1765 1811 1764
t 556 599 3050 2838
t 599 672 2637 1344
t 2647 235 137 138
t 979 163 2647 138
t 979 137 138 2647
t 642 641 2412 746
t 735 2136 745 1243
t 1243 745 746 2136
t 1431 615 60 612
t 19 60 612 1431
t 61 19 60 612
t 545 1774 1777 1738
t 406 621 1292 531
t 153 263 2386 615
t 559 1778 1779 1829
t 559 1778 1829 1828
t 560 1779 1780 1829
t 562 1781 1782 1832
t 562 1781 1832 1831
t 563 1782 1783 1833
t 563 1782 1833 1832
t 565 1784 1785 1834
t 615 1253 263 173
t 455 1753 2620 1793
t 455 1793 1760 1753
t 457 1794 1755 1706
t 457 1759 1794 1706
t 460 1797 1708 1707
t 460 1796 1797 1707
t 3017 1798 1757 1708
t 3017 1797 1798 1708
t 461 1799 1709 1757
t 461 1798 1799 1757
t 435 2152 444 1244
t 1244 444 445 2152
t 427 1553 1251 2255
t 607 523 445 446
t 581 2628 1811 1806
t 607 446 553 523
t 979 1476 137 1582
t 484 132 1100 1389
t 345 1354 2134 1245
t 1245 369 1449 1354
t 537 1822 1773 1772
t 546 1772 1775 1825
t 546 1825 1822 1772
t 747 2239 1246 748
t 634 1246 512 2239
t 1246 747 748 2215
t 2239 1246 1242 747
t 1242 3085 747 1246
t 663 1790 1828 1840
t 664 1828 1829 1870
t 664 1828 1870 1881
t 665 1829 1830 1870
t 667 1831 1832 1873
t 667 1831 1873 1872
t 668 1832 1874 1873
t 669 1833 1834 1875
t 669 1833 1875 1874
t 670 1834 1835 1875
t 2400 1247 645 646
t 625 2242 592 1247
t 571 1793 2627 1844
t 571 1844 1804 1793
t 1247 645 646 3000
t 573 1846 1794 1759
t 573 1803 1846 1759
t 575 1848 1796 1795
t 575 1847 1848 1795
t 577 1850 1798 1797
t 577 1849 1850 1797
t 578 1851 1799 1798
t 578 1850 1851 1798
t 579 1851 1805 1799
t 580 1855 1800 1805
t 571 1952 1955 1809
t 979 1501 1500 1575
t 1500 1476 979 1575
t 1367 1349 19 1248
t 687 2635 1858 2628
t 709 1858 1863 1860
t 254 344 2276 980
t 1217 1604 2657 482
t 1251 446 447 3058
t 649 1865 1822 1867
t 1251 607 446 553
t 655 1822 1825 1868
t 655 1868 1867 1822
t 276 275 1612 2954
t 1612 384 498 488
t 2725 2150 493 501
t 389 1787 501 1257
t 771 1840 1881 1880
t 773 1870 1871 1921
t 773 1870 1921 1881
t 775 1872 1873 1923
t 775 1872 1923 1922
t 776 1873 1874 1924
t 776 1873 1924 1923
t 777 1874 1875 1925
t 777 1874 1925 1924
t 778 1875 1876 1925
t 511 1266 798 2479
t 813 1252 901 902
t 679 1884 1846 1803
t 679 1852 1884 1803
t 681 1886 1848 1847
t 681 1885 1886 1847
t 682 1887 1849 1848
t 682 1886 1887 1848
t 684 1889 1851 1850
t 684 1888 1889 1850
t 685 1889 1854 1851
t 687 792 793 1855
t 1253 280 2755 368
t 803 1957 1901 1897
t 803 1948 1957 1897
t 280 1253 710 368
t 819 1907 1911 1823
t 733 370 1864 1915
t 1254 507 716 717
t 743 1864 1865 1917
t 743 1917 1915 1864
t 755 1865 1867 1918
t 755 1918 1917 1865
t 763 1867 1868 1919
t 763 1919 1918 1867
t 867 1881 1921 1933
t 869 1922 1923 1991
t 869 1922 1991 1990
t 870 1923 1924 1992
t 870 1923 1992 1991
t 871 1924 1925 1993
t 871 1924 1993 1992
t 872 1925 1926 1993
t 873 1926 1927 1994
t 1231 1111 1005 628
t 628 1005 1006 3007
t 783 428 1892 1853
t 796 542 628 3035
t 787 1936 1886 1885
t 787 1894 1936 1885
t 788 1937 1887 1886
t 788 1936 1937 1886
t 789 1938 1888 1887
t 789 1937 1938 1887
t 791 1939 1895 1889
t 792 1947 1896 1895
t 793 1947 2643 1896
t 783 1956 2642 1900
t 1278 1630 1536 2107
t 919 1973 1980 1971
t 844 1915 1917 1983
t 844 1983 1981 1915
t 848 1917 1918 1985
t 848 1985 1983 1917
t 1220 637 2766 534
t 856 1918 1919 1986
t 856 1986 1985 1918
t 967 1988 2030 1987
t 1220 2756 71 637
t 967 2030 818 2616
t 284 106 1414 1787
t 244 1294 408 1226
t 970 1989 1996 1997
t 971 1989 1990 2031
t 971 1989 2031 1996
t 972 1990 1991 2032
t 972 1990 2032 2031
t 973 1991 1992 2032
t 974 1992 1993 1998
t 974 1992 1998 2033
t 1653 624 404 405
t 874 1949 1943 1950
t 877 2004 1936 1894
t 877 2003 2004 1894
t 878 2005 1937 1936
t 878 2004 2005 1936
t 879 2006 1938 1937
t 879 2005 2006 1937
t 880 2007 1939 1938
t 880 2006 2007 1938
t 882 2009 1947 1946
t 882 2008 2009 1946
t 994 2013 2659 2015
t 2225 1259 727 2077
t 823 2475 2576 1259
t 1025 2018 2020 1966
t 1259 837 838 2272
t 1035 2021 2023 2020
t 2641 1260 286 26
t 199 286 2641 190
t 928 1975 1981 2024
t 928 2024 1976 1975
t 936 1981 1983 2026
t 936 2026 2024 1981
t 947 1983 1985 2028
t 947 2028 2026 1983
t 190 283 1260 275
t 702 1252 1261 2333
t 958 1985 1986 2029
t 958 2029 2028 1985
t 419 535 2754 2257
t 1091 2033 2112 2111
t 375 1262 673 496
t 1094 977 2048 2000
t 495 1262 1391 2407
t 1076 1678 2902 1086
t 2694 1190 1200 1678
t 1690 2252 1179 1076
t 485 2264 1690 945
t 1690 2252 1076 485
t 986 2738 2011 2002
t 988 2012 2054 2004
t 1264 2904 437 544
t 1264 438 429 2041
t 1109 2846 1275 1725
t 1004 2016 2017 2698
t 1015 2081 2017 2019
t 1140 2086 1151 2018
t 1140 2083 2086 2018
t 1692 423 424 2905
t 761 862 1693 1227
t 761 1693 862 1589
t 1078 2101 2103 2028
t 2636 863 864 956
t 2636 335 956 864
t 335 864 2636 347
t 1396 502 1044 1056
t 1206 2109 1207 2118
t 1206 2109 2118 2119
t 1223 2064 502 1056
t 1223 2064 2065 945
t 1396 1044 1055 1056
t 1210 2112 2784 2125
t 1210 2112 2125 2467
t 747 2281 1265 3083
t 747 1265 2281 852
t 1212 1094 1512 2046
t 402 2048 1095 2733
t 1265 851 852 2514
t 1272 305 306 699
t 1101 1905 2775 403
t 1102 1905 2054 2053
t 1103 2672 2055 2054
t 1104 2674 2056 2055
t 1105 2675 2057 2056
t 1106 2677 2058 2057
t 1107 2678 2072 2058
t 1108 2679 2073 2072
t 413 300 516 394
t 1266 813 814 2581
t 1252 892 2581 1266
t 653 1319 1267 746
t 746 3098 1319 1267
t 1102 2142 2148 2669
t 1103 2148 2153 2672
t 608 2244 1268 536
t 608 1268 2244 719
t 1104 2153 2157 2674
t 1268 718 719 2226
t 1105 2157 2160 2675
t 606 16 1269 2246
t 2246 1269 717 1545
t 1106 2160 2161 2677
t 606 1269 515 2246
t 717 1269 1254 813
t 1107 2166 2168 2678
t 1269 825 813 717
t 1269 717 1545 825
t 1270 815 825 718
t 1268 718 2226 1270
t 544 2144 1271 27
t 1112 1101 2797 2178
t 1113 1102 1101 2179
t 110 2262 109 2763
t 1116 1105 1104 2185
t 1530 212 1326 10
t 1272 305 2648 226
t 305 226 227 314
t 1156 1273 2268 1668
t 1156 1903 3108 1273
t 1632 203 204 286
t 1632 203 286 1384
t 1641 632 518 622
t 1123 2780 2781 2210
t 1125 2789 2790 2213
t 1126 2786 2789 2216
t 1127 2190 2786 2219
t 1274 388 389 2258
t 1128 2193 2785 2223
t 3003 2805 2806 2235
t 727 2137 1276 2383
t 1133 2804 2805 2236
t 1135 2216 2814 2241
t 1276 836 837 2938
t 1136 2810 2216 2243
t 1137 2224 2810 2245
t 608 1268 1277 706
t 706 2442 1268 1277
t 1277 719 720 2284
t 1140 2254 1979 1130
t 1140 1979 2254 1972
t 92 1278 3090 1536
t 1141 2084 2088 2260
t 1278 208 1536 514
t 1278 208 514 288
t 91 1279 2324 3090
t 1143 2779 1142 2265
t 1144 2778 2779 2266
t 1279 207 208 525
t 1279 207 525 1280
t 89 90 1280 2326
t 89 1280 2998 2326
t 90 1280 2326 207
t 1280 287 2998 206
t 1280 206 207 525
t 180 1386 77 1281
t 1150 2836 2858 2278
t 78 1281 199 1232
t 1151 2282 1972 2836
t 1154 2812 2813 2294
t 1156 2822 2268 1273
t 426 13 1283 2163
t 531 752 760 1324
t 1283 1324 551 1539
t 1160 2835 2857 2311
t 13 1539 553 758
t 1331 553 758 13
t 557 534 1551 1331
t 1230 747 643 752
t 1162 2089 2095 2321
t 435 2159 550 551
t 1287 521 2760 281
t 281 521 2760 626
t 408 1226 71 521
t 408 1294 281 1287
t 1180 1579 2888 1968
t 1292 424 425 2459
t 1175 2856 2336 2367
t 1176 2834 2856 2367
t 1179 2842 2705 2371
t 414 422 423 2946
t 917 1293 2466 519
t 1043 519 1293 1044
t 1180 1570 1968 2888
t 917 1293 1033 2466
t 1033 3093 1043 1293
t 1293 1043 1044 3061
t 385 3008 396 725
t 725 2372 397 3004
t 1183 2393 2365 2359
t 1184 1808 2365 2396
t 1188 2841 2370 2404
t 1200 2694 1678 2433
t 1299 854 855 2597
t 215 2460 1697 3087
t 1193 2417 2393 2387
t 1194 1183 2393 2420
t 293 1691 1695 1697
t 1697 307 308 1691
t 1198 2404 1679 2428
t 749 2492 1302 2214
t 749 1302 2492 3096
t 839 3095 1700 1302
t 1302 853 854 2598
t 748 2493 1303 2215
t 838 940 1265 1303
t 1444 200 782 4
t 1303 852 853 2599
t 1304 306 307 1292
t 1205 2707 1282 2119
t 746 2437 1305 846
t 746 1305 2437 3098
t 846 3102 850 1305
t 1305 850 851 2588
t 742 304 2761 413
t 450 413 304 742
t 824 924 1657 1308
t 1308 838 839 2473
t 2497 2769 1659 174
t 1209 2467 2461 2112
t 720 2769 2497 174
t 1209 2425 2423 2468
t 719 2441 1310 2226
t 719 1310 2441 3092
t 815 2477 1660 1310
t 1210 1578 2425 2471
t 1211 1511 2784 2113
t 1311 290 291 255
t 197 1413 1311 282
t 1311 290 255 1413
t 193 1312 2449 9
t 193 2449 1312 192
t 2993 1232 2390 522
t 1313 725 287 1543
t 1313 725 2552 287
t 2967 1544 276 17
t 2390 287 1543 1313
t 26 2374 2653 2552
t 1314 287 2552 15
t 1313 1314 287 2552
t 794 729 783 1819
t 752 1705 1316 747
t 747 852 1705 1316
t 1316 766 767 2983
t 740 1704 1317 749
t 749 3096 1704 1317
t 1317 768 769 855
t 736 767 768 3031
t 652 2139 1319 2412
t 757 850 765 1319
t 1319 765 2922 851
t 719 3092 1320 714
t 714 738 739 2283
t 626 2242 1247 3065
t 1320 737 738 3033
t 675 724 25 2440
t 2716 2440 724 675
t 613 712 1321 1378
t 25 2439 1376 676
t 712 1321 1378 2227
t 613 676 726 1321
t 124 1322 2303 3089
t 2543 3094 1304 1323
t 1322 228 229 3029
t 213 1304 1272 2543
t 1323 227 228 315
t 645 740 1324 758
t 758 660 661 740
t 752 736 659 1324
t 1324 659 660 736
t 119 120 1325 2306
t 119 1325 2724 224
t 120 1325 2306 195
t 224 1325 2724 754
t 1325 224 195 754
t 14 195 226 1326
t 1272 1326 226 2648
t 506 1327 2240 631
t 631 1327 2240 676
t 1327 631 632 676
t 499 1552 1328 625
t 1552 1328 625 626
t 2403 606 1330 16
t 625 1328 1330 718
t 1328 625 626 2445
t 498 3008 1329 2564
t 498 1329 2652 623
t 510 2564 623 198
t 623 2149 1534 2652
t 2652 674 717 1534
t 499 625 1330 1406
t 1406 198 625 1330
t 1330 543 198 625
t 499 1328 1330 625
t 86 2818 1412 1228
t 427 1331 557 2255
t 427 1331 2255 554
t 1331 759 758 553
t 1331 553 554 759
t 1235 1332 721 1054
t 751 1227 1333 2531
t 751 2531 1333 2279
t 841 2519 1299 1333
t 1333 3082 943 855
t 1333 3082 855 1227
t 741 740 1334 750
t 1334 769 2758 855
t 759 741 661 662
t 1185 1339 2396 2423
t 2423 1185 1339 2425
t 1344 2645 761 1271
t 1344 358 761 1589
t 1344 761 2645 1589
t 731 2923 1346 503
t 633 727 735 1243
t 1348 235 137 2647
t 1348 2647 2767 235
t 1348 235 224 137
t 1244 607 426 523
t 153 254 263 2090
t 549 2143 1351 550
t 1351 2131 652 2939
t 1351 652 2131 2922
t 599 1344 662 672
t 599 672 662 555
t 621 643 2146 530
t 1826 265 602 30
t 265 602 30 2133
t 368 480 1358 2903
t 1358 2903 480 1393
t 368 480 2416 1358
t 1358 1393 480 3076
t 1361 2725 493 83
t 1361 493 2725 359
t 701 796 1363 702
t 701 796 3035 1363
t 1363 702 1261 2333
t 1363 796 3035 1261
t 1731 154 615 612
t 600 707 1368 22
t 600 707 608 1368
t 1368 1277 707 608
t 1368 707 1277 2138
t 515 604 1254 702
t 604 702 712 1254
t 1769 1663 300 331
t 300 1769 394 1663
t 385 498 384 1653
t 1653 396 3008 510
t 1653 498 624 509
t 384 497 1641 624
t 616 369 629 1375
t 369 629 1375 83
t 360 1375 369 616
t 263 356 710 2134
t 710 2134 356 368
t 613 676 1321 25
t 25 724 1376 2440
t 724 1376 2440 828
t 1376 726 2439 3039
t 712 1378 716 507
t 712 812 2227 1378
t 1378 716 507 2383
t 1378 812 2227 822
t 1379 842 2283 739
t 617 720 714 1381
t 1381 720 714 1379
t 194 284 9 1630
t 1630 1414 289 284
t 9 106 1630 284
t 284 1630 1414 106
t 1383 731 720 1381
t 1383 731 8 1776
t 1383 715 720 504
t 1383 731 1776 636
t 1383 636 715 504
t 1386 276 1260 1314
t 276 180 190 275
t 1386 1260 276 190
t 2967 1386 522 1314
t 180 276 1386 2967
t 2967 1386 1314 276
t 1099 1861 1388 2768
t 484 132 1389 1818
t 484 2699 1389 1768
t 1391 593 451 31
t 484 1391 1096 451
t 482 601 2151 1604
t 2151 590 11 1604
t 1217 1604 482 2151
t 479 2454 1392 3076
t 2987 478 1392 588
t 1392 3076 2454 2569
t 1393 493 2657 2150
t 1393 617 2453 501
t 1393 617 1629 2453
t 2201 1396 502 1044
t 721 1044 1396 519
t 519 1044 1396 2201
t 1396 1055 1044 721
t 804 472 2582 891
t 2582 891 472 899
t 2723 2127 901 892
t 1399 892 2071 2127
t 1399 996 713 1007
t 1252 2723 901 892
t 1252 1261 901 2723
t 27 751 741 1271
t 645 749 736 740
t 740 749 736 1704
t 646 750 740 741
t 1334 1317 750 740
t 736 1316 748 752
t 752 748 736 1230
t 752 653 747 643
t 752 747 653 1705
t 1705 1267 747 653
t 754 2648 1420 313
t 754 195 2648 313
t 506 1641 2562 1327
t 1641 613 1327 622
t 496 613 1641 497
t 497 1641 622 613
t 3008 2403 1406 499
t 3008 2406 1329 1406
t 1406 606 1329 1330
t 1272 227 163 122
t 1272 226 14 163
t 1272 226 1326 14
t 282 382 285 1413
t 1413 387 382 285
t 1413 506 382 387
t 1413 255 382 506
t 282 1413 255 382
t 289 1414 409 400
t 1414 400 1879 409
t 1414 1879 1257 409
t 876 987 1703 877
t 876 987 730 1703
t 877 1703 884 996
t 1703 987 730 996
t 1551 646 758 759
t 541 643 2452 760
t 1419 303 2129 419
t 302 1419 1365 1225
t 1365 1419 2129 409
t 164 2551 1420 305
t 1420 305 2551 423
t 293 406 1292 1691
t 292 405 699 1292
t 1292 1692 405 699
t 2551 699 1692 423
t 770 2466 519 917
t 770 519 703 917
t 174 703 917 770
t 919 1035 705 2020
t 1424 421 1710 2761
t 1651 1826 296 265
t 818 2030 1436 1430
t 1349 1431 2811 1315
t 1349 1315 1347 1431
t 1347 1315 49 1431
t 332 371 94 2544
t 1423 1409 94 2671
t 1213 1434 49 1315
t 1315 49 1431 1434
t 1731 154 1434 615
t 334 2619 1315 1434
t 154 334 1731 1434
t 48 153 2615 152
t 2707 2450 1437 1206
t 2707 2450 1206 1205
t 1437 1206 2456 2707
t 2712 1962 1439 1929
t 1517 2616 1439 1222
t 2617 18 2658 1441
t 378 1441 2658 18
t 378 2735 1441 2010
t 1178 2617 874 1441
t 2617 874 1441 2010
t 2050 1442 1263 2662
t 1436 1263 1442 2662
t 2030 1461 818 1436
t 2050 1959 1442 2662
t 365 205 2666 2140
t 811 2797 1101 2140
t 1444 2742 1436 805
t 2742 200 805 1444
t 1550 1214 843 128
t 1770 380 333 1817
t 1182 2387 2393 1445
t 1110 1111 365 1446
t 117 1546 1550 2668
t 2734 1912 724 2716
t 503 72 569 1346
t 628 542 713 1006
t 628 713 1601 1006
t 1396 721 519 770
t 1396 519 703 770
t 1609 450 211 201
t 1609 450 201 2771
t 265 1792 2133 30
t 265 1245 2133 1792
t 1764 482 395 1449
t 1764 482 1449 383
t 1618 2770 1450 145
t 94 1608 105 1454
t 1768 219 386 387
t 2030 1461 390 967
t 2030 1461 967 818
t 2742 2030 1461 390
t 132 484 1096 451
t 132 451 1096 1099
t 1255 1494 1256 1499
t 2751 1499 1494 137
t 2751 1499 1256 1494
t 1496 1190 390 401
t 967 1496 390 1988
t 485 1190 1496 401
t 1863 1462 611 1862
t 1823 1863 1862 1462
t 1462 819 722 1823
t 1203 819 1462 1823
t 3109 1347 49 1431
t 1470 1146 1147 2614
t 2269 1146 1470 2302
t 1843 1147 1470 2273
t 531 1230 752 1324
t 531 760 1283 1324
t 3104 1236 1941 1473
t 3104 1236 524 1941
t 2818 97 1228 86
t 98 1538 97 1228
t 1818 2734 1131 392
t 2860 415 107 1671
t 2860 211 1671 107
t 1164 899 472 3021
t 1958 472 2016 2017
t 732 1474 72 1891
t 1474 1669 1187 1866
t 1866 1187 1474 1891
t 1474 985 1187 1669
t 1474 1669 1866 1916
t 2837 1984 985 1916
t 2837 1984 935 985
t 1982 935 2837 1984
t 1770 28 1817 333
t 1770 28 333 129
t 296 1826 1598 30
t 3050 568 1477 1969
t 781 1842 1477 1963
t 1478 2622 1576 40
t 1576 1478 40 1839
t 1170 209 18 1441
t 1096 1766 465 1100
t 1096 2739 582 465
t 1100 1721 1719 1479
t 1663 450 285 394
t 1479 1655 266 176
t 1099 1861 1131 454
t 1388 1099 1856 1861
t 1861 454 1482 393
t 1856 1482 689 1898
t 1662 2731 1453 452
t 1212 1484 2717 1967
t 1211 2471 2715 1484
t 1484 1211 1212 2715
t 1483 475 141 1486
t 1504 141 1486 1483
t 131 481 1485 1930
t 2791 1485 1930 131
t 1210 2468 2714 2471
t 393 472 1425 2016
t 2464 1208 2711 412
t 1207 2456 2710 412
t 412 1207 1208 2710
t 1944 1489 2002 2740
t 986 2862 2002 1489
t 1525 1490 407 1931
t 152 1636 407 1490
t 38 151 1490 1931
t 152 1636 1490 151
t 2119 2044 399 1205
t 36 1492 2820 1493
t 1290 36 2512 1492
t 1290 2510 1492 2512
t 37 1493 1931 2743
t 1493 1295 2512 2515
t 1493 1295 2515 37
t 1499 1255 1494 1475
t 1494 21 1495 2563
t 1494 1495 483 2563
t 2560 2563 483 1495
t 2550 2555 107 415
t 733 2734 620 370
t 733 1912 2734 370
t 2734 724 733 620
t 1187 335 347 297
t 1187 335 297 1197
t 2278 1566 983 1497
t 1160 983 2990 2835
t 2278 1497 1150 2282
t 2278 1497 2282 1566
t 357 1201 1869 347
t 654 357 358 1869
t 358 486 1869 1201
t 357 1869 1201 358
t 2027 1498 485 1426
t 1498 2027 492 1426
t 1498 492 2027 1523
t 1866 1824 357 1189
t 1866 357 1824 1554
t 1189 1824 654 1097
t 2093 2025 2027 1057
t 1151 1503 2086 2690
t 1503 1151 1161 2626
t 1770 1237 1236 400
t 1941 524 400 1236
t 1506 1815 333 380
t 1506 1815 611 333
t 2843 611 1506 1815
t 1767 1506 380 1815
t 1550 222 1509 128
t 1509 303 222 1615
t 1510 186 1661 371
t 371 94 1510 2108
t 1510 194 186 2108
t 2715 1211 1212 1511
t 1511 1212 2715 2717
t 1512 2478 1212 2717
t 1453 387 452 1768
t 1768 219 387 452
t 1768 452 484 219
t 373 1721 1100 1479
t 452 1602 1479 187
t 454 1861 1482 1099
t 1856 1482 1099 689
t 828 1912 2716 724
t 2883 2594 828 2716
t 1495 483 118 1617
t 1516 415 107 2860
t 1516 107 95 2860
t 415 118 1495 2560
t 1540 95 1516 2550
t 2712 1929 1439 946
t 2001 1439 977 1517
t 977 1517 1095 2050
t 1524 2510 1492 35
t 1492 1290 35 2510
t 36 1492 1493 2512
t 1493 1295 36 2512
t 124 475 1486 125
t 125 1486 133 475
t 141 475 2299 133
t 123 475 2798 124
t 123 475 481 2868
t 1485 475 481 140
t 2820 1493 37 36
t 1492 35 36 2808
t 1256 820 1494 1255
t 1984 1520 935 1197
t 1984 1520 1197 1720
t 935 1057 1520 2027
t 3050 2838 2887 568
t 1521 1837 358 1202
t 1521 1837 1202 1477
t 2838 1521 1837 358
t 1477 3050 1521 2887
t 482 601 1506 2843
t 2843 611 601 1506
t 1863 709 611 1462
t 1203 1863 1462 709
t 1203 1907 709 810
t 1098 1661 1522 220
t 360 220 1522 1661
t 1661 1522 186 1510
t 1098 1661 1510 1522
t 1523 1180 492 2701
t 117 1546 1508 1509
t 105 1608 494 1508
t 1512 1212 1511 2717
t 402 1200 2039 1212
t 205 453 372 365
t 209 453 372 205
t 394 506 1413 387
t 2001 1934 1439 2712
t 2001 2712 1439 1517
t 2001 2712 1517 1959
t 1190 411 1970 2408
t 782 1967 2435 402
t 369 1217 1449 1354
t 463 1354 395 505
t 1354 505 1217 395
t 1056 20 2043 1218
t 1497 2171 1218 1150
t 705 1046 1527 502
t 1527 1046 2171 1218
t 504 2920 819 1529
t 1529 2430 907 819
t 507 1252 901 813
t 507 2921 813 901
t 110 2262 1530 2102
t 204 1530 2102 1535
t 511 2479 798 1533
t 512 728 1534 2221
t 596 692 515 3048
t 692 515 3048 511
t 99 3041 2102 111
t 2897 199 1535 3028
t 111 213 3041 2102
t 199 1535 2998 513
t 488 2406 1224 498
t 596 2348 2538 515
t 244 1365 1225 302
t 92 2107 1536 103
t 92 1278 1536 2107
t 1630 1536 210 514
t 98 1429 1538 1228
t 1429 1538 2800 98
t 523 1539 553 13
t 523 2391 553 1539
t 1539 758 2391 553
t 353 3011 1542 366
t 366 1542 1233 3011
t 552 366 1542 1233
t 1543 397 2994 288
t 1543 288 723 397
t 525 2994 288 1543
t 191 288 1543 525
t 181 270 1544 278
t 181 278 1544 522
t 522 278 1544 1313
t 543 16 1545 718
t 543 728 718 1545
t 16 1270 1545 718
t 1270 1545 718 825
t 536 1268 706 1547
t 694 806 1547 3042
t 1547 2385 1268 706
t 108 2545 1548 119
t 108 2315 1548 2313
t 202 1548 203 2726
t 608 1549 2244 536
t 490 2536 1549 2535
t 598 2536 2535 536
t 608 1549 1328 2244
t 491 1552 2258 2453
t 427 1553 2255 557
t 357 347 1869 1554
t 2093 1555 1579 1523
t 2086 1556 1140 1972
t 2845 1559 289 1098
t 2845 1559 1664 289
t 20 1161 436 2343
t 1566 983 20 2342
t 2311 983 1566 2342
t 1720 335 1567 1988
t 1678 2408 1568 2694
t 1568 1188 1678 1199
t 2404 1188 1568 1199
t 1186 2402 1569 2425
t 1569 1185 1186 2425
t 1339 1185 1569 2425
t 1752 449 1964 1572
t 1790 2633 1789 1573
t 1837 1960 1477 1961
t 1477 1963 1842 1969
t 978 1737 1772 331
t 413 2882 331 978
t 1501 1575 163 1480
t 1501 1575 979 163
t 621 2398 531 520
t 406 570 621 531
t 570 531 520 621
t 1577 621 2146 530
t 506 516 245 618
t 517 2399 618 527
t 245 517 527 1710
t 1084 1578 3049 2154
t 2425 2154 1196 1578
t 1057 1579 1240 1180
t 1523 1057 1180 1579
t 2888 1180 1240 1579
t 1050 1239 2947 2047
t 1580 2900 447 437
t 1580 1251 447 3058
t 523 1244 445 2152
t 1244 607 523 445
t 1348 1582 137 224
t 137 979 1582 1348
t 979 137 2647 1348
t 1583 406 417 570
t 1583 520 570 417
t 609 2961 408 1583
t 1588 317 327 607
t 1588 1251 607 327
t 208 609 2962 301
t 609 2426 301 244
t 208 301 244 609
t 1202 781 486 2638
t 1589 2645 780 862
t 1589 2074 862 780
t 1344 2638 1589 780
t 1344 1589 2645 780
t 1700 1303 839 2215
t 633 1243 746 1242
t 1243 3083 2136 746
t 1243 746 1242 3083
t 1351 666 658 2922
t 1351 2922 2131 666
t 1591 847 2762 569
t 1591 847 347 1187
t 1187 847 2762 1591
t 521 646 637 1247
t 1247 3065 2287 637
t 1247 738 3000 646
t 520 521 1247 2400
t 520 592 634 2398
t 1045 2330 1595 2940
t 1595 1163 1045 2359
t 2327 1163 1595 2359
t 376 256 2692 217
t 2590 1642 376 256
t 2692 1642 376 154
t 1350 19 61 1597
t 61 19 612 1597
t 1597 1594 61 1532
t 1532 1350 61 1597
t 1369 589 2454 2288
t 1369 2288 600 2919
t 1349 1347 1367 1431
t 2386 263 173 615
t 713 2120 996 1601
t 1601 2259 2120 996
t 1601 628 1006 3007
t 1601 2120 3007 1006
t 265 2133 1245 264
t 2134 1354 369 1245
t 1312 389 388 2341
t 598 638 2535 1392
t 1392 706 608 600
t 1392 706 638 608
t 65 2803 1374 1606
t 2793 1606 65 66
t 501 2150 493 1393
t 491 2453 2258 1393
t 3076 2258 1393 491
t 375 627 1262 496
t 627 2347 487 2498
t 374 1262 484 495
t 375 673 1262 374
t 1610 595 2348 476
t 1274 2258 2175 388
t 1274 1358 389 83
t 1274 1358 2258 389
t 1274 83 389 629
t 276 17 1612 2130
t 1612 3008 488 498
t 17 385 1229 1612
t 1612 3008 385 1229
t 1613 487 627 384
t 276 2130 1612 275
t 1612 384 488 1613
t 1616 1266 814 2581
t 1363 1261 2582 812
t 2138 1277 720 2284
t 2138 817 2284 720
t 1368 2138 1277 720
t 1268 3084 2226 719
t 608 719 1277 1268
t 1268 3084 719 1277
t 1254 712 716 507
t 604 717 1254 716
t 604 1254 712 716
t 210 409 289 1414
t 210 289 409 295
t 1629 1368 608 617
t 93 94 2320 2106
t 94 2320 2106 494
t 91 92 1278 3090
t 91 1278 1279 3090
t 1279 288 525 208
t 90 91 1279 2324
t 87 88 2328 2897
t 88 2897 199 2328
t 1632 286 2897 199
t 86 87 1632 2270
t 86 1384 2517 197
t 77 78 1281 199
t 77 1386 190 199
t 77 1386 199 1281
t 397 1639 3004 520
t 624 1641 518 622
t 1293 519 1652 1044
t 1652 1149 1293 1044
t 288 1294 397 408
t 1294 397 408 1639
t 1314 15 2552 26
t 287 2552 2374 396
t 624 255 404 1641
t 1654 499 397 388
t 1654 725 397 3004
t 1654 499 3004 397
t 723 397 388 1654
t 725 723 1654 397
t 1656 1308 839 2473
t 727 1534 2225 2077
t 1657 1259 838 924
t 1259 924 2272 838
t 2221 1656 1308 839
t 1657 924 838 1308
t 1534 728 2438 2221
t 2225 727 1259 1276
t 719 1659 1310 3092
t 1659 3092 832 2591
t 1660 2591 2592 831
t 1660 2591 2441 1310
t 1384 255 291 286
t 1384 1311 291 255
t 197 1413 2965 290
t 1413 285 290 394
t 197 290 1311 1413
t 190 286 1260 283
t 1379 714 739 2283
t 1381 2923 1379 739
t 1381 1379 714 739
t 714 1320 2242 738
t 1320 2283 3033 738
t 1320 2283 738 714
t 1320 831 728 737
t 626 2242 1320 625
t 636 504 731 722
t 1383 504 720 731
t 1383 636 504 731
t 613 614 604 716
t 613 1378 1321 726
t 1378 1321 726 2439
t 1413 255 506 245
t 1665 1381 637 2756
t 2756 1665 71 637
t 1665 1381 714 3065
t 622 1327 632 676
t 622 726 676 632
t 1641 622 1327 632
t 1552 1667 1328 626
t 1667 3056 3081 617
t 1667 1328 626 2445
t 1667 719 2445 626
t 1984 1669 1197 985
t 1669 1197 1720 1984
t 1916 1984 985 1669
t 1077 1480 1465 1672
t 2792 1672 1077 122
t 1466 1672 2792 122
t 427 1677 1331 554
t 1677 1331 554 759
t 427 544 1677 554
t 426 2163 1283 1394
t 1086 1678 1200 1190
t 1074 1075 2508 2253
t 1075 2253 1188 2508
t 1679 2253 1188 2404
t 1068 1680 2458 3034
t 381 1182 1689 2359
t 1690 1179 644 1076
t 1691 1292 425 2459
t 1292 1692 424 2905
t 1292 2459 2905 424
t 1692 414 423 2946
t 1692 529 2946 423
t 2551 1692 414 423
t 761 2636 1693 1589
t 2636 1693 863 956
t 1332 1396 1055 1223
t 1299 943 2597 855
t 1299 943 855 1333
t 3087 1695 1304 3094
t 1695 1304 307 1292
t 1695 1691 1292 307
t 1695 1691 307 1697
t 1697 417 1691 308
t 1700 1303 853 941
t 1303 941 2599 853
t 1700 941 853 1302
t 1265 940 2514 852
t 1265 940 852 1303
t 1304 1272 306 699
t 1304 1292 699 306
t 3083 1265 1305 3098
t 1265 1305 851 3103
t 1305 3103 2588 851
t 884 2274 892 2071
t 2274 892 2071 1399
t 1703 713 996 730
t 1703 996 713 1399
t 1819 729 874 2688
t 995 2010 874 2688
t 874 2010 1819 2688
t 741 769 1334 740
t 1317 855 769 1334
t 1704 736 768 3031
t 1704 854 3031 768
t 740 768 1317 1704
t 1704 854 768 1317
t 740 1704 736 768
t 1316 853 2983 767
t 1316 853 767 736
t 1705 2922 766 2918
t 1705 852 2918 766
t 752 766 1316 1705
t 1705 852 766 1316
t 653 2922 1267 1319
t 1319 851 2922 1267
t 1710 421 413 2761
t 127 128 2352 2899
t 127 1714 2353 2097
t 128 2352 2899 222
t 1714 1400 2097 230
t 1714 2899 222 310
t 124 125 2542 2301
t 124 1715 1322 3089
t 125 2301 221 2542
t 1715 3040 2301 221
t 1715 1322 229 3029
t 123 124 3101 2303
t 1323 307 315 228
t 124 2303 1322 3101
t 1323 307 228 1322
t 758 741 661 759
t 758 741 740 661
t 1324 740 736 660
t 1324 740 660 758
t 122 123 2543 2304
t 305 306 314 227
t 123 2304 1323 2543
t 1272 306 227 1323
t 752 658 653 760
t 752 1705 653 658
t 114 1717 2542 2572
t 1717 301 753 221
t 1720 1496 335 1988
t 1496 1426 1988 1720
t 454 392 1861 1131
t 2716 454 1131 392
t 393 454 794 472
t 1370 1722 1742 332
t 40 2747 1250 1724
t 1724 2747 3107 40
t 2753 1725 1120 1109
t 1814 1725 2076 1120
t 805 200 411 782
t 2681 379 1728 372
t 378 18 2658 1729
t 1494 1730 21 2563
t 3107 1731 2811 40
t 1315 1731 1431 2811
t 1315 1731 1434 1431
t 1731 334 1315 1434
t 1839 3107 40 1731
t 1731 334 1839 1315
t 1940 2622 1478 40
t 1732 1478 2489 1940
t 1526 153 1213 1434
t 781 864 1439 1929
t 1962 781 1439 1929
t 1734 1206 1207 2456
t 1734 1206 2456 1437
t 1735 1436 2662 1263
t 1591 761 357 347
t 1591 347 357 1187
t 297 335 347 1567
t 1567 864 335 347
t 1096 1099 1388 132
t 1388 1096 1856 1099
t 1164 2582 472 899
t 1238 1189 984 1097
t 1824 1238 1097 1189
t 2716 1164 454 392
t 378 209 1729 379
t 383 1449 30 360
t 2629 2540 1742 299
t 2544 1742 332 299
t 1742 1722 2544 332
t 484 1391 451 31
t 484 451 1818 31
t 1510 289 1630 494
t 1754 843 2736 136
t 136 1754 957 2736
t 1618 2770 957 1754
t 1498 492 401 1426
t 1520 1426 485 1496
t 1520 1426 1720 1984
t 1769 387 386 1845
t 1769 516 1845 1771
t 1642 980 256 1702
t 1642 1702 1648 980
t 185 602 1253 1215
t 602 1253 1215 616
t 612 60 602 615
t 2147 648 2451 1097
t 688 1216 1220 648
t 634 592 2239 1230
t 2239 1230 592 748
t 634 1246 2239 592
t 2239 592 1246 748
t 408 1287 281 521
t 1294 501 1287 71
t 1294 1226 1257 71
t 751 647 1333 1227
t 309 1553 607 1251
t 1551 521 2400 646
t 521 1247 2400 646
t 1543 723 725 397
t 1539 758 1324 660
t 1283 1324 1539 758
t 388 1552 1639 1294
t 1294 281 1552 1639
t 604 515 717 1224
t 471 1369 11 505
t 471 505 11 1217
t 2727 722 1776 732
t 12 1776 619 28
t 12 1776 28 636
t 636 722 1776 2727
t 232 1223 502 1396
t 522 1281 15 1386
t 1232 1281 15 522
t 1279 288 208 1278
t 1279 288 191 525
t 713 1601 996 730
t 394 245 1413 506
t 1424 245 2373 1710
t 2373 245 394 413
t 1663 450 300 331
t 450 1609 1670 331
t 2193 1118 1129 1128
t 2193 1129 2192 2202
t 1792 346 1245 395
t 1718 1792 296 1764
t 1792 1764 383 296
t 1792 1764 1449 383
t 1792 395 1449 1764
t 1718 395 346 1792
t 61 1598 1826 391
t 1598 1826 1594 61
t 1598 391 30 1826
t 1444 805 1263 782
t 805 200 782 1444
t 2751 137 1494 2611
t 205 453 18 209
t 205 209 18 1170
t 1119 2202 1120 2173
t 1106 2161 1801 2166
t 1106 1801 1107 2166
t 2166 1801 2168 2161
t 2173 2172 1108 2170
t 2173 2172 1109 1108
t 1107 2168 1802 2170
t 1107 1802 1108 2170
t 2170 1119 1802 1108
t 2170 1802 1119 2192
t 1105 2160 2157 1906
t 1820 1117 1105 1106
t 1820 1105 1117 2187
t 1103 1102 1114 2180
t 2140 1101 2142 2179
t 1104 1103 1115 2182
t 1193 1807 1194 2393
t 2417 1807 1193 2393
t 2393 1807 1734 1437
t 1183 2365 2393 2420
t 1184 1183 1195 2420
t 1174 1808 1175 2336
t 2941 1808 1174 2336
t 1166 2856 1167 2308
t 2336 2856 1166 2308
t 1148 2273 1810 2251
t 1148 1810 1149 2251
t 2857 1160 1810 1149
t 2857 1810 1160 2311
t 2251 1810 2857 2273
t 1138 2249 2858 2230
t 1138 2858 1139 2230
t 1129 2230 2254 2202
t 1129 2254 1130 2202
t 1718 1764 395 1792
t 231 1676 319 1688
t 1910 1594 398 1597
t 1910 217 398 1594
t 1910 1594 1597 1532
t 1431 49 615 1434
t 1431 1731 1434 615
t 1284 2682 1813 1519
t 1814 2753 1120 2624
t 1648 1713 1711 980
t 1772 420 978 2776
t 978 1772 1773 331
t 1900 1819 874 2010
t 1900 1425 1819 2010
t 1565 146 32 1451
t 1284 32 1519 1813
t 147 1635 1451 146
t 147 1644 1451 1635
t 1635 146 147 246
t 1635 246 147 1644
t 1617 311 304 1737
t 1617 1675 311 1737
t 2148 1102 1103 2180
t 1820 2161 2160 1906
t 2160 1820 1105 1106
t 2160 1105 1820 1906
t 2160 1820 1106 2161
t 1104 1105 2157 2185
t 2153 1103 1104 2182
t 1101 1102 2142 2179
t 2166 1801 1107 2168
t 1642 1576 40 154
t 376 1642 40 154
t 1771 1773 1821 1935
t 639 1864 630 1821
t 639 1935 1821 2833
t 1737 430 420 1772
t 1737 2749 430 1772
t 1807 2420 2393 1734
t 2393 1807 1194 2420
t 1184 2396 2365 2420
t 2365 1183 1184 2420
t 1808 2367 2336 1841
t 2336 1808 1175 2367
t 2308 2856 1167 2340
t 2251 2857 1810 1149
t 2251 2857 1149 2278
t 2230 2858 1139 2254
t 1496 401 390 1988
t 1426 401 1496 1988
t 2417 1206 1807 1437
t 1205 1206 1193 2417
t 1462 1823 722 1862
t 395 1765 1764 1718
t 1676 1615 1614 222
t 296 1594 1598 1826
t 1350 1910 1597 1532
t 805 1263 1442 1436
t 2742 2030 1436 1461
t 495 1827 31 219
t 495 1827 277 31
t 31 675 1827 277
t 372 1726 365 453
t 820 1730 21 1494
t 1187 1241 833 72
t 833 985 1241 1187
t 1474 1187 833 72
t 833 985 1187 1474
t 2716 2734 1131 675
t 1506 380 359 220
t 2692 264 602 265
t 2692 264 615 602
t 2692 1826 602 398
t 612 602 398 2692
t 612 615 602 2692
t 1576 1839 40 1731
t 1731 334 1576 1839
t 1526 1528 2706 1839
t 1526 2706 334 1839
t 1478 40 1839 2747
t 1185 1841 2396 1339
t 1185 1841 1808 2396
t 1808 1841 2336 2941
t 2614 1147 1470 1843
t 1158 2308 1843 2302
t 2614 1158 1147 1843
t 1158 2308 1557 1843
t 1845 620 2734 370
t 1098 1661 1559 1510
t 1098 1559 289 1510
t 454 1164 2582 472
t 1189 1187 72 1591
t 1197 1669 1187 985
t 1669 1187 297 1197
t 284 2718 1787 1098
t 1813 32 1519 1451
t 2745 1813 2631 0
t 1914 1859 2729 732
t 722 1911 1914 1859
t 983 20 1160 1218
t 1497 20 983 1218
t 503 72 2762 569
t 503 1219 2762 72
t 512 2221 1242 1246
t 1242 838 3085 2221
t 512 2221 2077 1242
t 2077 838 1242 2221
t 110 1272 1530 2763
t 1272 1530 1326 10
t 515 1254 1269 1252
t 511 1266 2479 1252
t 1252 892 1266 2479
t 511 1252 2479 2274
t 2274 892 1252 2479
t 2107 2322 1278 1630
t 1278 1536 1630 514
t 244 1257 1294 1226
t 16 1269 1545 1270
t 1269 825 1270 814
t 1553 607 1251 13
t 536 1268 1547 1270
t 13 1283 1539 758
t 522 1544 17 1313
t 522 1313 17 1314
t 499 2405 2403 1328
t 1549 2403 1328 16
t 499 1328 2403 1330
t 1328 2403 1330 16
t 557 1551 758 1331
t 1879 12 50 8
t 17 1229 1233 1612
t 1612 489 1229 1233
t 50 1879 8 121
t 1257 121 1879 50
t 1257 50 1879 1787
t 1787 2654 1879 400
t 2757 1882 617 1383
t 493 1882 2150 2725
t 129 1882 50 12
t 493 1882 2725 129
t 1879 1220 8 121
t 1879 1220 524 619
t 210 1414 289 1630
t 1630 210 1414 106
t 2760 1890 626 1665
t 121 1890 71 1665
t 1538 1428 97 1228
t 1617 223 2720 483
t 1617 2720 223 1675
t 1015 2017 472 1958
t 1958 1164 472 1015
t 1866 2730 984 1891
t 2729 1916 1474 1866
t 381 1680 2387 2354
t 2387 2354 1680 1181
t 1582 1463 1475 483
t 1476 1463 1475 1582
t 1560 2838 1837 358
t 1560 1869 358 1837
t 1777 2838 1560 556
t 995 2698 1899 2688
t 2079 378 995 1899
t 1503 2626 1161 2693
t 2052 811 205 1902
t 205 1902 2797 1111
t 1170 205 1231 1902
t 1231 1902 205 1111
t 2052 205 1170 1902
t 1903 1165 2336 2330
t 1103 2153 2148 2180
t 2180 1103 2153 2182
t 1307 1904 1306 1213
t 1101 2667 1905 403
t 1905 1101 2142 2667
t 1905 2667 2142 2669
t 1102 2148 2142 2179
t 2179 1102 2148 2180
t 1105 1906 2157 2185
t 2185 1105 1906 2187
t 2178 1101 2140 2179
t 1104 2157 2153 2182
t 2182 1104 2157 2185
t 152 407 1638 1908
t 153 1908 152 1640
t 1207 412 1734 2456
t 1909 1929 864 781
t 1909 781 500 1929
t 1987 1909 1929 864
t 1209 2468 2423 2464
t 1211 1484 2428 2471
t 376 2489 217 1910
t 1826 30 602 391
t 1431 1731 615 612
t 1845 387 386 620
t 387 506 219 620
t 386 387 219 620
t 94 1409 2108 332
t 332 371 2108 94
t 332 1409 2108 981
t 2600 1258 145 1450
t 2101 1727 1204 1928
t 2414 1928 2101 1204
t 2414 2101 1928 2704
t 1861 1482 1099 1856
t 2731 452 373 1768
t 2731 1768 1453 452
t 123 1930 2868 481
t 1930 481 1485 1483
t 3053 1485 1483 1930
t 3053 1481 1930 1483
t 2868 2799 1930 123
t 2563 1494 1730 1475
t 151 1931 1637 1636
t 2560 1475 1463 483
t 2732 533 1944 1489
t 416 1995 2656 1087
t 1995 2656 1087 968
t 1912 724 733 2734
t 639 1865 1864 1935
t 1771 1935 1821 1864
t 639 1864 1821 1935
t 1869 486 1837 500
t 486 864 2074 781
t 1869 486 500 1909
t 2093 1057 1523 1579
t 2093 1057 2027 1523
t 1940 2622 40 376
t 376 1940 2590 217
t 1732 1478 1940 2622
t 416 2656 2661 1087
t 2656 2029 1087 968
t 2728 1473 1941 1770
t 2728 1770 1941 28
t 1473 1236 1941 1770
t 1770 1941 400 1236
t 1770 1941 2654 400
t 2590 2606 1642 256
t 1523 1555 1579 2701
t 1907 1823 1203 1863
t 1823 1907 1911 1863
t 2630 2632 2172 2500
t 1651 1594 1826 217
t 1651 1594 296 1826
t 1614 1550 843 128
t 1245 1449 395 1354
t 300 1663 394 450
t 1735 1444 1436 1263
t 1949 18 2658 2617
t 1949 2617 874 1178
t 874 2617 1949 2649
t 783 2649 1950 428
t 1950 2649 783 874
t 677 428 2634 1951
t 1951 1900 783 2642
t 1951 783 677 428
t 571 1844 2627 1952
t 1952 1857 677 1951
t 1952 677 571 1844
t 41 1953 2530 1335
t 1953 1335 41 51
t 1953 51 1596 1954
t 1954 2537 2533 1352
t 1352 2537 62 1954
t 455 1793 2620 1955
t 1955 571 455 1793
t 783 2649 2642 1956
t 1956 2010 874 2741
t 1956 874 783 2649
t 1430 2655 2662 1959
t 500 781 1960 2640
t 1960 2640 1963 1574
t 781 1963 1960 2640
t 1961 1574 1969 2625
t 1969 568 1961 2625
t 1929 2640 2655 1962
t 1962 781 1929 2640
t 1962 1883 781 2640
t 1883 1963 781 2640
t 449 330 1965 1572
t 1967 2717 1212 2478
t 2719 2717 1967 2478
t 1180 1579 1968 2701
t 1180 1970 2701 1968
t 1579 1555 1968 2701
t 1969 1791 568 2625
t 1190 492 1970 2703
t 1970 492 1190 1180
t 1579 2693 436 1555
t 436 2693 1579 1161
t 1140 1979 2083 1130
t 1140 2083 1979 1556
t 1130 1979 2746 2202
t 833 1916 985 1474
t 1474 1916 985 1669
t 2712 1934 1439 1962
t 1934 781 1439 1962
t 595 702 692 691
t 185 193 2035 184
t 185 1215 280 2035
t 600 707 22 2036
t 2036 707 696 2288
t 2036 708 707 22
t 194 2037 1215 284
t 2037 1215 284 2722
t 1522 284 2722 2037
t 1522 284 2037 1510
t 1510 284 2037 194
t 3059 216 244 302
t 216 302 1365 244
t 1508 295 289 210
t 615 264 1253 602
t 615 264 263 1253
t 2898 2132 2277 260
t 437 448 2038 555
t 438 448 2038 437
t 448 2038 555 567
t 2038 568 556 555
t 447 2900 1580 566
t 2900 566 555 554
t 442 2901 549 561
t 2901 562 550 549
t 437 2041 544 555
t 1085 1075 2253 1199
t 1071 1184 1183 2042
t 1081 2042 1183 1194
t 433 2905 540 549
t 2905 2143 541 540
t 1044 1055 1056 1160
t 1044 1218 1160 1056
t 1055 1056 1160 1169
t 1056 20 1218 1160
t 1056 1169 20 1160
t 1046 2043 1057 1579
t 2043 1057 1579 1240
t 2043 1161 20 1240
t 1218 1161 2043 1046
t 2043 20 1161 1218
t 1690 1240 1179 1180
t 1050 1040 1155 1239
t 1040 1239 1156 1155
t 2047 1061 1062 1174
t 1062 2165 2047 1174
t 2047 1239 1173 1165
t 1225 2049 1226 534
t 1226 2766 534 2049
t 2049 1220 2766 534
t 2049 1220 534 1216
t 2049 534 1225 1221
t 1221 534 1216 2049
t 1024 1023 1652 1139
t 1024 1139 2115 1023
t 1023 1652 1138 1293
t 1652 1150 1139 1138
t 404 2116 1692 2051
t 404 2051 518 2116
t 2051 1692 2905 529
t 2051 530 529 2905
t 1577 518 2146 633
t 518 2346 2146 633
t 2909 1129 1120 1119
t 1007 2911 2120 1123
t 384 488 487 497
t 1613 384 488 487
t 356 471 368 2903
t 356 2903 1354 471
t 368 2903 471 480
t 2903 1217 1354 471
t 2903 480 1217 471
t 1449 395 1217 482
t 1449 1217 395 1354
t 352 2132 2060 351
t 352 468 351 2060
t 2060 468 467 595
t 363 2060 467 1610
t 2060 1610 595 467
t 971 1089 1082 1081
t 967 1076 1086 390
t 967 1076 390 1496
t 2062 967 1076 1086
t 956 1076 2062 967
t 956 1076 2264 2062
t 962 961 2063 2913
t 2913 1071 1070 2063
t 961 2063 2123 1081
t 1520 485 1057 2064
t 2064 1690 1057 1056
t 935 1057 2064 1520
t 485 1690 1057 2064
t 1223 1056 1055 2065
t 1332 1223 1055 2065
t 924 2272 2067 923
t 924 1040 1039 2067
t 931 2067 1039 1050
t 917 2267 1652 2068
t 908 918 1035 907
t 908 1025 907 1035
t 918 1035 2068 1034
t 902 901 2069 2127
t 902 1019 2127 2069
t 912 2069 1018 1029
t 897 889 2070 1013
t 889 888 2070 2105
t 889 1002 2105 2070
t 896 2070 1001 1012
t 884 997 996 2071
t 1399 2071 996 1007
t 884 1703 2071 996
t 1703 2071 996 1399
t 1201 864 863 2074
t 2075 869 859 858
t 2922 2918 851 858
t 1267 2922 2918 851
t 2281 1267 2918 851
t 2281 852 851 2918
t 3083 1265 838 837
t 1242 838 837 3083
t 1379 842 569 503
t 1379 739 569 842
t 1379 503 1219 842
t 2077 838 837 1242
t 2077 1259 837 838
t 2077 1657 1259 838
t 697 2925 802 809
t 2925 810 803 802
t 696 2926 801 808
t 2926 809 802 801
t 2078 2915 2917 318
t 2091 2080 242 2078
t 2080 242 2078 329
t 2080 318 2721 328
t 227 2096 2916 226
t 227 315 314 2916
t 226 2916 314 323
t 658 666 2927 2922
t 658 766 2922 2927
t 222 2899 2917 310
t 2899 2917 310 318
t 314 2128 306 305
t 1272 226 227 305
t 1272 306 305 227
t 2933 637 2914 739
t 2933 1346 739 2914
t 637 2914 739 2287
t 1346 739 2914 569
t 739 569 751 2914
t 2906 1383 720 617
t 617 2906 1368 720
t 2906 715 720 1383
t 2906 720 715 2138
t 1368 2906 2138 720
t 591 590 2085 698
t 591 698 2931 590
t 590 2085 697 2036
t 581 2297 2931 686
t 581 687 686 2931
t 580 579 590 686
t 579 2919 685 696
t 2919 2926 686 685
t 575 2298 586 680
t 575 681 680 586
t 586 691 681 680
t 150 158 2898 249
t 150 250 249 2898
t 2898 2277 250 249
t 2090 264 263 615
t 254 344 263 2276
t 980 2090 264 2276
t 136 231 2899 2091
t 135 2899 2097 2092
t 143 2092 2350 241
t 138 235 236 2647
t 2647 2096 226 236
t 134 2097 2351 230
t 127 2097 135 2899
t 127 2899 1714 2097
t 2791 1480 138 163
t 227 163 2096 226
t 1272 226 163 227
t 994 1002 2909 1108
t 994 1109 1108 2909
t 993 1001 2910 1107
t 993 1108 1107 2910
t 2910 1802 1108 1107
t 988 996 2911 2924
t 988 1103 2924 2911
t 116 2100 2104 216
t 105 2106 2100 1508
t 1508 216 210 2100
t 99 1535 2897 2102
t 340 2277 351 339
t 340 459 339 351
t 351 2298 459 458
t 103 2361 115 2104
t 2104 115 116 2353
t 883 2375 889 882
t 883 994 882 889
t 889 1002 994 993
t 877 988 987 996
t 877 1703 996 987
t 882 2376 2105 992
t 882 993 992 2105
t 2105 1001 993 992
t 93 2107 104 2106
t 93 2106 1630 2107
t 2106 1630 210 494
t 2107 2104 1536 103
t 2107 1630 1536 210
t 87 2270 98 1632
t 87 2897 1632 98
t 2108 194 186 185
t 2737 186 2108 371
t 2285 186 185 2108
t 981 186 2108 2737
t 66 65 180 2280
t 76 180 179 190
t 2919 697 686 2926
t 686 792 791 2926
t 2926 2376 792 791
t 687 2931 2925 792
t 687 793 792 2925
t 2925 2375 793 792
t 681 691 797 786
t 681 787 786 797
t 797 2377 787 786
t 45 159 2145 2114
t 54 2114 2248 168
t 585 2349 595 584
t 585 691 584 595
t 594 595 691 701
t 179 2275 275 2934
t 189 275 274 283
t 179 2896 268 275
t 2896 2954 269 268
t 158 2248 2950 2936
t 158 260 2936 2950
t 167 2950 259 267
t 2950 2332 260 259
t 441 2944 548 560
t 2944 2344 549 3072
t 1081 2122 2942 2943
t 1081 1194 2943 2942
t 1088 2942 1193 1206
t 1080 2945 2162 1193
t 2945 1193 1183 1182
t 2946 2345 540 539
t 1060 2947 1163 1689
t 1039 2935 2947 2355
t 1039 1155 2355 2947
t 1049 2947 1154 1163
t 2947 1163 1155 1154
t 1018 2948 2949 2307
t 1018 1133 2307 2949
t 1028 2949 3003 1143
t 2949 2779 1133 3003
t 1024 1013 2115 1139
t 1023 2115 1128 1138
t 414 2116 517 528
t 2116 414 2946 528
t 2116 529 528 2946
t 2116 2346 518 517
t 2116 518 2346 529
t 1018 2117 2307 1133
t 2117 2804 1124 1123
t 996 1113 2259 2120
t 363 2121 1613 1612
t 2121 476 2348 488
t 2121 2348 476 1610
t 351 2332 467 350
t 362 467 2960 474
t 970 2122 2181 1088
t 950 960 2123 1069
t 950 1070 1069 2123
t 960 2123 1069 1080
t 938 2124 2195 1060
t 2124 1060 1050 1049
t 923 1039 2363 2938
t 930 2938 2199 1049
t 2938 2935 1039 1038
t 911 2953 2204 1028
t 2953 2948 1018 1017
t 2126 2115 1013 1012
t 2127 2117 1008 1007
t 2915 448 438 437
t 315 434 2128 2916
t 2916 443 434 433
t 2721 1580 2904 427
t 23 1251 2721 427
t 1251 2721 427 1580
t 310 23 2721 427
t 306 424 699 2128
t 2917 2915 319 438
t 2917 1264 438 429
t 2129 419 410 409
t 1419 2129 409 419
t 1365 1419 409 1225
t 1365 409 2129 295
t 1260 2130 275 384
t 2130 1260 26 384
t 2130 385 384 26
t 2130 1612 384 385
t 275 2130 1613 384
t 2130 384 1612 1613
t 2139 2922 765 2131
t 268 2132 2332 363
t 602 1253 616 2133
t 2133 1245 369 1449
t 2133 369 1245 2134
t 2134 1253 2755 368
t 2134 369 368 2755
t 2135 868 858 960
t 765 851 850 960
t 1319 765 851 850
t 2437 1319 851 850
t 2137 837 836 2136
t 735 2136 1243 2137
t 735 2137 830 836
t 2137 836 1276 830
t 2137 1276 836 837
t 507 812 822 2429
t 712 1378 507 812
t 1378 507 812 822
t 809 897 2430 810
t 504 715 1529 1203
t 1203 709 708 810
t 504 1203 1529 819
t 707 2138 808 2442
t 235 226 2767 322
t 226 322 314 313
t 703 1396 1223 232
t 703 232 1223 1219
t 657 765 2131 2139
t 657 2139 757 765
t 2139 765 1319 757
t 2139 1319 765 2922
t 633 2346 641 632
t 633 1243 735 641
t 641 745 1243 735
t 610 1604 22 715
t 1368 22 707 2138
t 587 2410 3048 586
t 587 693 586 3048
t 584 3030 3044 2291
t 584 691 2291 3044
t 593 3044 690 700
t 582 2292 2141 583
t 583 690 2292 2141
t 1099 689 2141 582
t 183 2329 192 182
t 183 279 278 192
t 191 192 278 723
t 188 189 273 282
t 177 3015 188 273
t 555 566 672 662
t 566 672 662 671
t 161 2337 2971 2959
t 170 2971 262 270
t 2971 2379 2959 262
t 160 2338 2995 2974
t 160 262 2974 2995
t 169 2995 261 269
t 2995 2380 262 261
t 599 555 3050 672
t 555 672 567 3050
t 3050 599 672 1521
t 157 2339 3024 2976
t 157 259 2976 3024
t 166 3024 258 2989
t 3024 2381 259 258
t 156 155 2989 2296
t 156 258 2296 2989
t 165 2989 257 266
t 2989 2382 258 257
t 541 760 2452 2143
t 2144 1271 662 599
t 554 2144 1677 662
t 2144 554 555 662
t 2144 599 662 555
t 44 2145 2388 158
t 2145 158 150 149
t 2346 2146 633 642
t 2051 2146 1577 518
t 1577 621 633 2146
t 2147 2451 535 1097
t 2147 1220 648 225
t 2147 648 1346 225
t 1216 2147 1220 648
t 614 2149 717 716
t 2149 2225 717 716
t 518 1577 622 633
t 1577 633 623 622
t 1577 623 633 621
t 487 614 497 488
t 488 614 1224 604
t 2150 22 2906 610
t 2150 501 2757 617
t 2150 610 2906 1882
t 1393 617 501 2150
t 1393 2150 1629 617
t 2150 1882 617 2757
t 467 595 585 2349
t 2152 551 563 2392
t 440 3012 547 559
t 3012 559 548 547
t 1084 1083 2154 3049
t 1091 2154 2155 1209
t 1074 1578 1186 1073
t 2158 1092 1093 1210
t 1073 2186 3049 2996
t 1073 1186 2996 3049
t 1083 3049 1185 1196
t 1082 2997 2042 1195
t 425 1394 2459 2159
t 434 2159 541 550
t 2159 760 1394 541
t 2159 550 760 541
t 1068 1067 3034 2458
t 1078 3034 1181 1191
t 1087 1205 1191 1204
t 422 431 2972 538
t 422 539 538 2972
t 431 2972 538 547
t 2162 1079 1080 2156
t 435 551 2152 2163
t 435 2163 1394 551
t 1244 2163 2152 523
t 2163 1539 1283 551
t 1394 2163 1283 551
t 1064 1176 1168 1167
t 1053 1167 1166 2164
t 1063 2164 2165 1175
t 1052 2191 2165 1051
t 1052 1166 3001 2165
t 1048 2194 2167 1047
t 1048 2777 1162 2167
t 1058 2167 1162 1171
t 1059 1048 2167 1172
t 1048 1172 1163 2777
t 1043 1159 3093 2169
t 1051 3001 1156 1165
t 3001 2610 1157 1156
t 1042 2988 1158 2413
t 1052 2988 1157 1166
t 1048 1154 1153 2777
t 417 2977 520 532
t 2977 2400 521 520
t 1036 1162 1153 1152
t 1527 1218 2171 1150
t 1034 1150 1652 1044
t 1044 2990 1150 1149
t 1044 1150 2990 1218
t 1034 1150 1044 1527
t 1527 1044 1218 1150
t 1039 2907 2355 1155
t 2907 1155 1145 1144
t 3023 1147 1137 1136
t 1020 2980 1146 2356
t 1020 1135 2356 1146
t 1030 1146 1134 1145
t 1146 2788 1135 1134
t 1292 531 530 2459
t 1292 621 530 531
t 405 1292 1577 2051
t 1292 530 621 1577
t 405 406 509 1577
t 406 621 510 509
t 406 1577 621 509
t 1016 2806 2357 1142
t 1026 1142 1132 1141
t 1142 2233 2806 1132
t 1010 3005 1116 1126
t 1127 2786 1117 1116
t 3009 1125 1116 1115
t 1005 3007 1111 1122
t 3007 2209 1112 1111
t 628 1005 3007 1111
t 2309 628 3007 1111
t 2309 1112 1111 3007
t 995 1111 1110 2174
t 377 2175 490 2177
t 3008 2406 489 488
t 1612 489 488 3008
t 1612 489 3008 1229
t 1229 3008 725 2177
t 1229 2177 489 3008
t 2177 2403 490 489
t 2177 490 2403 499
t 374 452 382 484
t 374 495 484 382
t 452 382 484 219
t 374 495 382 673
t 374 673 1262 495
t 355 2378 2987 354
t 366 2987 470 478
t 354 353 3011 3017
t 354 470 3017 3011
t 353 3011 469 1542
t 3011 2409 470 469
t 975 2158 3066 1084
t 963 972 3038 3014
t 963 1083 3014 3038
t 972 3038 1082 1090
t 2181 1080 1079 2156
t 969 2181 1079 1723
t 1723 2181 1079 2156
t 361 349 2183 473
t 959 1087 1079 1078
t 348 2314 2183 349
t 349 466 2314 2183
t 1096 1100 465 2183
t 1100 465 2183 348
t 1096 2183 2411 473
t 964 2184 2186 1084
t 952 2469 3014 2999
t 952 1072 2999 3014
t 962 3014 1071 1082
t 952 1072 2186 953
t 364 3013 468 476
t 3013 2410 469 468
t 3013 469 2410 477
t 948 947 2188 2465
t 948 1068 2465 2188
t 958 2188 1067 1078
t 2188 1078 1068 1067
t 959 1069 2188 1079
t 934 942 3016 1053
t 934 2196 1053 3016
t 942 3016 1053 1064
t 3016 1064 1054 1053
t 941 1052 2191 1063
t 933 1052 2197 2191
t 928 936 2194 2024
t 929 936 2194 928
t 936 2194 2024 1058
t 721 2196 1043 927
t 2196 721 1043 1054
t 927 1043 3019 2196
t 2196 2169 1043 1042
t 2196 1043 2169 1054
t 925 2473 2197 2986
t 925 1041 2986 2197
t 932 2197 2067 1051
t 933 3018 2197 1052
t 3018 2988 2413 1041
t 921 928 2198 920
t 920 2198 2422 1036
t 928 2198 1036 1047
t 929 2199 2198 1048
t 923 2200 2363 1039
t 2200 1039 1030 1029
t 519 2201 1652 1044
t 904 1021 2364 2973
t 914 2973 1020 1031
t 905 2477 3019 904
t 905 1022 904 3019
t 915 3019 1021 1032
t 3019 3023 1022 1021
t 903 1020 2366 2992
t 913 2992 2069 1030
t 2992 2980 1020 1019
t 900 2476 2204 3020
t 900 1017 3020 2204
t 910 2204 1016 1027
t 909 3021 1015 1026
t 887 1000 2319 894
t 894 1010 1000 999
t 886 999 2318 998
t 893 3009 886 998
t 885 2479 2205 884
t 885 998 884 2205
t 892 2205 2071 1008
t 2207 1004 995 2688
t 533 1231 995 2207
t 2207 2688 995 533
t 2207 995 1004 2174
t 2207 2174 1231 995
t 769 777 872 861
t 769 965 861 872
t 777 872 861 871
t 767 871 861 860
t 767 775 860 2983
t 775 860 859 869
t 765 764 867 857
t 765 960 857 867
t 772 867 857 866
t 3036 865 857 856
t 766 2983 852 859
t 860 2469 853 852
t 1316 766 2983 852
t 2493 853 852 1316
t 768 855 854 861
t 1317 768 855 854
t 749 1299 3096 750
t 767 3031 853 860
t 736 767 3031 853
t 2492 736 3031 853
t 2492 854 853 3031
t 756 2968 3032 2491
t 756 849 2491 3032
t 763 3032 848 856
t 749 1299 3088 1302
t 2212 1299 841 840
t 2212 3088 1299 840
t 748 1303 1700 2215
t 2214 1302 840 839
t 2214 1700 1302 839
t 747 2215 3085 1265
t 2215 1303 839 838
t 1246 747 2215 3085
t 2215 1265 1303 838
t 2221 3085 2215 838
t 2221 839 838 2215
t 737 3033 831 840
t 1320 737 3033 831
t 2441 832 3033 1320
t 2217 845 835 834
t 2218 846 836 835
t 735 2969 726 2991
t 734 735 2991 2969
t 735 2969 830 726
t 724 2220 1376 828
t 2220 1376 828 829
t 2220 835 829 828
t 2221 1308 838 839
t 2221 838 1308 1657
t 2077 2221 1657 838
t 717 2225 2438 824
t 2225 2438 824 1657
t 2225 1259 824 823
t 2225 824 1259 1657
t 718 2226 815 1660
t 2226 1310 816 815
t 1270 718 2226 815
t 2226 1660 1310 815
t 1270 815 814 825
t 825 2992 814 813
t 1269 814 813 825
t 2227 2582 2476 812
t 2227 711 1321 821
t 2227 1321 2439 821
t 2227 812 2476 822
t 711 2227 2582 821
t 695 694 2228 3045
t 695 800 3045 2228
t 694 2228 799 806
t 2228 807 800 799
t 1220 619 8 225
t 700 3043 2229 804
t 3043 3035 796 795
t 689 2335 2229 690
t 690 795 2335 2229
t 2229 804 795 794
t 454 1482 794 2229
t 1482 794 2229 689
t 804 454 794 2229
t 2956 326 317 229
t 228 237 325 315
t 237 325 315 324
t 325 2369 316 315
t 224 312 234 3026
t 228 3029 307 316
t 1322 228 3029 307
t 2460 1322 3029 307
t 2460 308 307 3029
t 315 425 307 306
t 1323 227 315 306
t 1304 307 306 1323
t 218 2231 24 304
t 2231 311 312 304
t 660 2392 2985 2979
t 660 768 2979 777
t 668 2985 767 776
t 659 2394 668 2970
t 659 767 2970 668
t 667 2970 766 775
t 2970 775 767 766
t 2232 3036 764 763
t 651 3022 764 756
t 651 757 756 764
t 764 3037 757 756
t 649 2968 756 755
t 3087 1697 294 293
t 3087 1695 1697 293
t 213 3041 292 1304
t 3041 1304 293 292
t 645 3000 592 749
t 1247 645 3000 592
t 2242 738 737 1247
t 229 3040 1715 317
t 3040 317 309 308
t 202 291 2726 203
t 2726 1424 291 290
t 2237 744 735 734
t 201 2965 742 202
t 202 742 2726 290
t 450 2965 742 201
t 1230 2239 643 747
t 620 2240 25 724
t 2240 1376 724 2220
t 2240 733 2220 724
t 2242 1320 737 738
t 1381 2933 2923 739
t 637 2933 1381 739
t 1346 2923 731 8
t 8 2923 731 1381
t 1383 731 1381 8
t 1383 617 2930 1381
t 603 712 711 1321
t 206 525 287 293
t 525 287 293 294
t 1280 206 525 287
t 16 2244 1270 718
t 1328 2244 16 718
t 2244 1328 2445 718
t 2244 719 718 2445
t 2244 718 1268 1270
t 2244 1268 718 719
t 2246 1329 543 717
t 588 587 2247 2305
t 588 694 2305 2247
t 597 2247 693 704
t 184 1312 280 279
t 44 158 2388 2248
t 53 2248 2339 167
t 574 2455 584 573
t 574 680 573 584
t 584 691 680 679
t 162 2975 172 3064
t 162 3064 263 2975
t 2963 3064 2975 272
t 2250 1588 23 309
t 1400 2351 2250 309
t 2956 2250 309 1588
t 2250 23 1400 309
t 149 157 2936 248
t 149 249 248 2936
t 2936 2434 249 248
t 446 3058 553 565
t 1251 446 3058 553
t 2255 1251 3058 553
t 2255 554 553 3058
t 1085 1199 2253 1094
t 1093 1094 1198 1211
t 2252 1678 1180 1179
t 2252 1180 1678 1190
t 1690 1180 1179 2252
t 1690 1180 2252 485
t 485 1190 1180 2252
t 1070 1174 1173 1183
t 2255 553 1331 13
t 2255 553 13 1251
t 2255 1331 553 554
t 944 1065 1066 1054
t 1055 1169 1168 2256
t 1065 2256 1168 1177
t 423 2905 529 540
t 541 2452 530 529
t 1692 423 2905 529
t 1054 1043 2169 1168
t 3061 1168 1160 1159
t 2257 544 1221 1264
t 2257 1264 429 2041
t 2257 545 2041 429
t 1033 1293 1137 1148
t 1293 1148 1138 1137
t 1293 1138 1148 1149
t 1001 3057 3062 2358
t 1001 1118 2358 3062
t 3005 3062 1117 1127
t 1128 2785 1118 1117
t 986 2259 1101 2309
t 955 965 3066 1074
t 955 1075 1074 3066
t 3066 2253 1075 1074
t 98 204 2270 2262
t 109 2262 2313 212
t 955 2264 1066 1075
t 339 2434 350 338
t 339 458 338 350
t 350 2455 458 457
t 943 944 1054 1065
t 944 1066 1055 1054
t 1332 943 944 1054
t 1332 1055 1054 944
t 906 2522 2267 905
t 906 1023 1022 2267
t 916 2267 1022 1033
t 3060 3057 1001 1000
t 863 862 3063 1222
t 869 971 962 961
t 852 951 2514 2918
t 2918 961 951 950
t 2270 1632 203 204
t 2270 203 1632 1384
t 1241 945 935 1223
t 1197 985 1241 935
t 1197 945 935 1241
t 847 945 1223 842
t 842 944 945 2065
t 842 1223 2065 945
t 2271 940 939 1265
t 1259 924 923 2272
t 819 908 2430 907
t 2920 918 908 907
t 817 917 907 906
t 813 902 901 2921
t 823 2921 2429 912
t 2921 912 902 901
t 810 898 890 889
t 809 896 889 888
t 797 1399 1261 2274
t 65 179 2436 2275
t 60 69 70 184
t 69 60 173 184
t 769 872 862 965
t 264 1245 346 345
t 264 2134 1245 345
t 980 345 344 2276
t 260 2277 2434 351
t 750 2279 841 1299
t 2279 1333 842 841
t 2279 1299 1333 841
t 65 2280 2436 179
t 2280 2896 169 168
t 746 3098 1267 2281
t 2281 1265 851 852
t 3083 2281 1265 3098
t 2283 841 842 832
t 1379 842 832 2283
t 2497 3092 2283 832
t 2497 1379 832 2283
t 719 2284 3084 1659
t 2284 1659 817 816
t 1277 719 2284 3084
t 2285 185 186 602
t 70 2108 981 2285
t 70 2285 60 185
t 2285 186 2108 981
t 2285 185 602 60
t 2285 391 602 186
t 706 3067 800 807
t 3067 808 801 800
t 680 786 785 691
t 691 2527 786 785
t 2956 327 240 2286
t 2286 240 241 327
t 2286 1588 327 2721
t 230 2721 2286 328
t 2956 2286 1588 327
t 2645 779 3069 671
t 670 3069 769 778
t 3069 778 779 769
t 646 2287 738 750
t 589 2288 695 706
t 2288 706 707 695
t 3074 589 2288 695
t 3074 696 695 2288
t 578 2501 2289 577
t 578 1850 577 2289
t 588 2289 2305 694
t 576 2503 586 575
t 576 682 575 586
t 586 692 682 681
t 573 2504 2291 572
t 573 679 572 2291
t 583 2291 2292 690
t 2291 690 679 678
t 178 2950 267 274
t 2950 2480 2332 267
t 152 161 2975 252
t 152 253 252 2975
t 2975 2483 253 252
t 151 160 2959 251
t 151 252 251 2959
t 2959 2484 252 251
t 151 2446 2974 2964
t 151 251 2964 2974
t 2974 2485 251 250
t 147 156 2976 247
t 148 248 247 2976
t 2976 2487 248 247
t 2296 2490 247 246
t 463 580 505 2297
t 2297 580 505 590
t 467 2298 2455 585
t 133 2956 2301 2299
t 141 2299 229 239
t 475 140 229 228
t 140 229 228 238
t 481 228 227 237
t 1494 223 233 2300
t 483 2300 605 223
t 2300 223 224 605
t 1494 2300 483 223
t 124 3089 475 2301
t 124 2301 1715 3089
t 123 2304 475 2303
t 2303 229 228 475
t 2303 1322 228 229
t 123 2303 1323 2304
t 2303 228 1322 1323
t 122 227 131 2304
t 2304 131 481 227
t 2304 228 227 481
t 2304 1323 227 228
t 122 2304 1272 227
t 2304 227 1323 1272
t 577 2502 2305 682
t 577 683 682 2305
t 2305 693 683 682
t 119 224 1582 2306
t 2306 195 224 1348
t 119 2306 1325 224
t 2306 1325 224 195
t 1017 2307 3007 3003
t 991 999 1000 1105
t 991 1106 1105 1000
t 990 2318 999 989
t 990 1104 989 999
t 989 997 3010 1103
t 989 1104 1103 3010
t 1902 2309 2797 1111
t 1231 1111 628 2309
t 1231 2309 1902 1111
t 2309 1101 2797 1112
t 102 208 2324 2310
t 113 2310 2312 215
t 101 207 2326 2312
t 99 1535 3041 100
t 100 3041 112 214
t 100 206 1535 3041
t 343 2483 354 342
t 343 461 342 354
t 354 2501 461 3017
t 341 2485 2982 340
t 341 460 340 2982
t 2982 2503 460 459
t 97 203 197 202
t 338 2487 349 337
t 338 457 337 349
t 349 2504 457 456
t 2314 2506 456 455
t 96 202 2317 2315
t 89 3028 2998 199
t 542 900 2316 1006
t 713 1007 1006 2316
t 900 2316 1006 1017
t 2316 2307 1007 1006
t 86 85 197 2517
t 85 197 2521 2317
t 879 2556 2318 989
t 879 990 989 2318
t 880 2554 2319 879
t 880 991 879 2319
t 886 2319 2318 999
t 2319 999 991 990
t 878 2557 884 877
t 878 989 877 884
t 884 997 989 988
t 2207 2688 533 729
t 2688 995 533 874
t 1178 874 533 995
t 1170 1178 533 995
t 314 433 432 322
t 322 441 433 432
t 82 93 2320 2322
t 93 2320 2322 1630
t 2320 194 1630 1510
t 2108 194 2320 1510
t 82 194 2320 2108
t 92 2322 2549 1278
t 2322 1630 194 193
t 313 314 1420 432
t 90 207 101 2324
t 2324 1279 207 208
t 90 1279 1280 207
t 2326 1280 206 207
t 87 2328 2470 1632
t 2328 1632 199 190
t 3110 183 2481 2329
t 68 67 182 2482
t 68 182 67 2993
t 67 1281 181 180
t 275 2480 1613 268
t 2954 1612 364 363
t 2954 1613 1612 363
t 64 63 178 2494
t 75 178 63 2958
t 74 2958 177 188
t 63 177 2495 2331
t 267 2332 2381 362
t 2333 507 901 812
t 712 2333 1363 812
t 2333 712 507 812
t 2333 901 1261 812
t 1363 2333 1261 812
t 3045 2554 790 789
t 683 693 798 788
t 683 789 788 798
t 798 2556 789 788
t 682 692 635 787
t 682 788 787 635
t 635 788 787 2557
t 48 162 2443 2334
t 57 2334 2337 171
t 679 690 3043 784
t 679 785 784 3043
t 796 2558 785 784
t 47 161 2444 2337
t 56 2337 2338 170
t 46 160 2446 2338
t 43 157 3071 2339
t 232 1527 705 1034
t 288 106 1294 244
t 288 106 2341 1294
t 1312 288 106 2341
t 603 2389 711 712
t 595 712 702 701
t 589 578 2289 695
t 181 2971 270 278
t 171 2963 271 278
t 180 2995 269 276
t 177 3024 2989 273
t 3024 2528 2381 2989
t 176 2989 266 3015
t 549 1351 3072 2344
t 560 2344 2395 665
t 2344 2131 3072 657
t 2344 665 2131 657
t 540 652 2561 2345
t 2345 2939 652 651
t 518 633 632 2346
t 528 2346 2399 641
t 487 604 2498 2347
t 496 2347 2407 613
t 482 601 1604 1506
t 2657 1629 22 600
t 480 2657 11 600
t 2657 600 1604 11
t 480 2657 600 1393
t 2657 22 1604 600
t 1393 2657 600 1629
t 476 596 595 2348
t 487 2348 2498 604
t 3030 2349 584 594
t 2349 474 2498 594
t 2349 595 594 2498
t 134 230 2351 2350
t 126 1400 2572 2351
t 127 2352 2353 1714
t 126 2353 2572 1400
t 1029 2363 2355 1028
t 1029 2907 2949 2355
t 1021 3005 1126 1136
t 1020 3006 2356 1135
t 1016 3007 2357 2806
t 992 1000 2358 991
t 2058 991 1107 1106
t 3011 2536 478 477
t 1233 3011 477 489
t 2360 1262 474 473
t 361 484 374 2360
t 1100 473 484 361
t 377 2362 478 490
t 2362 377 2175 490
t 2362 491 490 2175
t 2362 2535 479 478
t 2362 479 2535 491
t 3013 489 1612 1233
t 3013 1233 477 489
t 476 477 2538 489
t 355 2539 462 461
t 903 2364 2366 1020
t 904 894 2364 1021
t 891 472 3021 1004
t 891 1005 1004 3021
t 472 3021 1004 1015
t 1016 2357 1005 1004
t 891 899 3020 1005
t 899 3020 1005 1016
t 3020 3007 1006 1005
t 881 2583 3060 880
t 881 992 880 3060
t 3060 1000 992 991
t 317 316 2368 1244
t 325 2368 2369 444
t 2368 444 1244 435
t 313 3012 432 431
t 3090 1278 208 1536
t 1424 24 1420 421
t 1420 431 422 421
t 762 431 421 420
t 287 1543 725 2372
t 2373 742 2761 413
t 2373 245 413 1710
t 450 413 742 2373
t 413 450 394 2373
t 1653 405 292 2374
t 2374 2372 406 293
t 2374 1653 406 396
t 69 80 184 2529
t 80 184 183 192
t 289 1787 1414 400
t 1098 400 1787 289
t 1098 400 359 1787
t 282 273 452 382
t 802 2375 2376 889
t 801 2376 2583 888
t 787 877 2377 2557
t 876 1703 2377 877
t 877 2377 884 1703
t 271 2378 2379 366
t 2379 354 353 366
t 2989 2381 2382 361
t 2382 1100 348 266
t 711 2384 804 2582
t 1270 2385 1268 1547
t 2385 816 815 2226
t 2385 2578 807 806
t 2385 807 2578 816
t 1269 1266 1252 813
t 1266 814 813 1269
t 1270 815 2385 1547
t 1547 2385 806 815
t 1547 815 814 1270
t 1547 806 2579 815
t 685 3074 3067 3068
t 685 791 3068 3067
t 3067 2583 791 790
t 622 1378 2383 716
t 613 622 1378 726
t 2388 157 149 148
t 593 3044 2389 594
t 593 711 2389 700
t 594 701 3044 2389
t 2390 287 1314 15
t 2390 287 15 1280
t 2390 1313 1314 287
t 1280 2390 287 525
t 183 3064 272 279
t 553 661 758 2391
t 564 2391 2392 669
t 551 563 2392 2394
t 551 1539 659 2392
t 563 2392 2394 668
t 562 2394 658 667
t 547 657 3022 656
t 547 548 3022 657
t 559 2395 656 664
t 547 558 663 655
t 547 656 655 663
t 539 2972 3022 2584
t 539 651 2584 3022
t 547 3022 650 656
t 538 650 2585 2397
t 2397 2984 650 649
t 520 621 2398 634
t 621 2398 634 1230
t 516 1821 526 618
t 526 618 1821 639
t 2400 532 1551 645
t 2398 645 1247 592
t 2401 1247 626 625
t 1552 626 625 281
t 520 592 1247 625
t 497 498 614 622
t 498 622 623 614
t 2403 1330 606 1406
t 490 1549 2536 2403
t 3008 2406 1406 2403
t 490 2535 2405 491
t 491 2405 1667 608
t 2405 1667 608 1328
t 490 2535 1549 2405
t 2405 608 1549 1328
t 488 2538 2406 489
t 2406 606 1224 1329
t 488 2538 1224 2406
t 277 1391 31 603
t 2407 1262 1391 603
t 477 2409 2410 597
t 2409 597 598 2247
t 2960 584 583 3030
t 473 2960 583 593
t 2411 2141 583 582
t 1096 465 582 2411
t 2141 1096 582 2411
t 651 2412 745 757
t 1183 2359 1173 1689
t 422 2946 528 539
t 540 2561 529 528
t 414 422 2946 528
t 1042 3093 2413 1158
t 1040 1146 1145 1156
t 1041 2413 1146 1157
t 2413 2614 1147 1146
t 1037 2415 1142 1153
t 2415 2813 1143 1142
t 3023 3062 1127 1137
t 3062 3077 1128 1127
t 396 3004 3008 510
t 3004 1406 499 3008
t 725 396 3004 3008
t 2177 725 3004 3008
t 2177 499 3008 3004
t 385 1653 3008 498
t 1653 3008 498 509
t 2416 2362 2258 491
t 2416 3076 491 2258
t 2416 3076 480 479
t 2416 480 3076 1358
t 949 2952 1060 1069
t 3018 3019 1032 1042
t 1033 1032 1043 3093
t 2418 2413 1032 1031
t 2419 1040 1031 1030
t 2421 2415 1028 1027
t 2422 1036 1027 1026
t 905 896 1011 1022
t 896 1022 1012 1011
t 868 970 961 960
t 2424 303 1419 419
t 2424 1221 419 1419
t 2424 419 1221 1264
t 851 960 950 949
t 244 1225 1226 408
t 2426 418 1225 408
t 846 938 1305 2427
t 2427 939 938 1305
t 1276 923 922 2938
t 812 822 2429 2476
t 822 2429 2476 911
t 1529 2430 897 907
t 2432 1529 897 907
t 809 897 2432 1529
t 1312 389 1274 388
t 259 2434 2487 350
t 64 2436 2494 178
t 757 850 1319 2437
t 757 2437 846 850
t 2437 850 1305 846
t 2437 1305 850 851
t 2438 1308 825 824
t 2438 1657 1308 824
t 2439 2227 821 822
t 2439 2593 822 821
t 1321 675 2440 821
t 1321 675 25 2440
t 2440 2439 821 829
t 2439 2440 1376 829
t 25 2440 1376 2439
t 2440 829 821 2594
t 2594 2716 821 2440
t 718 831 1320 2441
t 2441 3033 831 1320
t 718 2441 1660 831
t 2441 831 2591 1660
t 2442 3084 2284 816
t 2442 817 816 2284
t 2442 2596 808 807
t 2442 808 2596 817
t 47 2443 2444 161
t 2443 161 152 151
t 46 2444 2446 160
t 625 718 1320 2445
t 2445 1320 719 718
t 1328 625 2445 718
t 37 151 2820 2446
t 42 3071 2447 156
t 148 147 2976 247
t 2448 285 282 452
t 192 288 1278 2449
t 2449 1278 514 288
t 2449 106 288 514
t 2449 1312 288 106
t 192 2449 1312 288
t 554 3058 3069 661
t 554 662 661 3069
t 565 3058 661 670
t 48 162 153 152
t 540 2452 2561 652
t 491 1667 2453 608
t 471 1369 2539 2454
t 479 2987 1392 2454
t 2960 2455 2504 584
t 1073 1177 1176 1186
t 1072 3079 1175 1185
t 1071 2457 1174 1184
t 1068 2978 1172 1680
t 1680 2354 1172 1171
t 1394 1283 532 531
t 1394 760 1283 531
t 421 528 527 538
t 413 526 420 538
t 538 526 527 413
t 420 538 526 537
t 538 2585 527 526
t 1043 3061 3093 1159
t 3061 1810 1149 1148
t 1293 1043 3061 3093
t 1293 1149 1148 3061
t 214 3094 3101 2460
t 2460 1697 307 308
t 3087 2460 1695 3094
t 2460 307 1697 1695
t 953 3016 1064 1073
t 2462 2457 1063 1062
t 2465 2458 1059 1058
t 721 1043 519 2466
t 721 2466 927 1043
t 2466 927 1043 1033
t 2466 1293 1043 519
t 2466 1293 1033 1043
t 871 974 964 963
t 860 972 963 962
t 867 969 960 959
t 855 964 954 953
t 854 953 2598 3031
t 860 853 2469 963
t 3031 963 953 952
t 850 960 949 948
t 3032 958 948 947
t 86 2470 2517 1384
t 2470 1632 190 189
t 2470 1384 1632 189
t 845 936 929 928
t 846 938 930 929
t 3002 943 942 1299
t 3033 1235 927 926
t 839 3095 1302 2472
t 839 2472 933 3095
t 2472 942 941 1302
t 2472 942 934 933
t 933 934 1052 942
t 839 840 2473 933
t 840 934 926 925
t 838 2473 924 932
t 1308 838 2473 924
t 838 940 1303 2474
t 838 2474 932 940
t 2474 941 940 1303
t 2474 2191 933 932
t 2474 933 2191 941
t 2969 929 922 921
t 835 928 921 920
t 918 232 703 826
t 814 903 2581 2992
t 2475 924 923 1259
t 812 900 2582 2476
t 2477 916 915 1310
t 825 915 914 2592
t 915 2973 904 903
t 825 904 903 915
t 807 894 887 886
t 798 893 886 885
t 2479 893 892 1266
t 2274 2479 884 892
t 3035 891 2582 542
t 804 891 2582 3035
t 3035 542 628 891
t 3035 891 628 533
t 268 363 2332 2480
t 274 2480 2528 375
t 68 2481 2482 182
t 2481 2963 172 171
t 67 2482 2488 181
t 2959 2483 2484 354
t 262 2484 2485 353
t 258 2487 2490 349
t 756 744 2491 849
t 850 2602 846 845
t 2491 2603 845 844
t 3096 854 1317 855
t 749 1299 1302 3096
t 2492 1302 853 854
t 2492 853 1302 1700
t 747 852 1316 2493
t 2493 1303 852 853
t 747 2493 1265 852
t 2493 852 1303 1265
t 63 2494 2495 177
t 2495 2989 166 165
t 2497 174 832 1379
t 719 3092 714 2497
t 2497 1659 832 174
t 719 2497 1659 3092
t 640 745 744 756
t 649 2966 743 755
t 474 2498 594 603
t 470 2501 2502 588
t 469 2502 2503 587
t 466 2504 2506 583
t 1074 2508 1177 1679
t 954 944 1065 1074
t 944 1074 1066 1065
t 862 966 965 872
t 872 975 966 965
t 90 1279 3100 1280
t 2511 1279 192 191
t 2511 3100 1279 191
t 3082 965 955 954
t 78 2993 2513 79
t 78 2993 1232 2513
t 79 2513 90 3100
t 2513 90 3100 1280
t 2513 191 1232 1280
t 851 2514 3103 950
t 2514 951 940 939
t 1265 851 2514 3103
t 1265 940 939 2514
t 1227 955 1693 2516
t 1227 2516 944 955
t 2516 956 955 1693
t 85 2517 2521 197
t 2517 197 189 188
t 2519 944 943 1333
t 2519 943 944 1332
t 832 3099 841 770
t 842 1235 721 841
t 842 841 721 770
t 84 2521 2774 196
t 2521 2448 188 187
t 808 895 888 887
t 278 2524 366 377
t 796 2527 2558 628
t 876 875 2527 730
t 875 730 628 2527
t 267 362 2381 2528
t 273 2528 361 374
t 2975 253 2483 355
t 2531 1334 2758 855
t 2531 855 2758 1227
t 2531 1227 1333 855
t 2531 855 1333 1299
t 221 3059 301 309
t 3059 309 302 301
t 478 598 597 2536
t 489 2536 2538 606
t 477 597 2410 2538
t 473 1096 1391 593
t 1096 1391 593 451
t 124 2542 215 1715
t 3101 1322 215 2460
t 214 3094 1304 2543
t 2543 1272 1323 1304
t 120 2545 1325 1326
t 109 2545 2763 212
t 2545 212 1548 1325
t 118 2547 211 218
t 2547 218 1548 211
t 91 2549 2511 1278
t 2549 1278 193 192
t 164 414 1420 2551
t 1420 2551 414 422
t 26 2552 385 1653
t 1314 2552 17 385
t 1314 2552 385 26
t 272 1274 710 367
t 1274 710 367 368
t 799 2554 2556 886
t 798 2556 2557 885
t 783 729 533 874
t 539 2561 2584 651
t 2561 2412 642 641
t 673 496 2407 2562
t 2562 613 1234 1327
t 496 2562 1641 613
t 2562 1641 613 1327
t 498 623 509 2564
t 2564 509 510 623
t 498 2564 1329 623
t 506 620 1827 219
t 506 1827 620 1234
t 491 608 2453 2569
t 491 2569 1392 608
t 1629 617 608 2453
t 1393 600 2569 1629
t 2569 608 600 1392
t 308 2575 417 426
t 830 922 1276 2576
t 830 2576 2593 922
t 2576 923 922 1276
t 815 2578 2579 904
t 814 2579 2581 903
t 1252 2581 813 1266
t 1252 2581 892 902
t 1266 893 892 2581
t 2582 891 899 3020
t 538 2584 2585 650
t 2584 745 641 640
t 2585 650 640 639
t 1287 281 2586 1552
t 2586 617 3081 1890
t 2586 281 626 1552
t 2586 1667 1552 626
t 2586 3081 617 1667
t 2586 1890 626 2760
t 850 2588 3102 949
t 2588 950 939 938
t 1305 850 2588 3102
t 1305 939 938 2588
t 1310 916 915 2591
t 825 2592 914 2595
t 829 2593 2594 921
t 824 924 1308 2595
t 824 2595 913 924
t 2595 2473 924 1308
t 808 896 895 2596
t 1299 943 942 2597
t 853 2598 941 952
t 2598 953 942 941
t 1302 853 2598 941
t 1302 942 941 2598
t 852 2599 940 951
t 1303 852 2599 940
t 1303 941 940 2599
t 849 2602 2603 948
t 2602 2463 938 937
t 3082 1227 944 955
t 1333 944 943 3082
t 1333 944 3082 1227
t 331 2607 1769 1771
t 1769 2607 516 1771
t 1771 630 1845 370
t 1771 516 1845 630
t 2302 2610 1166 2336
t 2302 2610 2336 1903
t 1156 1903 2610 3108
t 1156 2610 1157 3108
t 2302 1166 2610 1157
t 1633 1619 1256 2611
t 1470 1146 2614 2302
t 2302 2614 1470 1843
t 2302 1158 2614 1843
t 1146 1157 2614 2302
t 2302 1158 1157 2614
t 2615 407 1908 1526
t 39 2615 1213 1526
t 1526 153 2615 1213
t 2615 407 1526 39
t 153 1908 1526 2615
t 864 2616 1439 1929
t 2616 2697 946 1929
t 946 1929 1439 2616
t 864 2616 1929 1987
t 2697 1987 1929 2616
t 1844 2634 2627 1952
t 1952 677 1844 2634
t 2735 2617 1441 2010
t 2617 2658 1949 2649
t 2010 2735 2617 2741
t 428 2642 2634 1951
t 1951 783 428 2642
t 1335 1953 2530 2533
t 1953 2533 1335 51
t 1793 2627 2620 1955
t 1955 571 1793 2627
t 2546 1537 2848 1395
t 1395 84 2848 2546
t 415 2560 2555 118
t 334 1526 2619 1434
t 1526 1434 1213 2619
t 2619 1309 1213 1526
t 1526 1528 1839 2619
t 1526 1839 334 2619
t 1309 2619 1528 1526
t 811 2667 403 2666
t 2666 205 811 2140
t 2666 811 2667 2140
t 2608 1741 439 2618
t 1752 1964 2625 1572
t 1788 568 1964 1961
t 1791 1964 568 2625
t 1791 1752 1964 2625
t 330 2609 1965 1572
t 1752 330 1572 2609
t 1986 865 968 2656
t 1986 2646 865 2656
t 1920 2656 865 2646
t 1688 2604 1978 243
t 2604 1978 2609 1688
t 2656 2661 1087 2029
t 1940 2590 2622 376
t 1732 2622 1940 2590
t 2590 1642 1576 2622
t 1651 2606 256 2623
t 1651 1712 2606 2623
t 1758 2623 2606 1712
t 492 2701 1970 2703
t 1970 2701 492 1180
t 1814 2680 2624 2663
t 2076 2624 1130 2744
t 2076 1814 2624 2744
t 2203 2663 2624 2680
t 2083 1979 2686 1130
t 2083 2686 1979 1556
t 2086 1556 1972 2690
t 2086 1972 1151 2690
t 2626 2690 436 2693
t 1503 1151 2626 2690
t 1503 2690 2626 2693
t 2737 2676 332 61
t 2737 299 371 332
t 1891 298 984 619
t 732 72 619 1891
t 300 394 413 450
t 2544 2629 1742 299
t 1449 2133 30 360
t 30 2133 616 360
t 2631 1318 1284 32
t 2631 32 1249 2486
t 1565 1813 32 2631
t 1813 1284 32 2631
t 2486 2631 32 1318
t 2631 1249 32 1565
t 2496 2665 145 1258
t 1450 3106 2665 145
t 1450 1258 145 2665
t 2632 1109 1942 2499
t 2632 1109 1275 2753
t 2630 2632 1109 2172
t 2499 2632 1109 1275
t 2073 1942 2500 2172
t 1478 40 2747 1250
t 1478 40 2489 1940
t 1250 40 2489 1478
t 593 1131 31 711
t 593 31 2389 711
t 1506 333 129 359
t 1449 383 482 360
t 298 1941 619 28
t 1187 347 1554 297
t 357 347 1554 1187
t 761 1201 347 2636
t 1201 347 2636 864
t 1591 847 1693 2636
t 347 847 1591 2636
t 297 1197 335 1720
t 1720 1520 335 1496
t 1720 1520 1197 335
t 2637 1202 2638 780
t 2637 2638 1344 780
t 2637 1521 358 1202
t 599 2637 1521 358
t 599 2637 358 1344
t 1202 2638 486 358
t 358 2638 486 1589
t 1344 358 1589 2638
t 2637 1202 358 2638
t 2637 358 1344 2638
t 360 2722 1375 616
t 1522 2722 360 2037
t 360 2722 616 2037
t 233 21 820 2884
t 1675 21 233 2884
t 1197 985 1187 1241
t 1189 2147 1346 984
t 505 590 11 2151
t 50 12 1383 8
t 50 1882 1383 12
t 1530 1272 508 10
t 2653 26 2641 292
t 199 15 2641 513
t 513 2653 2641 292
t 15 1386 2641 26
t 2333 507 1252 901
t 2333 1252 1261 901
t 2246 1224 717 515
t 2246 1224 1329 717
t 1252 515 511 1266
t 1269 515 1252 1266
t 543 16 2246 1545
t 16 1269 2246 1545
t 2449 9 106 514
t 2449 1312 106 9
t 2244 1549 16 536
t 2244 1549 1328 16
t 2255 1553 1251 13
t 2255 1553 13 557
t 278 2644 552 1544
t 278 2644 1544 725
t 725 1229 2644 17
t 17 1229 2644 1233
t 552 2644 1233 17
t 1232 2390 522 15
t 1232 2390 15 1280
t 2163 523 13 1539
t 2163 13 1283 1539
t 1544 725 17 1313
t 1544 2644 552 17
t 1544 2644 17 725
t 1254 1252 507 813
t 1254 1269 1252 813
t 9 106 514 1630
t 702 1252 797 1261
t 511 702 1252 797
t 662 1271 175 2645
t 662 672 1344 2645
t 662 1344 1271 2645
t 193 1312 9 2035
t 2035 284 1312 9
t 2647 235 226 2767
t 163 226 14 2647
t 1272 305 10 2648
t 1272 1326 2648 10
t 1369 590 2919 11
t 12 1776 8 619
t 1383 1776 8 12
t 1383 1776 12 636
t 610 636 1882 2651
t 12 636 28 2651
t 129 1882 2651 610
t 129 28 2651 12
t 614 2652 717 2149
t 1224 614 2652 717
t 1329 1224 2652 717
t 15 2653 287 2552
t 206 2998 513 2653
t 206 2653 287 2998
t 15 26 2641 2653
t 513 15 2641 2653
t 15 1314 1386 26
t 1386 1314 1260 26
t 522 1386 15 1314
t 199 15 513 2998
t 1232 199 2998 15
t 1280 1232 2998 15
t 1280 287 15 2998
t 2998 15 513 2653
t 2998 2653 287 15
t 607 553 13 523
t 1251 607 553 13
t 2654 129 50 12
t 2654 28 129 12
t 2654 12 50 1879
t 2654 619 1879 524
t 2654 524 1941 619
t 1882 1383 12 636
t 1882 636 12 2651
t 129 12 2651 1882
t 1879 12 8 619
t 2654 12 1879 619
t 2654 619 28 12
t 10 2648 305 164
t 754 10 164 2648
t 754 1326 10 2648
t 1271 175 761 751
t 741 1271 751 175
t 109 2545 120 2763
t 2763 120 163 14
t 2763 1272 14 163
t 2763 1272 1326 14
t 1330 16 543 718
t 1330 1328 16 718
t 14 2767 226 195
t 1348 2647 14 2767
t 1348 14 195 2767
t 2647 2767 226 14
t 510 1406 198 625
t 510 520 1639 625
t 520 625 2401 1639
t 510 1639 1406 625
t 1217 480 2657 11
t 1217 1604 11 2657
t 426 13 758 1283
t 557 426 13 758
t 515 604 717 1254
t 508 212 10 164
t 1312 389 106 284
t 1312 106 9 284
t 120 14 1326 195
t 2763 120 14 1326
t 606 16 704 1269
t 16 704 1269 1270
t 536 606 16 704
t 16 536 704 1270
t 1313 725 17 2552
t 1313 1314 2552 17
t 552 276 17 1612
t 552 1233 1612 17
t 453 1729 18 209
t 2052 18 2732 1170
t 820 2660 2601 21
t 2660 1256 820 2601
t 1814 2663 2624 2686
t 2203 2746 2624 2663
t 2664 1478 2525 1250
t 1498 401 485 1426
t 485 401 1496 1426
t 864 2616 1222 1439
t 2753 2632 1109 2630
t 2680 6 2632 2630
t 1818 1131 675 31
t 2734 1818 1131 675
t 1818 675 1827 31
t 1818 675 2734 1827
t 732 72 1346 619
t 1891 72 619 984
t 1532 1598 61 2676
t 1905 1101 1102 2142
t 1905 1102 2669 2142
t 2668 1443 105 2670
t 2670 1423 94 2671
t 1214 2673 128 1550
t 1550 2673 128 117
t 1792 1245 1449 395
t 2683 2587 1249 1565
t 1250 2685 2489 2532
t 383 220 482 360
t 1767 383 380 482
t 1767 380 1506 482
t 483 1582 605 2300
t 1582 483 1494 2300
t 2016 2688 472 1425
t 1004 2016 2688 472
t 1425 2688 472 1819
t 472 2688 729 1819
t 2207 1004 2688 472
t 2207 472 2688 729
t 1671 450 304 211
t 450 742 304 211
t 386 219 2734 620
t 331 2607 1771 1773
t 1506 380 333 359
t 265 264 256 2692
t 1954 62 51 1599
t 805 2435 411 2694
t 2694 1200 805 2435
t 2433 1200 2694 2435
t 1817 380 333 1815
t 1192 2696 2417 2387
t 1192 1205 2417 2696
t 818 2030 1430 2697
t 2616 2030 818 2697
t 2030 1987 2697 2616
t 1476 1475 1499 1582
t 995 2079 1899 2698
t 2699 219 484 1818
t 484 1818 1389 2699
t 358 486 1201 1589
t 1589 863 2074 1201
t 19 1349 2811 1350
t 1350 19 1597 2811
t 1597 19 612 2811
t 61 1248 60 19
t 1248 1367 60 19
t 220 380 359 1098
t 380 1661 1098 220
t 2320 1630 494 1510
t 1186 2425 1196 1578
t 1571 2402 1177 2370
t 1558 2370 1169 2342
t 20 2705 1240 2343
t 2705 2343 20 2342
t 20 1169 2705 2342
t 1566 20 983 1497
t 2706 1576 1642 334
t 2706 1528 1576 1839
t 2706 1576 334 1839
t 1987 1567 1909 864
t 373 2731 2708 1658
t 484 2708 373 1768
t 484 1389 2708 1768
t 2019 1015 1958 2017
t 1430 2655 1959 2712
t 1929 2655 1430 2712
t 2753 1725 1814 1120
t 454 1482 2229 1099
t 1482 2229 1099 689
t 1413 285 394 387
t 380 383 220 482
t 380 220 1506 482
t 1522 220 360 2718
t 1098 1522 2718 220
t 220 1361 360 2718
t 359 220 2718 1361
t 818 1430 2662 1959
t 818 1430 1959 2712
t 946 1430 818 2712
t 1444 805 1436 1263
t 1489 2732 533 1170
t 1170 2732 533 1178
t 2052 2732 1489 1170
t 415 118 1617 1495
t 1671 118 1617 415
t 1494 21 2720 1495
t 1520 1426 1496 1720
t 705 232 918 826
t 703 232 1219 826
t 277 1234 25 675
t 277 675 25 1321
t 1548 742 24 2726
t 533 628 1231 2207
t 2207 1005 628 1231
t 725 385 1229 17
t 2552 385 725 17
t 2552 396 725 385
t 721 1235 2196 927
t 1235 721 2196 1054
t 2147 225 1346 619
t 2923 1379 569 503
t 2923 739 569 1379
t 2923 569 1346 503
t 2923 739 1346 569
t 22 1629 2906 1368
t 2150 22 1629 2906
t 2133 602 30 616
t 600 2036 22 1604
t 703 2201 1396 232
t 519 2201 1396 703
t 291 255 1590 404
t 754 1420 312 313
t 24 312 1420 421
t 2133 264 602 1253
t 1098 220 2718 359
t 754 164 24 1420
t 754 24 312 1420
t 23 1588 2721 1251
t 2286 23 1588 2721
t 2384 2582 3035 804
t 1363 3035 2582 1261
t 542 900 2723 2316
t 713 1007 2316 2723
t 1261 900 2723 542
t 1399 1007 713 2723
t 1399 1261 2723 713
t 797 1261 1252 2274
t 1590 255 245 517
t 713 542 2316 1006
t 713 542 2723 2316
t 1261 542 2723 713
t 212 24 1424 2726
t 212 1424 24 164
t 302 23 310 427
t 1400 23 302 309
t 1400 302 23 310
t 283 375 382 673
t 283 673 382 255
t 984 2147 1346 619
t 622 613 1378 716
t 770 721 519 2466
t 770 2466 927 721
t 569 751 1591 647
t 569 847 647 1591
t 2914 751 1591 569
t 621 643 2239 633
t 512 633 2239 1242
t 512 1246 1242 2239
t 1536 244 210 514
t 1536 244 514 208
t 204 286 291 508
t 634 621 2239 512
t 512 621 2239 633
t 206 293 513 1535
t 204 508 1535 513
t 513 292 508 1535
t 1251 2721 1580 447
t 515 1269 1254 717
t 2246 1269 515 717
t 16 2244 536 1270
t 2244 1270 1268 536
t 557 1331 758 13
t 2255 1331 557 13
t 625 1320 728 2242
t 625 1320 626 2445
t 218 2724 24 2231
t 1548 218 2724 24
t 1325 1548 2724 24
t 2724 1325 24 754
t 198 543 634 625
t 198 674 634 543
t 634 543 674 728
t 634 625 543 728
t 692 1533 797 511
t 692 1533 511 635
t 635 511 798 1533
t 1414 400 1787 1879
t 1414 1787 1257 1879
t 1279 1280 525 191
t 283 496 673 255
t 917 1652 1293 519
t 917 1652 519 2068
t 2725 501 1787 50
t 2725 1787 359 50
t 389 2725 501 1787
t 1361 2725 389 1787
t 1361 2725 1787 359
t 598 2247 536 638
t 638 536 706 1547
t 2231 24 304 312
t 2724 24 2231 312
t 2724 754 24 312
t 2240 25 724 1376
t 1330 1329 198 543
t 1330 543 16 2246
t 592 1247 2242 737
t 891 542 3020 2582
t 1234 620 2240 25
t 1327 1234 2240 25
t 2240 1327 25 676
t 270 1542 366 2379
t 270 552 366 1542
t 26 1653 292 2374
t 1677 544 27 2144
t 1770 28 129 2654
t 1770 1941 28 2654
t 611 2727 636 2651
t 611 2727 2651 1817
t 636 2727 1776 28
t 2405 1552 1667 1328
t 1677 27 759 662
t 1677 2144 27 662
t 796 2527 628 542
t 628 730 542 2527
t 625 281 626 2401
t 2586 1287 2760 281
t 1817 333 2651 611
t 2651 2727 636 28
t 2651 2727 28 1817
t 2654 1941 28 619
t 2130 1314 385 26
t 1254 507 1252 2333
t 283 1260 275 384
t 2222 833 826 731
t 2390 1314 522 15
t 2390 1313 522 1314
t 623 512 1534 2149
t 623 674 1534 512
t 674 1534 512 728
t 1278 9 514 1630
t 1278 9 2449 514
t 1312 1274 723 388
t 508 305 164 10
t 1272 305 508 10
t 28 29 298 2728
t 732 2729 1891 29
t 1891 2729 1866 2730
t 1891 29 2730 298
t 1891 2729 2730 29
t 818 2697 1430 946
t 2616 2697 818 946
t 373 1768 2708 2731
t 2740 2732 1944 1489
t 402 2048 2733 1512
t 2733 1263 402 2478
t 454 1861 392 1958
t 454 1958 393 1861
t 1808 2941 2365 2396
t 1808 1841 2941 2396
t 2742 2030 390 1988
t 1988 401 390 2742
t 378 2658 1441 2735
t 2658 2617 1441 2735
t 2735 2658 2617 2649
t 2883 909 1958 1977
t 654 1824 1869 1560
t 1777 556 1788 2838
t 2712 946 1439 1517
t 1517 946 1439 2616
t 332 2737 2108 371
t 981 2737 2108 332
t 61 2737 981 332
t 782 805 1263 402
t 1203 1863 1823 1462
t 1523 1180 1498 492
t 1461 1517 818 1442
t 1461 1517 967 818
t 205 1902 811 2797
t 1902 2309 811 2797
t 2309 2797 1101 811
t 1205 399 1087 1723
t 399 969 1087 1723
t 1813 32 1451 1565
t 986 2862 2738 2002
t 2862 986 2738 2775
t 1861 1482 1856 1898
t 582 1856 1809 2739
t 818 1436 2662 1430
t 1436 1442 818 2662
t 2740 1489 2002 2957
t 2052 2732 2740 1489
t 402 1512 2733 2478
t 1512 2478 402 1212
t 3077 1128 2223 2230
t 1931 1490 407 1636
t 1931 151 1490 1636
t 1958 909 1164 1015
t 1956 2741 874 2649
t 2741 2735 2617 2649
t 2741 2617 874 2649
t 1863 611 1816 1862
t 1510 1559 1605 1661
t 105 1608 1546 1454
t 1891 1187 72 1189
t 1891 1187 1474 72
t 599 1521 2838 358
t 3050 599 1521 2838
t 1560 599 2838 358
t 556 1560 599 2838
t 1792 383 30 296
t 1792 383 1449 30
t 30 360 186 1661
t 30 616 186 360
t 1598 186 1661 30
t 1110 379 209 378
t 37 1493 2743 2515
t 2743 1297 37 2515
t 1297 2515 2743 2518
t 2744 2624 1130 2686
t 2744 1814 2624 2686
t 2083 1130 2686 2744
t 1732 2590 1576 2622
t 1598 30 383 296
t 376 217 398 1910
t 2743 37 38 1931
t 2743 38 2518 1931
t 2682 1318 1284 2631
t 1813 1284 2631 2682
t 1565 1813 2631 2745
t 2745 2683 1249 1565
t 2745 1249 2631 1565
t 402 2478 1967 1212
t 2719 2478 1967 402
t 1130 1979 2686 2746
t 2624 2746 1130 2686
t 1598 299 2737 2676
t 332 1370 2676 299
t 2737 299 332 2676
t 2747 2525 1250 1724
t 1724 2525 1315 2747
t 1478 2747 2525 1250
t 1839 2747 1315 2525
t 2548 1541 2670 2553
t 1454 2544 2548 94
t 2544 2671 2548 94
t 371 2544 1454 94
t 2559 1214 843 1550
t 1214 2673 1550 2559
t 2668 2673 1550 117
t 3106 2665 145 2748
t 2736 145 136 2748
t 60 185 602 173
t 615 1253 173 602
t 60 173 602 615
t 602 1826 391 61
t 398 1826 602 61
t 533 1231 1489 1170
t 2862 1902 1231 986
t 2862 1231 1489 986
t 1522 2037 360 186
t 1661 1522 360 186
t 360 2037 616 186
t 2544 1409 94 332
t 1409 1722 332 2544
t 2671 1409 94 2544
t 1702 980 256 346
t 1702 1713 1648 980
t 137 1513 1619 2751
t 39 1525 1526 2520
t 1525 39 1526 407
t 2230 2193 1129 1128
t 2230 1129 2193 2202
t 2365 2752 982 2359
t 2941 1174 2863 2336
t 2365 982 2752 2941
t 1118 2193 2192 2189
t 1117 2190 2189 2187
t 2736 957 145 3106
t 1754 843 2565 2736
t 2736 1754 957 2565
t 3106 145 2736 2748
t 1814 2680 2753 2624
t 2680 1725 1814 2753
t 2203 2624 2753 2680
t 451 1818 31 1131
t 219 484 1818 31
t 219 1827 31 1818
t 956 2062 1222 967
t 1189 2147 984 1097
t 984 2147 535 1097
t 2044 1723 399 1205
t 2754 524 1216 535
t 2754 1221 1216 409
t 2754 1216 1221 2257
t 2754 535 1216 2257
t 1379 1219 826 174
t 1379 174 826 720
t 616 280 629 2755
t 616 369 2755 629
t 1253 280 616 2755
t 2133 2134 2755 369
t 2133 2755 616 369
t 602 1215 186 616
t 1220 8 121 2756
t 121 8 1665 2756
t 50 1383 2757 8
t 50 121 8 2757
t 501 2757 121 50
t 50 1882 2757 1383
t 2725 501 50 2757
t 2725 1882 2757 50
t 408 1226 418 1225
t 359 1787 2654 50
t 359 129 50 2654
t 1787 50 1879 2654
t 1879 1220 619 8
t 544 2451 1271 599
t 2451 1271 599 654
t 2757 1383 2930 8
t 121 8 2930 1665
t 2757 121 8 2930
t 175 769 862 2758
t 175 2758 862 1227
t 1334 769 175 2758
t 2531 1334 175 2758
t 2531 2758 175 1227
t 1257 1226 2759 71
t 1257 121 71 2759
t 1226 71 2766 2759
t 2759 1220 71 2766
t 2759 121 71 1220
t 1216 534 688 1220
t 508 291 164 414
t 291 404 414 508
t 699 404 508 1692
t 508 404 414 1692
t 508 164 2551 414
t 71 637 2760 521
t 1287 521 71 2760
t 71 1665 2760 637
t 71 1890 2760 1665
t 2586 1287 71 2760
t 2586 1890 2760 71
t 833 1219 2912 232
t 1219 1223 2912 232
t 1221 427 544 534
t 1329 623 198 674
t 1329 674 198 543
t 717 1329 543 674
t 754 224 195 312
t 754 313 312 195
t 195 224 3026 312
t 195 313 312 3026
t 27 646 741 2287
t 27 751 2287 741
t 761 1227 1693 647
t 24 304 762 2761
t 24 421 2761 762
t 742 304 24 2761
t 1424 421 2761 24
t 2373 742 24 2761
t 2373 1424 2761 24
t 164 414 1424 1420
t 164 24 1420 1424
t 174 832 770 916
t 174 917 916 770
t 1659 832 174 916
t 2769 1659 174 916
t 2769 917 916 174
t 732 833 503 72
t 72 1241 833 1219
t 732 833 72 1474
t 503 833 1219 72
t 599 654 1271 1344
t 654 599 358 1344
t 72 2762 1241 1219
t 1187 2762 1241 72
t 1591 2762 72 569
t 1187 2762 72 1591
t 1346 72 569 1591
t 1346 72 1591 1189
t 641 1243 745 746
t 1361 389 2725 83
t 2641 1386 1260 26
t 2641 1260 1386 190
t 2641 286 1260 190
t 153 2090 615 154
t 153 2090 263 615
t 2922 1267 1705 653
t 2922 1705 1267 2918
t 345 1354 1245 346
t 346 1245 395 1354
t 230 1400 23 310
t 230 310 2721 318
t 230 310 23 2721
t 1223 502 1396 1056
t 1223 1396 1055 1056
t 389 83 1358 501
t 2725 501 493 83
t 83 501 493 1393
t 1358 83 1393 501
t 389 501 2725 83
t 3056 1277 1368 608
t 3056 1368 1277 720
t 3056 719 1277 608
t 3056 1277 719 720
t 404 624 1641 518
t 404 1641 517 518
t 189 283 1632 190
t 190 1632 286 283
t 189 283 1384 1632
t 1632 1384 286 283
t 1414 106 409 1257
t 106 1257 244 409
t 1414 210 409 106
t 210 106 244 409
t 180 2967 1281 181
t 181 1281 522 2967
t 180 2967 1386 1281
t 1281 1386 522 2967
t 769 741 1334 175
t 2722 360 2718 1522
t 1375 360 1361 2718
t 1375 360 2718 2722
t 1375 629 284 83
t 1375 1361 83 284
t 629 83 389 284
t 284 389 1361 83
t 291 1311 1384 197
t 291 290 1311 197
t 3065 1381 714 739
t 3065 714 738 739
t 660 740 736 768
t 2979 736 767 768
t 769 1317 1334 740
t 769 768 1317 740
t 2970 1316 736 752
t 2970 736 1316 767
t 2970 766 1316 752
t 2970 1316 766 767
t 1332 1054 1055 721
t 1396 1332 1055 721
t 2159 1394 760 551
t 2159 760 550 551
t 1326 226 2648 195
t 754 1326 2648 195
t 369 368 83 2903
t 83 1393 493 2903
t 368 2903 1358 83
t 1358 83 2903 1393
t 284 106 1787 389
t 2368 1244 444 445
t 1879 2759 1220 121
t 1257 121 2759 1879
t 121 2930 1890 1665
t 2757 121 2930 1890
t 501 1890 121 2757
t 1220 121 71 2756
t 121 1665 71 2756
t 1630 514 210 106
t 514 106 244 210
t 645 1324 736 1230
t 752 1230 736 1324
t 645 740 758 646
t 2344 1351 2131 666
t 2344 2131 665 666
t 1419 427 1221 1225
t 1787 106 1414 1257
t 1787 106 1257 389
t 263 2134 1253 264
t 263 2134 710 1253
t 710 1253 2134 368
t 699 1292 1692 424
t 699 1692 423 424
t 551 658 752 760
t 551 752 658 659
t 551 659 1324 752
t 1283 1324 760 551
t 760 752 551 1324
t 508 699 1692 2551
t 2551 414 422 423
t 2763 1530 212 1326
t 2763 1272 1530 1326
t 1365 303 295 2129
t 1365 1419 303 2129
t 508 699 1304 292
t 1217 2151 11 1604
t 283 1311 255 282
t 1311 1413 255 282
t 3008 1406 1329 2564
t 2564 1406 1329 198
t 2564 1329 623 198
t 293 406 1697 294
t 826 703 174 1219
t 1219 703 174 842
t 473 593 1262 474
t 1262 474 593 603
t 473 593 1391 1262
t 1391 1262 593 603
t 292 1292 1304 293
t 506 517 1641 1327
t 517 1641 1327 632
t 506 517 1327 631
t 517 1327 631 632
t 27 1331 759 1551
t 1331 1551 758 759
t 130 2764 1774 535
t 130 2764 524 3104
t 130 2764 535 524
t 1238 130 984 298
t 1237 2765 1236 410
t 1236 2765 1736 410
t 1056 20 1169 2705
t 1056 1240 20 2705
t 2762 1223 1219 842
t 2762 1223 1241 1219
t 71 637 521 2766
t 521 71 2766 1226
t 1220 637 71 2766
t 1226 2759 2766 2049
t 2049 1220 2759 2766
t 616 280 2722 629
t 616 1375 629 2722
t 1215 280 2722 616
t 2037 1215 2722 616
t 508 699 2551 305
t 508 699 305 1272
t 508 164 305 2551
t 506 1234 620 2240
t 506 1327 1234 2240
t 29 2728 28 1817
t 119 1548 218 2724
t 119 1325 1548 2724
t 174 832 842 770
t 174 770 842 703
t 1379 174 832 842
t 1379 842 1219 174
t 24 304 312 762
t 24 421 762 312
t 1859 29 732 722
t 2729 1859 29 732
t 89 1232 199 2998
t 89 1280 1232 2998
t 2993 1232 191 2390
t 78 2993 1281 1232
t 2993 1281 1232 522
t 1221 427 2904 544
t 310 1264 1221 2904
t 1264 1221 2904 544
t 2725 501 2757 2150
t 2725 129 50 359
t 2725 1882 2150 2757
t 2725 1882 50 129
t 662 175 769 2645
t 175 769 2645 862
t 510 625 198 634
t 510 198 623 634
t 198 623 634 674
t 599 1271 662 1344
t 1330 1329 543 2246
t 1406 1330 1329 198
t 27 741 662 1271
t 27 759 662 741
t 2144 662 1271 27
t 195 224 2767 3026
t 195 313 3026 2767
t 1348 195 224 2767
t 1321 821 2440 2439
t 1321 2439 676 726
t 25 2240 676 1376
t 1314 2130 1260 26
t 451 2768 132 1818
t 132 451 1099 2768
t 1099 2768 1388 132
t 1223 2064 945 935
t 1223 935 502 2064
t 720 174 826 2769
t 2769 2497 1659 2284
t 2769 1659 916 2522
t 2769 917 2522 916
t 2648 1420 305 164
t 754 2648 164 1420
t 120 1326 1325 195
t 1326 1325 195 754
t 1271 654 648 761
t 1271 648 751 761
t 544 2451 648 1271
t 2451 648 1271 654
t 369 493 83 1361
t 369 360 493 1361
t 369 1361 83 1375
t 369 360 1361 1375
t 751 1227 175 761
t 751 1334 175 2531
t 751 2531 175 1227
t 741 751 1334 175
t 1399 2127 2723 892
t 2274 1399 1261 2723
t 1077 1272 163 122
t 1077 120 163 2763
t 1077 1272 2763 163
t 163 1465 120 1077
t 647 1227 847 1333
t 2726 742 24 2373
t 2726 1424 2373 24
t 286 404 291 508
t 501 1287 71 2586
t 501 1294 1257 71
t 501 121 71 1257
t 501 1890 2586 71
t 501 1890 71 121
t 1229 3008 385 725
t 498 1329 1224 2652
t 1216 534 544 688
t 1221 1216 534 544
t 648 1216 544 688
t 2257 1216 1221 544
t 2257 535 1216 544
t 216 1365 302 1419
t 216 1419 303 1365
t 2720 223 1494 483
t 1494 2720 483 1495
t 782 2719 1967 402
t 1109 1275 2753 1725
t 2770 3106 145 957
t 2770 3106 1450 145
t 2770 2565 957 1754
t 452 1658 1479 1602
t 452 1658 1602 1662
t 1609 450 2771 1663
t 450 1663 285 2771
t 1100 132 1721 1389
t 1100 1721 373 2708
t 1100 1389 1721 2708
t 1617 304 1671 1670
t 1599 2772 176 1602
t 1599 1537 2772 1602
t 187 1602 176 2772
t 1609 415 2860 1671
t 1609 211 1671 2860
t 1516 415 2860 1609
t 211 1609 201 2860
t 2859 2773 196 1607
t 1540 3091 2773 1607
t 201 1607 196 2773
t 201 1607 2773 1609
t 1531 1592 2861 1593
t 155 1593 146 2861
t 155 1593 2861 1592
t 165 1592 155 51
t 165 1592 51 1596
t 1596 1599 165 1600
t 176 1600 165 1599
t 1479 1719 266 1655
t 1100 1719 348 266
t 1100 1719 266 1479
t 2750 266 257 348
t 2750 1719 1655 266
t 1650 2750 348 1716
t 2772 2774 187 1603
t 1537 2848 2774 1603
t 196 1603 187 2774
t 196 1603 2774 2859
t 582 1809 571 1763
t 582 1809 1763 2739
t 2688 2010 1425 2016
t 2688 2698 1899 2016
t 2688 1899 2010 2016
t 2016 1004 2688 2698
t 1191 2704 2696 2387
t 2450 2414 1191 1204
t 1191 2450 2696 2414
t 2387 1680 1182 1193
t 381 1445 2387 1182
t 2387 1193 1192 1680
t 2387 1192 1181 1680
t 2387 2704 2354 1181
t 2176 1110 365 1446
t 2206 2176 1110 1121
t 2206 1110 2176 1446
t 2775 1905 2053 403
t 2053 403 2011 2775
t 1102 2053 987 2775
t 2053 2775 1102 1905
t 1494 1582 1475 483
t 1499 1582 1475 1494
t 1663 394 387 1769
t 1769 1453 387 1663
t 1004 2698 2017 2079
t 2698 1004 995 2079
t 2079 1110 1004 995
t 1121 2079 1110 1004
t 392 1912 2716 1913
t 828 1913 2716 1912
t 2776 2882 413 978
t 1772 2776 978 1773
t 2882 526 2776 413
t 537 1773 526 2776
t 537 1773 2776 1772
t 448 449 1791 1752
t 448 1791 1786 1752
t 1094 2048 1512 2046
t 2048 1095 1094 402
t 2048 1512 402 1094
t 2156 1088 2119 2044
t 2863 1173 1174 982
t 2330 1173 982 2940
t 2330 1165 1173 1239
t 1173 2330 1045 2940
t 1045 1173 1239 2330
t 2863 1174 1173 1165
t 2295 1045 1163 1155
t 2295 1163 1045 1595
t 1163 2295 2294 2327
t 1154 1163 1155 2295
t 2294 1163 1154 2295
t 2327 1163 2295 1595
t 1153 2777 1154 2294
t 2290 2777 1153 2294
t 1045 1239 1155 2330
t 2778 2238 2236 2937
t 1133 2778 1134 2238
t 2236 2778 1133 2238
t 2788 1145 2778 1134
t 2788 2778 1145 2268
t 2937 2778 2238 2268
t 2779 2236 2235 3025
t 3003 2779 1133 2236
t 2235 2779 3003 2236
t 3025 2779 2236 2266
t 2806 1142 3003 2235
t 2233 1142 2806 2235
t 2193 2192 1129 1118
t 1129 2192 1119 1118
t 2780 2180 2179 2955
t 1113 2780 1114 2180
t 2179 2780 1113 2180
t 2790 1124 2780 1114
t 2790 2780 1124 2211
t 2955 2780 2180 2211
t 2781 2179 2178 3047
t 1112 2781 1113 2179
t 2178 2781 1112 2179
t 3047 2781 2179 2210
t 1111 2209 1112 2178
t 977 1517 2050 2001
t 1959 2001 2050 1517
t 977 2050 2000 2001
t 976 977 1094 2000
t 1999 976 1094 2000
t 416 1995 1087 399
t 968 969 1087 1995
t 399 1995 1087 969
t 242 243 2782 1634
t 242 2782 1687 1634
t 1694 1634 1687 2782
t 2783 1631 1633 1741
t 233 234 2783 1633
t 233 2783 1631 1633
t 780 781 1934 1883
t 780 1934 1927 1883
t 441 442 1780 1744
t 441 1780 1779 1744
t 665 666 1871 1830
t 665 1871 1870 1830
t 446 447 1785 1749
t 446 1785 1784 1749
t 1092 1093 2784 2045
t 1092 2784 2112 2045
t 2113 2045 2784 1093
t 2113 2045 2112 2784
t 2273 2245 1136 2243
t 2251 2249 1138 1137
t 1117 2190 2785 2189
t 1117 2785 1118 2189
t 2189 2785 2223 2190
t 2786 2187 2185 3046
t 1116 2786 1117 2187
t 2185 2786 1116 2187
t 3046 2786 2187 2219
t 778 779 1926 1876
t 778 1926 1925 1876
t 670 671 1876 1835
t 670 1876 1875 1835
t 1093 1094 2787 2046
t 1093 2787 2113 2046
t 2046 1094 2787 1212
t 2046 2787 2113 1511
t 1511 2787 1212 2046
t 2788 2241 2238 2268
t 1134 2788 1135 2241
t 2238 2788 1134 2241
t 1135 2788 1146 2269
t 2268 2788 2241 2269
t 1135 2243 2241 2269
t 1136 1135 1147 1470
t 2269 1135 2243 1470
t 2789 2185 2182 3052
t 1115 2789 1116 2185
t 2182 2789 1115 2185
t 3052 2789 2185 2216
t 2790 2182 2180 2929
t 1114 2790 1115 2182
t 2180 2790 1114 2182
t 2929 2790 2182 2213
t 238 239 1685 1623
t 238 1685 1684 1623
t 237 238 1684 1623
t 250 1699 1586 249
t 2791 1502 1480 1481
t 2570 1480 138 2791
t 1502 2570 139 2791
t 139 2570 138 2791
t 1480 163 2792 1077
t 2792 1481 2928 1466
t 1480 1672 1077 2792
t 1466 1672 2928 2792
t 1481 1480 131 2792
t 131 1480 163 2792
t 1103 2054 2924 1102
t 2800 1429 98 1452
t 2800 110 1452 98
t 1357 1340 45 1341
t 54 1357 44 45
t 55 1357 54 45
t 55 1359 1357 45
t 988 2012 2003 987
t 988 2012 2004 2003
t 1429 1415 99 1416
t 98 1415 87 99
t 2803 1606 65 2793
t 2803 76 2793 65
t 77 1402 76 2793
t 77 1403 1402 2793
t 686 1854 1805 685
t 686 1854 1855 1805
t 1640 254 980 1648
t 1640 980 1642 1648
t 1451 1584 1644 147
t 1645 1644 147 247
t 247 1644 147 246
t 2748 1488 135 1491
t 143 1488 134 144
t 135 1488 134 2864
t 135 1491 1488 2864
t 1109 2073 2059 1108
t 1109 2073 2014 2059
t 1108 2072 2059 1107
t 1713 463 1758 1800
t 464 1800 1758 463
t 463 1761 1711 462
t 1460 1443 2865 2668
t 2668 1460 117 2865
t 117 1460 116 2865
t 116 1459 115 2866
t 116 2865 1459 2866
t 108 1447 107 1427
t 1443 1423 2867 2670
t 2670 1443 105 2867
t 105 1443 104 2867
t 2807 1422 92 2794
t 2807 103 2794 92
t 104 1440 103 2794
t 104 2867 1440 2794
t 96 1427 95 2795
t 81 1387 69 70
t 82 1408 81 70
t 74 1397 73 2796
t 793 1896 1855 792
t 792 1895 1854 791
t 792 1895 1855 1854
t 784 1892 1853 783
t 784 1892 1852 1853
t 2748 1491 136 2736
t 145 2748 144 136
t 1446 2797 365 2140
t 2140 2797 2178 1446
t 144 145 1627 1564
t 138 139 1621 1561
t 53 1338 43 54
t 252 1647 1637 251
t 252 1647 1636 1637
t 1587 1637 1646 2964
t 251 1646 2964 250
t 251 1646 1637 2964
t 1586 1698 1585 249
t 249 1698 1585 248
t 1507 1486 142 1487
t 2798 1483 1486 475
t 123 475 2868 2798
t 3054 1467 2798 1468
t 2868 1467 123 2798
t 1486 1468 3054 2798
t 3051 1481 1930 2799
t 3051 1466 2799 1467
t 1930 1481 131 2799
t 1483 1481 1930 3051
t 114 1457 113 2871
t 114 2870 1457 2871
t 1456 1433 100 113
t 1456 112 113 100
t 2800 1452 2932 1429
t 1429 1538 2932 2800
t 1452 1448 110 2800
t 1538 109 2800 97
t 110 1448 109 2800
t 1945 2801 2003 2011
t 987 2011 2801 986
t 987 2011 2003 2801
t 1435 1418 90 2802
t 1435 101 2802 90
t 102 1435 101 2802
t 1432 1416 100 1417
t 99 1416 88 3028
t 100 1432 99 3028
t 100 1416 1432 3028
t 1359 1341 45 46
t 1359 55 46 45
t 56 1359 55 46
t 56 1360 1359 46
t 1405 1382 80 1385
t 79 1382 68 80
t 1404 1380 79 1382
t 1404 1380 67 79
t 1404 78 79 67
t 2819 1374 64 2803
t 2819 75 2803 64
t 76 1401 75 2803
t 76 1402 1401 2803
t 142 143 1625 1563
t 1360 1342 46 47
t 1360 56 47 46
t 57 1360 56 47
t 2804 2211 2210 3070
t 1123 2804 1124 2211
t 2210 2804 1123 2211
t 2814 1134 2804 1124
t 2814 2804 1134 2238
t 3070 2804 2211 2238
t 2805 2210 2209 3073
t 3007 2805 1123 2210
t 2209 2805 3007 2210
t 3073 2805 2210 2236
t 1122 2806 3007 2209
t 2206 2806 1122 2209
t 322 323 1744 1683
t 322 1744 1743 1683
t 134 1487 133 2869
t 134 2864 1487 2869
t 115 1458 114 2870
t 115 2866 1458 2870
t 2802 1421 91 2807
t 2802 102 2807 91
t 103 1438 102 2807
t 1638 253 152 1640
t 254 1640 152 253
t 140 141 1623 1562
t 1364 1345 3109 1347
t 58 1345 48 3109
t 59 1364 58 3109
t 2808 1586 1587 1492
t 1492 35 2808 2816
t 2816 35 2808 149
t 150 1586 2808 149
t 150 1586 1587 2808
t 2852 1290 35 2809
t 2852 1296 1290 2809
t 2873 44 2809 35
t 45 1340 44 2809
t 45 1341 1340 2809
t 1127 2224 3077 2223
t 1127 3077 1128 2223
t 2249 2223 3077 2224
t 1126 2810 1127 2219
t 2216 2810 1126 2219
t 327 328 1749 1686
t 327 1749 1748 1686
t 1318 1284 32 33
t 1318 1286 1284 33
t 42 1336 41 33
t 42 2872 1336 33
t 567 568 3050 1791
t 567 3050 1836 1791
t 1842 1791 1836 3050
t 2811 1724 1250 1350
t 1349 1724 1315 2811
t 1155 2268 2266 1668
t 1144 1155 1145 2268
t 2266 1155 1144 2268
t 2268 1156 1155 1145
t 2268 1155 1156 1668
t 2812 2266 2265 3075
t 1143 2812 1144 2266
t 2265 2812 1143 2266
t 3075 2812 2266 2295
t 1142 2813 1143 2265
t 2261 2813 1142 2265
t 2814 2213 2211 3055
t 1124 2814 1125 2213
t 2211 2814 1124 2213
t 3055 2814 2213 2241
t 560 2344 1830 1780
t 560 1830 1829 1780
t 2851 1300 38 2815
t 2851 1307 1300 2815
t 2878 47 2815 38
t 48 1343 47 2815
t 48 1345 1343 2815
t 2877 148 2816 1585
t 1524 2816 1586 1585
t 149 1585 2816 148
t 149 1585 1586 2816
t 2855 1288 34 2817
t 2855 1291 1288 2817
t 2876 43 2817 34
t 44 1338 43 2817
t 44 1340 1338 2817
t 979 1476 1582 1464
t 1538 1428 109 97
t 1448 1428 1673 109
t 109 108 2313 97
t 2818 1428 1412 1228
t 1428 97 1228 2818
t 2795 1412 85 2818
t 2795 96 2818 85
t 97 1428 96 2818
t 2796 1373 63 2819
t 2796 74 2819 63
t 75 1398 74 2819
t 785 1893 1852 784
t 785 1893 1884 1852
t 565 566 1835 1785
t 565 1835 1834 1785
t 52 1337 42 53
t 2820 1587 1931 1493
t 2808 1492 2820 36
t 2808 36 2820 150
t 151 1587 2820 150
t 151 1587 1931 2820
t 2849 1295 36 2821
t 2849 1298 1295 2821
t 2875 45 2821 36
t 46 1341 45 2821
t 46 1342 1341 2821
t 2822 2269 2268 1273
t 1145 2822 1146 2269
t 2268 2822 1145 2269
t 2302 1157 2822 1146
t 2822 1273 2302 2269
t 66 65 2280 55
t 340 1756 1699 339
t 340 1756 1646 1699
t 2850 1297 37 2823
t 2850 1301 1297 2823
t 2874 46 2823 37
t 47 1342 46 2823
t 47 1343 1342 2823
t 1702 980 346 1713
t 980 345 346 1713
t 337 1706 1644 336
t 1370 1390 332 981
t 981 1390 1248 1370
t 981 1390 70 1248
t 1367 70 1248 60
t 70 1367 1387 69
t 63 1372 62 1353
t 3063 1439 1994 1934
t 2001 1934 1994 1439
t 867 868 1989 1921
t 866 867 1997 1933
t 865 866 1995 1932
t 872 873 1999 1926
t 872 1999 1993 1926
t 87 1402 76 88
t 343 1757 1701 342
t 343 1757 1709 1701
t 342 1708 1647 341
t 342 1708 1701 1647
t 1647 1707 1646 341
t 341 1707 1646 340
t 1382 1362 3110 1364
t 67 1380 56 57
t 1380 56 57 1360
t 68 1380 67 57
t 66 1359 55 56
t 67 1359 66 56
t 56 1380 1359 1360
t 1355 64 1356 53
t 65 1374 64 1356
t 580 1805 1761 579
t 580 1805 1800 1761
t 93 1422 92 2879
t 93 82 1422 2879
t 85 1411 84 2824
t 1385 1364 59 1366
t 3110 1364 58 59
t 69 1385 3110 59
t 69 1366 1385 59
t 2853 1285 33 2825
t 2853 1289 1285 2825
t 2872 42 2825 33
t 43 1337 42 2825
t 43 1338 1337 2825
t 1519 147 2826 1584
t 1519 2826 2847 1584
t 148 1584 2826 147
t 148 1584 2877 2826
t 1672 1452 1077 2827
t 1077 1452 110 2827
t 2827 1452 110 111
t 1415 1401 1228 87
t 87 86 2470 76
t 1472 1460 2828 2673
t 2829 1460 116 2828
t 2673 1472 128 2828
t 2829 127 2828 116
t 128 1472 127 2828
t 126 1459 115 2829
t 127 1471 126 2829
t 1463 1447 108 1673
t 1463 118 108 107
t 119 1463 118 108
t 1417 1404 90 1405
t 89 1404 78 90
t 1416 1403 89 1404
t 88 1403 77 89
t 882 1946 1895 881
t 882 1946 1947 1895
t 533 1943 1892 874
t 2831 1457 113 2830
t 2831 124 2830 113
t 125 1468 124 2830
t 125 2881 1468 2830
t 1077 1465 120 110
t 1353 63 1355 52
t 64 1373 63 1355
t 92 1421 91 2880
t 92 2879 1421 2880
t 876 1945 1893 875
t 876 1945 1894 1893
t 2832 1456 112 2831
t 2832 123 2831 112
t 124 1467 123 2831
t 2827 1455 111 2832
t 2827 122 2832 111
t 123 1466 122 2832
t 126 1469 125 2881
t 2824 85 1398 74
t 86 1412 85 1398
t 1465 1464 120 109
t 120 1464 119 109
t 1893 1892 784 1944
t 1737 1675 311 2749
t 2417 1192 1193 1205
t 909 1958 1977 2019
t 2019 1015 909 1958
t 2885 1026 909 2019
t 1026 2019 1015 909
t 834 1912 828 733
t 834 1912 733 1915
t 439 2749 430 320
t 439 2749 320 2608
t 1773 1822 2833 1935
t 649 1935 639 2833
t 649 1935 2833 1822
t 1913 1974 2883 1977
t 920 1977 909 2883
t 920 1977 2883 1974
t 1977 1976 2885 2022
t 1036 2022 1026 2885
t 1036 2022 2885 1976
t 1207 2420 1807 1734
t 1207 2420 1734 412
t 1194 1207 1195 2420
t 1807 1207 1194 2420
t 2420 1208 1207 1195
t 2420 1207 1208 412
t 1185 2367 1808 1841
t 1175 1185 1176 2367
t 1808 1185 1175 2367
t 2894 1571 2834 2340
t 2834 2340 2856 2894
t 1167 2834 1168 2340
t 2856 2834 1167 2340
t 1168 1558 1169 2311
t 2340 1558 1168 2311
t 1168 2311 1557 2340
t 1159 1168 1160 2311
t 1557 1168 1159 2311
t 2311 1169 1168 1160
t 2892 983 2835 2278
t 2835 2278 2857 2892
t 2835 983 1497 2278
t 2278 1497 2835 1150
t 1149 2835 1150 2278
t 2857 2835 1149 2278
t 2836 2254 2858 2893
t 1139 2836 1140 2254
t 2858 2836 1139 2254
t 2893 2836 2254 2282
t 935 2027 1520 1984
t 1152 2088 1141 2087
t 1208 2423 2420 412
t 1195 1208 1196 2423
t 2420 1208 1195 2423
t 2423 1209 1208 1196
t 2423 1208 1209 2464
t 2464 1208 412 2423
t 1046 2093 1057 2025
t 2023 2093 1046 2025
t 2020 1046 1035 705
t 2912 705 1046 1982
t 2912 1046 935 1982
t 2025 2023 1982 1046
t 732 1474 1891 2729
t 2729 1916 833 1474
t 1914 833 2729 1916
t 619 29 1891 298
t 619 29 298 28
t 2837 705 2912 1982
t 2837 2912 935 1982
t 2837 705 1982 1980
t 2838 2887 1521 3050
t 1777 1837 1560 2838
t 1777 2838 1788 1837
t 2838 2887 568 1788
t 1035 2839 1046 2023
t 2021 2839 1035 2023
t 1503 2021 2023 2839
t 2093 1161 2839 1046
t 2093 2839 1161 1503
t 2023 1980 1046 2020
t 919 2020 705 1980
t 827 1971 2840 1914
t 827 2840 833 1914
t 1980 1914 2840 1971
t 1171 2095 1162 2094
t 654 1560 1777 1824
t 545 1824 654 1777
t 545 654 556 1777
t 1777 1560 654 556
t 1578 2428 2425 2471
t 2428 1211 1578 1198
t 2428 1578 1211 2471
t 2371 1678 2841 1179
t 2371 2841 1678 1568
t 2841 2371 2370 2895
t 1681 2841 1179 2371
t 2370 2841 1681 2371
t 2895 2841 2371 1568
t 2705 2842 1240 2343
t 2888 1180 2842 1240
t 2842 2343 2705 2342
t 2842 2343 2342 2891
t 2888 2842 1180 1570
t 2891 2842 2343 1570
t 1151 2086 2021 2018
t 1025 2018 1151 2021
t 1025 1151 1035 2021
t 908 1966 2020 1973
t 908 2020 919 1973
t 1181 2099 1171 2098
t 438 1777 2889 1751
t 438 2889 449 1751
t 1788 1751 2889 1777
t 429 1738 1777 1740
t 429 1777 438 1740
t 2764 1736 410 1236
t 535 419 2764 1738
t 419 535 429 1738
t 1736 2764 419 1738
t 359 333 129 1770
t 359 2654 400 1770
t 1211 2431 2428 1484
t 1198 1211 1199 2431
t 2428 1211 1198 2431
t 2431 1212 1211 1199
t 2431 1211 1212 1484
t 1014 2076 1130 2018
t 1014 1130 1025 2018
t 2083 2076 2018 1130
t 898 1014 908 1966
t 1957 1014 898 1966
t 1203 1863 709 1907
t 709 1901 1907 1863
t 601 1860 1863 1816
t 601 1863 611 1816
t 482 2843 1506 1767
t 482 2890 2843 1767
t 1087 2101 1078 2029
t 1823 1863 1911 1862
t 1911 1862 722 1823
t 722 1911 1859 1862
t 319 449 330 1739
t 2917 1674 429 1676
t 2917 429 319 1676
t 1740 1674 1676 429
t 2844 1664 3105 1666
t 295 2844 303 1666
t 1664 2844 295 1666
t 2845 1559 1237 1664
t 289 2845 295 1664
t 2765 410 2845 295
t 1237 2765 410 2845
t 1212 2433 2431 1484
t 1212 1484 1967 2433
t 1199 1212 1200 2433
t 2431 1212 1199 2433
t 2433 2435 1212 1200
t 2435 1212 1967 2433
t 1568 1199 1678 2433
t 1678 1199 1200 2433
t 2408 1190 2694 1678
t 2408 2694 1190 411
t 698 1897 1901 1858
t 698 1901 709 1858
t 591 1858 601 1812
t 231 1688 243 1618
t 1666 1611 1509 1508
t 1666 1611 1508 1664
t 1664 1608 1508 494
t 1605 1664 494 1608
t 1605 371 94 1510
t 1605 371 1454 94
t 346 1765 395 1718
t 687 1897 698 1858
t 581 2628 1858 1811
t 581 1858 591 1811
t 2846 2015 1275 1725
t 994 1275 2846 2015
t 994 2846 1003 2015
t 464 1806 1811 1765
t 464 1811 395 1765
t 1812 1764 395 1811
t 2890 1764 482 395
t 482 2890 1767 1764
t 1461 1442 818 1436
t 805 1461 1436 1442
t 2847 2826 1524 3078
t 2847 34 1524 2826
t 2847 1524 34 2509
t 348 1762 1716 1719
t 2848 1540 2774 1603
t 2848 1540 2546 84
t 2848 1540 84 2774
t 1102 2669 2054 1905
t 36 2875 1296 2849
t 2875 2849 36 2821
t 1341 1298 2849 2821
t 37 2874 1298 2850
t 2874 2850 37 2823
t 1342 1301 2850 2823
t 1367 1364 1366 59
t 38 2878 1301 2851
t 2878 2851 38 2815
t 1343 1307 2851 2815
t 35 2873 1291 2852
t 2873 2852 35 2809
t 1340 1296 2852 2809
t 33 2872 1286 2853
t 2872 2853 33 2825
t 1337 1289 2853 2825
t 1336 1286 1318 33
t 2854 61 1248 1370
t 1532 2854 1370 61
t 1532 1370 2854 2534
t 2168 1801 2189 2161
t 2168 1802 2170 2192
t 1820 2161 1906 2187
t 1906 1105 1820 2187
t 1345 1904 1307 1213
t 1345 1307 39 1213
t 34 2876 1289 2855
t 2876 2855 34 2817
t 1338 1291 2855 2817
t 2857 1810 2311 2273
t 1130 2254 1979 2202
t 2450 2417 1437 1206
t 2471 2425 1210 2468
t 2489 1910 1350 2532
t 2014 2499 1942 1109
t 19 1431 612 2811
t 2811 1731 612 40
t 2811 1731 1431 612
t 995 209 1110 205
t 1170 205 209 995
t 995 205 1110 1111
t 1170 205 995 1231
t 995 1231 205 1111
t 205 811 2140 2797
t 205 2140 365 2797
t 205 453 365 2666
t 1663 285 2771 1607
t 1592 1953 41 51
t 1592 51 1596 1953
t 1592 155 51 41
t 1716 1763 348 336
t 1716 1763 336 2612
t 1753 336 1763 2612
t 1753 1763 2620 2612
t 1603 1662 196 187
t 1662 1602 187 1603
t 1857 1900 689 677
t 1857 1900 677 1951
t 1599 62 176 2772
t 1599 1537 62 2772
t 1600 1655 176 165
t 1655 1649 165 1600
t 1593 1650 155 146
t 1593 1650 146 1643
t 1809 1857 582 571
t 1809 1857 571 1952
t 450 1609 1671 1670
t 1670 450 304 1671
t 1540 2773 2859 1607
t 2859 1603 2774 1540
t 1540 2859 95 84
t 2859 2774 84 1540
t 2859 1607 1603 1540
t 1540 95 2859 2773
t 1540 2860 3091 1516
t 1540 3091 2860 2773
t 201 2773 2860 1609
t 1318 2530 1531 2486
t 1318 1531 32 2486
t 1531 2861 41 32
t 1531 1593 2861 1249
t 1531 2861 32 1249
t 1249 1581 1593 2861
t 1565 32 2861 1249
t 1565 2861 1581 1249
t 2750 266 348 1719
t 1766 1096 2739 1388
t 1096 1766 2739 465
t 2739 1763 465 1766
t 1650 348 336 1716
t 1650 336 257 246
t 1650 257 336 348
t 1954 1599 51 1596
t 1596 165 1599 51
t 2612 1696 336 2605
t 1670 413 304 450
t 413 331 1670 978
t 413 978 1670 304
t 413 450 1670 331
t 1626 1518 143 1564
t 2111 1090 2110 1208
t 2710 2110 1208 2111
t 1620 1513 137 1501
t 1620 1561 1513 1501
t 1207 2109 2110 2118
t 2110 2109 1207 1089
t 1624 1515 141 1563
t 1622 1514 139 3111
t 1622 1562 1514 3111
t 2011 2775 987 2053
t 2784 2112 2113 2125
t 2113 1093 2784 1211
t 2112 1091 2111 1209
t 2112 2461 1209 2111
t 1181 1191 1192 2387
t 2704 1191 1181 2387
t 2052 811 1902 2862
t 2052 2862 403 811
t 1170 1902 1231 2862
t 2862 2957 2002 1489
t 2862 2957 2738 2002
t 2052 2862 2738 403
t 152 1908 1638 1640
t 2752 2330 2863 982
t 2330 1173 2863 982
t 2330 2863 1173 1165
t 2752 2863 2330 2336
t 2336 1165 2863 2330
t 1156 1273 1668 2330
t 1156 2330 1903 1273
t 1156 2330 1165 1903
t 1668 1155 1156 2330
t 1155 1239 1156 2330
t 2330 1165 1239 1156
t 2238 2788 2778 1134
t 2238 2778 2788 2268
t 2180 2790 2780 1114
t 2180 2780 2790 2211
t 2884 1631 2783 1741
t 233 2884 1631 2783
t 1741 2608 2884 1631
t 1694 2782 1978 1634
t 1694 2782 329 330
t 1694 2782 330 1978
t 2789 2786 2185 2216
t 2185 2789 1116 2786
t 2241 2788 1135 2269
t 2243 1135 1136 1470
t 1470 1136 2243 2273
t 2790 2789 2182 2213
t 2182 2790 1115 2789
t 2779 2778 2236 2266
t 2236 2779 1133 2778
t 1137 2251 2249 2245
t 2273 2245 1137 1136
t 2273 1148 1147 1137
t 2273 1136 1137 1147
t 2786 2190 2187 2219
t 2187 2786 1117 2190
t 2781 2780 2179 2210
t 2179 2781 1113 2780
t 52 1355 1336 1337
t 1355 1337 52 53
t 2044 1088 2119 2109
t 1205 2450 2417 2696
t 2450 1191 1205 1204
t 1205 2450 2696 1191
t 2777 1163 2294 2327
t 2294 2777 1154 1163
t 2354 1172 1171 2323
t 2354 1172 2323 2327
t 2327 2777 2290 2294
t 2323 2777 1162 2290
t 1142 2779 2235 2265
t 2235 1142 3003 2779
t 2265 1142 2233 2235
t 2261 1142 1141 2233
t 2785 2193 2189 2223
t 2189 2785 1118 2193
t 2178 2209 1112 2781
t 2206 1111 1446 2178
t 2206 2209 1111 2178
t 2206 1122 1121 1111
t 2206 1110 1111 1121
t 2206 1122 1111 2209
t 2206 1111 1110 1446
t 136 2748 135 1491
t 1507 1488 143 144
t 1997 970 1723 2044
t 2864 1488 1469 1471
t 1476 1463 1582 1464
t 2048 1999 1094 2000
t 2046 1999 1093 1094
t 108 1428 1673 1427
t 1673 1428 108 109
t 109 1428 108 97
t 108 1428 1427 96
t 1428 108 97 96
t 1713 1761 1711 463
t 1713 345 346 463
t 1713 1711 345 463
t 1713 1800 1761 463
t 2621 1712 464 1758
t 1761 1709 1711 462
t 2865 1460 1440 1443
t 2866 1459 1438 1440
t 2014 2650 994 1947
t 1633 234 2783 1682
t 1741 1682 1633 2783
t 2867 1443 1422 1423
t 2807 1440 1421 1422
t 1440 1422 2807 2794
t 1440 103 2794 2807
t 2795 1428 1411 1412
t 1428 1412 2795 2818
t 1428 96 2818 2795
t 1367 1347 3109 1431
t 1367 1431 3109 60
t 1367 59 60 3109
t 1409 1390 70 981
t 70 1409 1387 1390
t 81 1408 1385 1387
t 1408 1387 81 70
t 2796 1398 1372 1373
t 1398 1373 2796 2819
t 1398 74 2819 2796
t 1584 1644 147 1645
t 1584 147 148 1645
t 1349 19 2811 1431
t 1349 1431 1367 19
t 2643 2635 793 1896
t 2012 987 988 2924
t 2012 2053 987 2924
t 2012 2054 2053 2924
t 98 1429 1228 1415
t 1429 1415 98 99
t 1402 1606 2803 2793
t 1402 76 2793 2803
t 44 1357 1338 1340
t 1357 1340 44 45
t 1587 150 1646 1586
t 1646 1586 150 250
t 53 1356 1337 1338
t 1356 1338 53 54
t 2211 2814 2804 1124
t 2211 2804 2814 2238
t 1483 475 1485 141
t 1483 475 481 1485
t 1504 3053 1485 1483
t 1504 1485 141 1483
t 1502 1485 1930 2791
t 1502 1481 2791 1930
t 1502 139 1485 2791
t 2868 475 481 1483
t 2868 1930 1483 481
t 2868 1467 3051 2799
t 2868 475 1483 2798
t 1483 1467 2868 2798
t 1483 1467 3051 2868
t 2799 1481 2792 1466
t 1945 875 876 2801
t 1945 2002 875 2801
t 1945 2011 2002 2801
t 1432 99 111 112
t 1448 109 2800 1538
t 1448 1428 109 1538
t 1752 1694 448 330
t 1752 330 448 449
t 1433 1417 100 101
t 1432 1416 99 3028
t 2819 1401 1373 1374
t 1401 1374 2819 2803
t 1401 75 2803 2819
t 47 1362 1342 1343
t 1362 1343 47 58
t 1362 57 58 47
t 1486 475 141 133
t 1505 141 142 1486
t 1505 1504 141 1486
t 142 141 133 1486
t 143 1507 142 1487
t 2869 1487 1468 1469
t 2870 1458 1435 1438
t 2871 1457 1433 1435
t 2802 1438 1418 1421
t 1438 1421 2802 2807
t 1438 102 2807 2802
t 1405 1382 79 80
t 58 1364 1343 1345
t 1364 1345 58 3109
t 1337 42 2825 2872
t 2872 1337 1286 2853
t 1337 2853 2872 2825
t 1842 3050 672 1477
t 1842 3050 1477 1969
t 1842 1791 3050 1969
t 1706 336 337 1760
t 1706 1753 336 1760
t 1447 2550 107 1427
t 2795 1427 1410 1411
t 1427 1410 95 2795
t 2796 1397 1371 1372
t 1397 1371 73 2796
t 1804 571 572 1853
t 1804 1844 571 1853
t 51 1353 1335 1336
t 1340 44 2809 2873
t 2873 1340 1291 2852
t 1340 2852 2873 2809
t 2797 1101 2140 2178
t 1492 2816 2808 1586
t 1586 2816 2808 149
t 1524 1492 1586 2816
t 2814 2216 2213 2241
t 2213 2814 1125 2216
t 2810 2224 2219 2245
t 2219 2810 1127 2224
t 2805 2804 2210 2236
t 2210 2805 1123 2804
t 1342 46 2823 2874
t 2874 1342 1298 2850
t 1342 2850 2874 2823
t 2820 1492 1587 1493
t 1587 1492 2820 2808
t 1587 2808 2820 150
t 1341 45 2821 2875
t 2875 1341 1296 2849
t 1341 2849 2875 2821
t 1338 43 2817 2876
t 2876 1338 1289 2855
t 1338 2855 2876 2817
t 1524 2877 2816 1585
t 2877 3078 1524 2826
t 1524 34 35 2877
t 2877 2826 1524 34
t 2877 1524 3078 1585
t 1524 2877 35 2816
t 2269 2302 2822 1146
t 2249 3077 2223 2230
t 2249 1138 1137 3077
t 2249 1138 3077 2230
t 2233 2806 1132 2206
t 1758 1702 2623 346
t 1758 2606 2623 1702
t 1711 1648 980 344
t 1390 70 1248 1367
t 69 1387 1366 1367
t 1373 63 1355 1353
t 2806 2805 2209 2235
t 2209 2806 3007 2805
t 1525 38 1490 1931
t 1525 38 39 1490
t 2812 1155 2266 2295
t 2266 2812 1144 1155
t 1920 1995 865 2656
t 1606 1357 65 66
t 66 1357 65 55
t 65 1357 1374 1356
t 65 1357 1356 54
t 65 1606 1374 1357
t 1357 65 55 54
t 1343 47 2815 2878
t 2878 1343 1301 2851
t 1343 2851 2878 2815
t 2294 2813 2261 2265
t 2290 1153 1152 2261
t 2290 1153 2261 2813
t 2813 2812 2265 2294
t 2265 2813 1143 2812
t 1336 1318 41 33
t 82 1423 1408 1409
t 1423 1409 82 94
t 94 1423 93 82
t 2879 1422 1407 1408
t 2824 1412 1397 1398
t 1412 85 1398 2824
t 1374 64 1356 1355
t 66 1606 1357 1359
t 1377 1359 66 67
t 87 1415 1401 1402
t 1415 1402 87 88
t 1385 1364 3110 59
t 57 1382 1360 1362
t 1382 1362 57 3110
t 1382 68 3110 57
t 126 1471 1458 1459
t 1471 1459 126 2829
t 2829 1472 1459 1460
t 1472 1460 2829 2828
t 1472 127 2828 2829
t 1372 1352 62 1353
t 1464 1673 108 109
t 1464 119 109 108
t 1933 867 1997 1989
t 1995 866 968 969
t 1995 866 969 1997
t 1228 1401 86 87
t 87 1401 86 76
t 86 1401 1398 75
t 1401 86 76 75
t 1417 1404 89 90
t 88 1416 1402 1403
t 1416 1403 88 89
t 2880 1421 1405 1407
t 1418 1405 90 91
t 1760 455 456 1804
t 1760 1793 455 1804
t 2832 1467 1455 1456
t 1467 1456 2832 2831
t 1467 123 2831 2832
t 1466 1455 2827 2832
t 1466 122 2832 2827
t 1465 1448 109 110
t 1465 120 110 109
t 2824 1411 1395 1397
t 1411 1395 84 2824
t 2881 1469 1457 1458
t 2831 1468 1456 1457
t 1468 1457 2831 2830
t 1468 124 2830 2831
t 1463 107 108 1447
t 1463 2555 107 1447
t 733 1912 370 1915
t 1912 828 733 724
t 331 2882 2607 1773
t 2882 1773 331 978
t 2776 1773 2882 978
t 1773 526 2776 2882
t 526 2607 2882 1773
t 2017 1121 1004 2079
t 2017 1121 1015 1004
t 2017 2081 1121 2079
t 2833 1935 1821 1773
t 1773 2833 537 526
t 2833 1821 526 1773
t 1913 2883 1164 1958
t 1913 2883 828 2716
t 1913 2883 2716 1164
t 1913 2883 1958 1977
t 1675 2601 2884 2608
t 1675 2884 320 2608
t 1631 2608 2884 2601
t 1977 2885 909 2019
t 1977 2885 920 909
t 1977 2022 2885 2019
t 864 967 1988 1496
t 335 1988 1496 864
t 1988 864 335 1567
t 864 1988 1987 1567
t 1988 967 864 1987
t 2081 1132 2079 2082
t 2367 1569 1185 1186
t 2367 1186 1185 1176
t 2367 1186 1176 1571
t 2340 1571 1177 2370
t 2834 1571 1177 2340
t 2340 1177 2834 1168
t 2340 1177 1168 1558
t 2340 1177 1558 2370
t 2836 2282 1972 2254
t 2254 1972 2836 1140
t 1057 1498 485 2027
t 1523 1057 2027 1498
t 1775 1778 558 1789
t 1775 2618 1778 1789
t 2084 1141 1132 2260
t 1497 436 2626 2282
t 1566 1497 2282 436
t 1150 1497 1151 2282
t 2282 2626 1497 1151
t 1567 1201 347 1869
t 1869 1909 1201 486
t 1567 1869 1909 1201
t 1982 1046 935 2025
t 2025 1982 2027 935
t 298 1473 2886 1941
t 984 130 2886 298
t 984 298 2886 619
t 298 1941 2886 619
t 298 130 2886 1473
t 1825 1789 663 1838
t 1790 1838 663 1789
t 2425 1578 1186 2428
t 1679 2404 2402 2428
t 1169 1681 2705 2342
t 2342 1681 2705 2371
t 2705 2842 2342 2371
t 1477 2887 1521 1837
t 2838 1837 1521 2887
t 2838 1837 2887 1788
t 1837 2887 1788 1961
t 1477 2887 1837 1961
t 2023 2093 2839 1046
t 2023 2839 2093 1503
t 919 705 2840 1980
t 2840 705 2837 1980
t 1868 1838 771 1878
t 1840 1878 771 1838
t 2089 1162 2088 2321
t 1199 1568 2404 2431
t 2888 1579 2343 1968
t 2888 1570 1968 2343
t 2343 2888 1240 1579
t 2343 2888 2842 1240
t 2343 2842 2888 1570
t 1788 568 556 2889
t 1788 568 2889 1964
t 1788 2889 1751 1964
t 1774 1824 1097 545
t 2021 2839 1151 1035
t 1503 2021 2839 1151
t 1973 919 908 1911
t 1973 919 1911 1971
t 1919 1920 865 2646
t 1919 1878 1920 2646
t 1880 2646 1920 1878
t 1736 2764 410 419
t 2764 419 535 410
t 1751 449 1739 1965
t 1738 429 419 1674
t 1733 400 1098 2845
t 1733 1559 2845 1098
t 1767 2843 1506 1815
t 1816 1767 1815 2843
t 1907 1966 908 1911
t 1966 908 898 1907
t 2099 2704 2103 1181
t 1180 2408 1970 1570
t 1570 1179 1180 2408
t 1179 1678 1180 2408
t 2408 1190 1678 1180
t 2408 1970 1190 1180
t 1674 2917 303 222
t 1674 222 303 1615
t 1666 2844 303 1736
t 2765 1664 3105 2844
t 1664 2765 2845 295
t 1237 1664 2765 2845
t 1664 2765 295 2844
t 1676 429 319 1740
t 1740 1676 1739 319
t 402 1967 2435 1212
t 402 1200 1212 2435
t 2018 1014 1957 1966
t 2076 1014 1003 1957
t 1812 1764 2890 395
t 1812 395 2890 591
t 2890 1812 601 2843
t 1812 601 591 2890
t 1559 1605 494 1510
t 1559 1605 1664 494
t 1546 1611 1508 1509
t 94 1510 494 1605
t 94 1605 494 1608
t 94 1605 1608 1454
t 1615 222 1509 1550
t 1550 1615 222 1614
t 371 1510 186 2108
t 186 1661 371 1598
t 2015 2846 1003 2076
t 1725 2015 2076 2846
t 1718 1651 296 265
t 1718 265 296 1792
t 1718 1792 346 265
t 1546 1541 2668 105
t 1546 1541 2553 2668
t 2670 1454 1541 2548
t 2670 1454 105 1541
t 2014 1275 994 2659
t 2013 2650 883 994
t 2013 2659 2650 994
t 2014 994 2650 2659
t 1765 1712 346 464
t 1765 2621 1712 464
t 1897 2635 687 793
t 1897 2643 2635 793
t 1806 2621 464 581
t 1806 2628 2621 581
t 1800 581 2621 2628
t 1948 2650 2643 793
t 1947 793 2643 2650
t 1170 18 1178 1441
t 1170 18 2732 1178
t 2732 18 1949 1178
t 1178 18 2617 1441
t 1949 18 2617 1178
t 372 1729 209 379
t 209 1729 372 453
t 378 1441 18 209
t 378 209 18 1729
t 1170 209 1441 995
t 378 995 1441 209
t 1110 209 995 378
t 1475 1494 1730 1255
t 1494 820 1730 1255
t 61 602 398 612
t 1597 398 612 61
t 1597 1594 398 61
t 1959 818 1442 2662
t 1959 818 1517 1442
t 1576 2525 1839 1528
t 1576 1478 1839 2525
t 1478 2747 1839 2525
t 2450 1282 1204 1205
t 2450 2505 1204 1282
t 1282 1205 2450 2707
t 1282 2450 2505 2707
t 1618 2600 145 1450
t 1618 1628 145 2600
t 2133 1792 1449 30
t 2133 1245 1449 1792
t 628 542 730 713
t 628 713 730 1601
t 394 516 387 1769
t 394 516 506 387
t 1769 1845 516 387
t 1845 620 516 387
t 387 620 516 506
t 1861 393 1482 1898
t 392 1164 1958 1913
t 392 2716 1164 1913
t 428 1844 677 2634
t 874 1949 1950 2649
t 455 1955 2620 1763
t 1953 51 1954 2533
t 571 1952 2627 1955
t 1952 1951 677 2634
t 1204 2450 2414 2505
t 1961 1960 1477 1574
t 1961 568 1964 2625
t 449 1965 1964 1572
t 1477 1963 1969 1574
t 330 1688 1965 2609
t 1190 411 2703 1970
t 1180 1570 1970 1968
t 1579 436 1968 1555
t 1151 2282 2690 1972
t 2626 436 2690 2282
t 2282 2690 2626 1151
t 1140 1979 1972 1556
t 243 1628 2604 1978
t 1211 2715 2784 1511
t 217 1826 2692 398
t 376 2692 154 398
t 376 2692 398 217
t 217 1826 265 2692
t 1826 602 265 2692
t 1182 1445 2393 2359
t 2737 1598 186 371
t 1478 1732 1576 2622
t 2990 983 1218 1497
t 2990 983 1497 2835
t 2835 1497 2990 1150
t 1497 1218 2990 1150
t 357 1869 1824 1554
t 2688 2010 1819 1425
t 244 1257 1226 409
t 1960 1963 1477 1574
t 781 1477 1960 1963
t 1961 1574 1477 1969
t 1477 568 1961 1969
t 217 2606 2590 256
t 411 2694 1190 805
t 1182 2359 381 1445
t 381 1172 1182 1680
t 1182 2387 381 1680
t 821 1164 454 2716
t 2716 821 2440 675
t 2716 821 675 711
t 821 454 711 2716
t 1131 2734 2716 392
t 386 219 1818 2734
t 2699 1818 386 219
t 452 219 387 382
t 387 382 219 506
t 382 506 495 219
t 454 2582 1164 821
t 711 2582 454 821
t 2638 780 781 2074
t 1589 2074 486 1201
t 220 493 360 1361
t 359 220 1361 493
t 220 493 482 360
t 1506 220 493 482
t 493 1506 359 220
t 820 1730 2660 21
t 1096 132 1766 1100
t 2694 1200 1190 805
t 630 516 1845 620
t 630 620 1845 370
t 945 485 956 1496
t 818 2712 1517 946
t 453 1726 365 2666
t 39 48 1213 2615
t 1199 2433 1568 2431
t 1678 2408 2371 1568
t 2371 1678 1179 2408
t 2371 1179 1570 2408
t 2367 1569 1186 2402
t 2367 1186 1571 2402
t 1678 2694 1568 2433
t 2842 2891 2342 2371
t 2371 2842 2891 1570
t 2311 983 2892 1566
t 2311 983 2835 2892
t 2835 2892 2857 2311
t 2836 2893 2858 2278
t 2278 2836 2893 2282
t 2367 1571 2834 2894
t 2834 2894 2856 2367
t 2841 2895 2370 2404
t 2404 2841 2895 1568
t 686 579 2919 685
t 1805 579 686 685
t 82 193 2322 194
t 555 556 3050 568
t 448 2038 567 1791
t 1791 2038 567 568
t 116 2104 2353 216
t 3059 244 2104 1536
t 3059 216 2104 244
t 103 2104 1536 2361
t 882 994 993 889
t 994 2009 882 993
t 1652 1150 1149 1044
t 1085 2039 2902 1199
t 2039 1199 1200 2902
t 168 268 179 2896
t 168 2896 2898 268
t 2896 2132 261 2898
t 2896 261 2132 269
t 2038 567 568 555
t 555 3050 567 568
t 2897 204 1535 513
t 2897 204 513 286
t 1632 286 204 2897
t 443 561 562 2901
t 549 1351 561 562
t 2901 561 562 549
t 1431 3109 60 615
t 3109 173 59 60
t 3109 60 615 173
t 158 268 168 2898
t 2898 250 2277 261
t 906 2068 917 907
t 906 907 2126 1023
t 907 2115 1013 2126
t 907 1013 2115 1024
t 906 917 2068 2267
t 907 1024 1023 2068
t 44 2248 54 2114
t 45 54 2114 44
t 55 45 54 2114
t 1714 310 230 2899
t 1714 2097 2899 230
t 2347 604 613 614
t 1090 2040 2110 1208
t 1082 2042 2040 1195
t 1183 1195 1194 2042
t 1095 967 1086 390
t 1222 1095 967 1086
t 1056 1690 2705 644
t 644 1681 1179 2705
t 1035 2908 2171 1151
t 1139 1150 1140 2836
t 2836 1151 1150 1140
t 1652 1149 1150 1138
t 1138 1149 1150 2858
t 1013 1003 2909 1014
t 1013 2910 2115 1129
t 1129 1118 2910 1128
t 1530 508 213 1535
t 110 2102 1530 111
t 2102 1530 213 1535
t 585 691 595 586
t 586 681 691 692
t 586 692 691 595
t 1008 2911 2117 1124
t 1113 1123 1114 2780
t 2780 1124 1123 1114
t 135 2092 144 2091
t 136 144 2091 135
t 145 136 144 2091
t 977 2061 1094 1095
t 1085 2039 1094 2061
t 2061 1094 1095 2039
t 427 554 1580 2900
t 427 2900 544 554
t 2900 544 554 555
t 1081 2040 2042 1194
t 2040 2042 1194 1195
t 433 549 442 2901
t 433 2901 2905 549
t 2901 2143 541 2905
t 2901 541 2143 550
t 433 2901 442 443
t 2916 442 443 433
t 1075 1199 1085 2902
t 2902 1678 1188 1199
t 1075 2902 1085 1076
t 1076 1085 1086 2902
t 2903 1217 480 2657
t 1264 437 2041 544
t 2257 1264 2041 544
t 962 2063 971 1082
t 1070 1183 1081 2042
t 2063 1081 1082 2042
t 2063 1081 2042 1070
t 1264 437 438 2041
t 2917 1264 437 438
t 2904 2900 1580 437
t 2904 437 544 2900
t 2721 1580 437 2904
t 1061 1173 1070 1174
t 2047 1061 1174 1173
t 2047 1165 1173 1174
t 127 2899 135 136
t 1491 135 136 127
t 423 540 433 2905
t 2905 530 529 541
t 423 2905 433 424
t 424 433 434 2901
t 2065 1066 644 1169
t 945 2065 2264 1690
t 1055 1169 1066 2065
t 2065 1066 1690 644
t 126 2351 134 2097
t 2864 134 2097 126
t 135 2864 134 2097
t 940 2066 1061 1062
t 1050 2047 1061 2066
t 2066 1061 1062 2047
t 1629 617 2906 1368
t 1882 2906 617 1383
t 2150 1629 617 2906
t 2150 2906 617 1882
t 935 2064 1046 502
t 935 1046 2064 1057
t 1046 1056 1057 2043
t 1218 2043 1056 1046
t 502 1056 1046 1527
t 1527 1218 1056 1046
t 1039 1155 1050 1040
t 1039 1040 2907 1155
t 1040 1155 1145 2907
t 1040 1145 1155 1156
t 932 2067 2066 1051
t 409 410 400 524
t 419 2754 410 409
t 400 409 524 1879
t 409 1220 1216 524
t 1879 409 524 1220
t 2754 1216 524 409
t 230 2899 310 318
t 230 318 2080 2899
t 230 318 2721 2080
t 1029 2355 1039 2907
t 1018 1144 2949 2907
t 2907 1134 1144 1145
t 761 648 1591 357
t 1024 1150 1034 2908
t 1024 2908 1014 1139
t 1024 2908 1034 1035
t 1139 1023 1652 1138
t 2115 1139 1138 1023
t 1024 2068 1034 1652
t 1050 1051 1040 1239
t 1018 2907 2069 1019
t 1018 1134 2117 1133
t 1134 2804 1124 2117
t 913 2069 2200 1030
t 1029 1030 2069 2907
t 1018 1134 2907 1019
t 1351 2922 658 652
t 652 658 653 2922
t 760 652 658 653
t 2143 658 652 1351
t 2143 760 652 658
t 1013 1139 1024 1014
t 1013 1014 2909 1129
t 1014 1129 1120 2909
t 1014 1120 1129 1130
t 295 409 2129 410
t 1012 1128 1023 2115
t 1012 2115 2910 1128
t 2115 2910 1128 1129
t 314 306 2128 315
t 1007 2307 1018 2117
t 1007 2117 2911 1123
t 2117 2911 1123 1124
t 1002 1129 1013 2909
t 2909 1109 1108 1120
t 1001 1128 1012 2910
t 2910 1108 1802 1119
t 897 2070 2126 1013
t 1001 2910 1012 1002
t 1002 1012 1013 2910
t 384 498 488 497
t 498 384 624 497
t 996 2120 1007 2911
t 2911 1103 1102 1114
t 892 2071 2127 1008
t 996 2911 1007 997
t 997 1007 1008 2911
t 226 323 236 2916
t 2096 236 237 2916
t 2096 236 2916 226
t 108 1673 1447 1427
t 1090 1089 1082 971
t 971 1090 1089 2031
t 705 1046 502 2912
t 833 1241 2912 1219
t 232 1223 2912 502
t 1241 1223 2912 1219
t 1517 1439 977 1222
t 977 1222 1095 1517
t 2061 1095 977 1222
t 2061 1222 2062 1086
t 2061 2062 1085 1086
t 2134 2903 368 369
t 2134 369 1354 2903
t 3063 2061 977 1222
t 3063 976 977 2061
t 961 971 2063 1081
t 971 2063 1081 1082
t 351 459 2298 468
t 351 363 2060 467
t 351 468 467 2060
t 269 2132 363 364
t 2132 363 364 2060
t 2132 363 2060 351
t 955 2062 966 1222
t 955 2062 1075 966
t 1693 956 955 862
t 950 2123 961 2913
t 950 2913 3097 1070
t 2913 961 2063 2123
t 1070 2063 1071 2042
t 519 2201 2068 1652
t 2201 1652 1034 2068
t 944 1066 955 2264
t 944 2264 2065 1066
t 2264 2065 1066 1690
t 2906 2138 715 22
t 1368 2906 22 2138
t 939 3097 940 1061
t 3097 940 1061 1062
t 345 463 462 1354
t 1711 344 345 462
t 463 1711 345 462
t 2064 1056 1046 502
t 2064 1046 1056 1057
t 339 459 458 351
t 459 1756 339 458
t 931 2066 2067 1050
t 2066 2067 1050 1051
t 931 2066 939 2271
t 2271 939 940 2066
t 104 2104 116 2100
t 2865 116 2100 104
t 117 2865 116 2100
t 2866 115 2104 103
t 116 2866 115 2104
t 918 705 1035 1034
t 216 303 310 222
t 216 303 222 1509
t 1509 303 295 216
t 912 2363 923 2200
t 912 2200 2069 1029
t 2200 2069 1029 1030
t 907 918 1035 2068
t 907 1025 1024 1035
t 901 1018 912 2069
t 2127 1008 2117 1019
t 2127 901 2069 1018
t 2127 1019 1018 2069
t 98 2262 110 2102
t 1452 110 2102 98
t 111 1452 110 2102
t 896 2126 2070 1012
t 2126 2070 1012 1013
t 1507 1488 144 2748
t 1399 2127 2071 1007
t 1399 1007 2723 2127
t 2127 2071 1007 1008
t 2914 751 27 648
t 688 27 648 2914
t 1220 2914 648 225
t 688 1220 2914 648
t 889 994 1002 1003
t 810 897 898 889
t 888 1001 896 2070
t 2105 993 1001 1002
t 2105 888 2070 1001
t 2105 1002 1001 2070
t 2867 104 2106 93
t 105 2867 104 2106
t 2107 103 104 2104
t 2794 103 2107 92
t 104 2794 103 2107
t 243 2782 2915 2078
t 243 2915 2782 330
t 2078 329 2915 318
t 437 2038 2041 555
t 544 599 555 2041
t 2041 555 556 599
t 2051 1692 1292 2905
t 2051 530 2905 1292
t 2074 3063 1439 1222
t 781 2074 1934 1439
t 863 1222 3063 2074
t 231 2917 2078 319
t 2060 468 595 476
t 2060 1610 476 595
t 775 1922 869 2075
t 2075 868 869 858
t 87 2897 98 99
t 766 2918 2075 859
t 1034 1150 1527 2171
t 1034 2171 2908 1150
t 2171 2908 1150 1151
t 569 847 2762 842
t 569 847 842 647
t 647 1333 847 842
t 2762 847 1223 842
t 579 696 1369 2919
t 685 696 2919 2926
t 600 707 2036 2288
t 2919 2036 697 2926
t 2288 2919 696 2036
t 722 2222 2920 504
t 722 2920 2222 827
t 504 826 2920 1529
t 504 826 1529 817
t 720 504 817 826
t 720 2769 826 817
t 1705 1267 2918 2281
t 1705 852 2281 2918
t 717 2225 2921 507
t 717 2921 2225 824
t 507 2429 823 2921
t 709 708 810 2925
t 2925 809 810 802
t 708 2138 809 2926
t 2926 808 809 801
t 2722 280 284 629
t 1215 280 284 2722
t 2035 284 280 1312
t 2035 1215 280 284
t 2264 2062 1075 955
t 2264 1076 1075 2062
t 595 692 702 515
t 780 1934 2074 3063
t 1934 2074 3063 1439
t 779 3063 862 873
t 779 3063 873 1927
t 363 2121 2060 1610
t 2121 1610 476 2060
t 2922 2075 2918 858
t 2075 2918 858 859
t 2922 2075 774 2927
t 2927 774 775 2075
t 260 2332 268 2132
t 2898 268 2132 260
t 2896 268 2132 2898
t 2896 2132 268 269
t 65 76 77 180
t 65 76 180 179
t 77 2793 76 65
t 2692 980 264 256
t 256 1642 376 2692
t 1642 2692 256 980
t 698 590 2085 697
t 2931 698 697 590
t 2933 2923 739 1346
t 2902 1678 1199 1200
t 2222 826 2920 504
t 2222 2920 705 827
t 2383 2225 507 823
t 2225 823 2921 507
t 2225 2921 823 824
t 1203 2430 810 708
t 504 819 722 1462
t 1203 1907 810 2430
t 1203 819 504 1462
t 2138 1529 817 504
t 2138 720 504 817
t 636 1462 504 722
t 2905 549 2143 540
t 2901 549 2143 2905
t 2901 2143 549 550
t 708 809 810 2925
t 2924 1103 1102 2911
t 707 2138 2926 808
t 2138 808 809 2926
t 697 809 708 2925
t 2925 793 2375 803
t 601 2085 1604 709
t 697 2925 708 2085
t 2085 708 709 2925
t 696 808 707 2926
t 2926 792 2376 802
t 696 2926 707 2036
t 2036 707 708 2926
t 242 2782 2078 329
t 2782 329 2915 2078
t 2782 2915 329 330
t 797 787 2377 1533
t 236 324 2916 323
t 236 324 1745 1684
t 2899 2078 2917 318
t 2078 2917 2915 319
t 2899 2078 2080 2091
t 2091 242 243 2078
t 230 2080 241 2092
t 2092 241 242 2080
t 590 1604 2085 2036
t 1604 2085 708 709
t 591 2151 601 2085
t 2151 601 2085 1604
t 1094 2039 1212 402
t 600 2036 1604 11
t 600 11 2919 2036
t 1369 2919 600 11
t 666 2927 774 1872
t 1872 2927 774 775
t 923 1039 931 2067
t 2272 931 932 2067
t 2272 931 2067 923
t 731 826 503 833
t 2222 827 705 833
t 2036 708 22 1604
t 2149 1534 717 2225
t 2149 727 633 512
t 622 727 633 2149
t 2149 512 1534 727
t 134 2350 143 2092
t 144 143 2092 134
t 179 275 190 180
t 2146 633 642 643
t 621 2146 643 633
t 179 180 2896 275
t 180 2954 269 2896
t 180 269 2954 276
t 180 276 190 1386
t 2225 1534 1657 2077
t 2225 1657 1259 2077
t 1089 2110 2040 1207
t 2110 2040 1207 1208
t 55 2114 2280 169
t 158 2898 168 2114
t 2114 168 169 2898
t 746 2281 3083 3098
t 842 944 2065 1332
t 842 1223 1332 2065
t 884 1703 2274 2071
t 1703 2274 2071 1399
t 720 617 1383 1381
t 2792 1481 1480 2928
t 2928 1672 1480 2792
t 2790 2929 2180 2211
t 2211 2790 2929 2213
t 2791 1502 2570 1480
t 1138 2251 2858 2249
t 2909 1108 1119 1120
t 2173 1120 1119 1108
t 2222 705 826 833
t 232 705 1527 502
t 232 705 502 2912
t 505 590 1369 11
t 590 2919 579 1369
t 1507 1487 143 1488
t 35 2388 44 2145
t 2808 35 2145 149
t 150 2808 2145 149
t 2811 1724 1350 1349
t 93 2320 1630 2106
t 2320 1630 2106 494
t 2930 1381 1665 8
t 1383 2930 8 1381
t 115 2572 126 2353
t 2104 115 2353 3059
t 2353 2104 3059 216
t 44 158 2114 2145
t 2145 150 158 159
t 2145 159 158 2114
t 143 2092 241 1626
t 1626 2092 241 242
t 458 2455 467 2298
t 351 467 2298 458
t 351 2298 467 468
t 686 792 697 2931
t 2931 697 698 2925
t 2931 697 2925 792
t 2911 1102 1113 1114
t 138 2096 236 1621
t 1621 139 2096 1622
t 134 230 2092 2097
t 2097 2899 230 2092
t 232 1527 2201 502
t 232 1396 502 2201
t 126 1400 2097 2353
t 2353 1714 1400 2097
t 116 2353 127 2352
t 116 2352 2100 216
t 2100 1508 216 1509
t 1509 216 2100 2352
t 1272 111 1530 213
t 111 1272 122 2543
t 111 2102 1530 213
t 2800 1452 1448 2932
t 2932 1538 1448 2800
t 344 345 356 2276
t 345 356 2134 1354
t 2276 356 2134 345
t 261 2277 2132 352
t 104 210 2100 2106
t 2106 210 2100 1508
t 2106 494 210 1508
t 2107 210 1536 2104
t 2107 2104 104 210
t 462 471 1354 505
t 98 204 2102 2897
t 2897 1535 204 2102
t 87 2328 1632 2897
t 2328 2897 199 1632
t 802 888 809 889
t 881 992 888 2376
t 2376 888 889 2105
t 2376 888 2105 992
t 2092 2091 242 1627
t 1627 2091 242 243
t 803 889 810 890
t 81 2549 92 2322
t 76 2470 87 2328
t 76 77 180 190
t 2328 77 190 199
t 792 2376 802 2375
t 2925 802 2375 792
t 2925 2375 802 803
t 791 2583 801 2376
t 2926 801 2376 791
t 2926 2376 801 802
t 2377 2274 797 1533
t 1401 1374 2803 1402
t 2803 1402 1374 1606
t 69 184 81 70
t 70 81 193 184
t 70 185 184 193
t 2933 2756 1381 2923
t 225 637 2914 2933
t 2756 2923 2933 1346
t 2280 169 2896 180
t 2280 65 180 179
t 249 2434 260 2277
t 2898 260 2277 249
t 2898 2277 2132 261
t 619 1220 2147 225
t 2496 3 2665 1258
t 2500 6 2632 1942
t 619 28 1776 732
t 54 2436 65 2280
t 54 2280 2114 168
t 2280 2114 168 169
t 1284 33 1286 2507
t 2910 1118 1802 1107
t 2910 1802 1118 1119
t 468 585 595 586
t 574 680 585 2298
t 2298 585 586 680
t 127 2352 1714 2899
t 2352 1714 2899 222
t 395 2297 2151 591
t 580 686 590 2297
t 2297 590 591 2931
t 1285 34 1289 2509
t 2297 590 2931 686
t 2756 1220 8 225
t 1665 1381 2756 8
t 2756 8 1381 2923
t 1288 35 1291 2510
t 2756 225 8 1346
t 1381 2923 731 1379
t 35 2145 44 2809
t 2809 44 45 2145
t 1290 36 1296 2512
t 2348 604 515 595
t 2348 604 1224 515
t 178 274 189 2934
t 178 2934 2950 274
t 2934 2480 268 2950
t 2934 268 2480 275
t 2934 189 275 274
t 931 2124 2935 2938
t 931 2935 2124 1050
t 1038 1154 1049 2935
t 2935 1049 1050 2947
t 2935 1049 2947 1154
t 2938 1049 2935 1038
t 1295 1298 2515 37
t 584 594 595 691
t 708 22 715 2138
t 76 2275 2470 190
t 178 2934 189 2275
t 2275 189 190 275
t 2275 189 275 2934
t 2117 1133 2804 1123
t 1134 1133 2804 2117
t 1297 38 1301 2518
t 2917 437 2915 438
t 2917 318 2915 437
t 173 184 185 280
t 173 602 1253 185
t 173 1253 280 185
t 60 173 184 185
t 70 60 184 185
t 43 2339 53 2248
t 1300 39 1307 2520
t 54 53 2248 43
t 713 2120 1006 1007
t 713 1006 2120 1601
t 442 560 2344 2944
t 442 2344 1780 561
t 548 2395 560 2344
t 2944 560 2344 548
t 350 458 2455 467
t 1306 1526 1309 2523
t 350 362 467 2960
t 622 716 2383 727
t 622 632 735 726
t 622 727 726 735
t 157 259 167 2936
t 2936 249 2434 260
t 2936 167 2950 259
t 2936 260 259 2950
t 2903 493 2657 1393
t 54 2248 2436 168
t 157 2936 167 2248
t 2248 167 2436 2950
t 2248 167 2950 2936
t 2778 2937 2236 2266
t 2266 2778 2937 2268
t 922 2199 930 2938
t 482 1506 1604 493
t 482 1604 2657 493
t 1193 1206 2942 1807
t 1807 1207 1206 2942
t 244 408 609 2426
t 2825 1285 33 34
t 2825 1289 1285 34
t 447 1580 437 2721
t 2817 1288 34 35
t 2817 1291 1288 35
t 363 467 2951 1610
t 474 2349 3030 594
t 2960 584 3030 2349
t 467 474 1610 2349
t 2809 1290 35 36
t 2809 1296 1290 36
t 1128 1138 2115 2230
t 2230 1139 1138 2115
t 2821 1295 36 37
t 2821 1298 1295 37
t 1007 2120 2307 1123
t 1112 3007 2120 2781
t 2781 1123 3007 2120
t 549 3072 1351 2345
t 651 757 657 2939
t 2823 1297 37 38
t 2823 1301 1297 38
t 657 2139 2131 2939
t 657 2939 757 2139
t 2345 2939 3072 1351
t 3072 2131 2939 657
t 2345 657 2939 651
t 2752 2940 982 2359
t 2815 1300 38 39
t 2815 1307 1300 39
t 1045 2940 1595 2359
t 2940 1173 982 2359
t 1173 2940 1045 2359
t 1307 1306 39 1213
t 1904 1309 1306 1213
t 2365 1808 1174 2941
t 2365 1174 982 2941
t 2811 1724 3107 40
t 70 2285 981 61
t 70 61 60 2285
t 981 1248 70 61
t 1248 70 61 60
t 1088 2942 1206 2109
t 1207 2109 1206 2942
t 1080 1193 1088 2943
t 1080 2943 2945 1193
t 2943 1193 1183 2945
t 2943 1183 1193 1194
t 2943 1088 2942 1193
t 2943 1194 1193 2942
t 1080 2943 1088 2122
t 2122 1088 1089 2942
t 2122 1088 2942 2943
t 432 548 441 2944
t 432 2944 2946 548
t 2944 2345 540 2946
t 2944 540 2345 549
t 33 1318 41 32
t 1069 2162 1080 2945
t 2945 1173 1689 1183
t 1337 2872 1336 42
t 961 2123 2122 1081
t 52 1336 41 42
t 1069 2945 1080 1070
t 1070 1080 1081 2945
t 1590 414 404 517
t 414 404 517 2116
t 404 2116 518 517
t 1641 255 404 517
t 255 1590 404 517
t 422 548 432 2946
t 1338 2876 2825 43
t 2946 529 528 540
t 53 1337 42 43
t 1049 1163 1060 2947
t 2947 1155 1163 1239
t 912 2363 2948 2953
t 912 2948 2363 1029
t 1017 3003 1028 2948
t 43 2876 2825 34
t 1340 2873 2817 44
t 2948 1028 1029 2949
t 2948 1028 2949 3003
t 2953 1028 2948 1017
t 1038 1154 2935 2355
t 54 1338 43 44
t 2355 2935 2947 1154
t 2355 1155 1154 2947
t 1060 1061 2947 1689
t 1061 1689 1173 2947
t 1028 2949 1143 2355
t 2949 1133 2779 1144
t 1028 2415 2355 1143
t 2949 1144 1143 2355
t 2280 179 2896 168
t 44 2873 2817 35
t 2280 2896 179 180
t 167 267 178 2950
t 2950 260 2332 268
t 594 701 2389 712
t 595 691 701 702
t 1017 3003 2948 2307
t 45 2875 2809 36
t 45 1341 2809 2875
t 1342 2874 2821 46
t 2307 2948 2949 3003
t 2307 1133 3003 2949
t 1014 1024 1025 2908
t 907 1024 1014 1013
t 907 1014 1024 1025
t 2821 2446 37 36
t 2127 1018 2117 1007
t 2127 2117 1018 1019
t 1006 3007 1017 2307
t 1006 2307 2120 3007
t 46 2821 2446 37
t 46 2874 2821 37
t 1343 2878 2823 47
t 2307 2120 3007 1123
t 986 2309 1601 2259
t 1601 1112 2120 2259
t 2259 1113 1112 2120
t 375 496 283 384
t 375 384 627 496
t 2823 2444 38 37
t 384 2347 487 627
t 384 487 2347 497
t 255 384 496 1641
t 384 1641 497 496
t 283 496 255 384
t 283 275 375 384
t 47 2823 2444 38
t 47 2878 2823 38
t 275 1613 375 384
t 1613 375 384 627
t 106 1294 244 1257
t 106 389 1294 1257
t 58 1343 47 48
t 2949 1143 2779 3003
t 2949 2779 1143 1144
t 362 474 375 2951
t 362 2951 467 474
t 2951 375 627 474
t 2951 2498 474 627
t 2951 1610 474 2498
t 2951 467 474 1610
t 48 1345 2815 39
t 1315 1904 49 1213
t 1315 1904 1347 49
t 970 2122 1088 1996
t 1996 2122 1088 1089
t 960 2181 970 2122
t 960 2122 2123 1080
t 3109 1345 49 1347
t 3109 1345 48 49
t 2122 2123 1080 1081
t 1345 48 1213 39
t 2332 362 363 467
t 2332 362 467 350
t 49 1345 48 1213
t 49 1904 1345 1213
t 49 1347 1345 1904
t 19 1431 1367 60
t 938 1060 949 2952
t 938 2952 2124 1060
t 2952 1060 1050 2124
t 2952 1050 1060 1061
t 930 2195 938 2124
t 930 2124 2938 1049
t 2124 1049 2935 2938
t 2124 2935 1049 1050
t 922 1038 2938 2363
t 2363 1039 1038 2938
t 911 2363 2953 1028
t 2363 1028 2948 2953
t 2363 2948 1028 1029
t 1250 2811 1350 40
t 900 2204 911 2953
t 900 2953 2316 1017
t 1018 2307 1007 2316
t 900 2953 911 901
t 901 911 912 2953
t 897 1013 907 898
t 896 2126 906 2432
t 2432 906 907 2126
t 97 2313 109 2262
t 2800 109 2262 97
t 110 2800 109 2262
t 329 330 2915 448
t 329 330 448 1694
t 328 329 447 1750
t 1750 329 447 448
t 323 324 2916 442
t 324 442 443 2916
t 323 324 442 1745
t 1745 324 442 443
t 2775 986 2259 1101
t 1102 2775 2259 1101
t 1610 2498 487 2348
t 2121 2348 487 488
t 2121 487 2348 1610
t 314 433 2916 2128
t 2128 434 433 2916
t 310 427 1221 1419
t 310 2904 427 2721
t 310 1221 427 2904
t 774 1921 868 2135
t 2135 867 868 960
t 305 423 2128 699
t 699 424 423 2128
t 2648 313 314 1420
t 2922 851 2135 858
t 53 2339 43 42
t 338 458 457 350
t 458 1755 338 457
t 1228 97 2270 86
t 98 1228 97 2270
t 651 757 2939 2412
t 2939 2412 757 2139
t 2412 2139 1319 757
t 210 295 409 1365
t 54 2248 44 43
t 2116 414 1692 2946
t 2116 529 2946 1692
t 508 404 699 292
t 292 404 405 1653
t 292 405 404 699
t 286 404 508 292
t 746 1305 2136 846
t 846 2427 1305 2136
t 275 1613 1612 2954
t 275 2130 1612 1613
t 930 2124 938 2427
t 2427 938 939 2124
t 280 389 1312 284
t 280 284 629 389
t 507 2921 901 2429
t 1362 47 1360 57
t 507 2429 822 823
t 808 2432 2138 809
t 808 2432 2596 817
t 809 2432 2138 1529
t 2138 817 2432 808
t 2138 817 1529 2432
t 2333 712 1254 507
t 1262 2407 496 2347
t 627 496 2347 1262
t 384 496 2347 627
t 384 2347 496 497
t 268 1613 275 2954
t 268 2954 269 363
t 2954 269 363 364
t 3110 1362 58 1364
t 3110 1362 57 58
t 2896 275 2954 268
t 180 275 2954 2896
t 180 2954 275 276
t 58 2334 48 47
t 263 2134 2276 356
t 1367 3109 1364 59
t 765 2135 851 960
t 2135 851 960 858
t 260 2132 2277 351
t 2132 2277 351 352
t 765 2135 773 2131
t 2131 773 774 2135
t 3109 2386 49 48
t 259 2381 267 2332
t 2950 267 2332 259
t 2950 2332 2480 268
t 641 745 651 2412
t 2412 641 745 746
t 603 712 613 604
t 69 1367 59 60
t 604 613 716 712
t 2347 613 604 603
t 2803 75 2275 64
t 76 2803 75 2275
t 980 345 264 346
t 1699 249 2277 339
t 1350 2811 1597 40
t 340 1699 2277 339
t 726 830 735 2137
t 1350 61 1248 2854
t 726 2383 830 2137
t 2383 1276 823 822
t 2383 2137 1276 830
t 2126 1023 2115 1012
t 907 1023 2115 2126
t 907 2115 1023 1024
t 1597 2811 612 40
t 2383 507 822 823
t 1378 2383 507 822
t 1363 702 796 1261
t 2801 875 730 986
t 2801 987 986 730
t 691 786 2527 797
t 1353 1352 62 51
t 1373 1353 1372 63
t 2796 1372 62 63
t 1353 2495 52 51
t 195 226 2648 313
t 63 1353 2495 52
t 1374 1355 1373 64
t 195 313 2767 226
t 226 313 314 2648
t 2819 1373 63 64
t 665 2131 773 1871
t 1355 2494 53 52
t 1871 2131 773 774
t 573 680 679 584
t 680 1846 573 679
t 64 1355 2494 53
t 2349 594 595 584
t 2803 1374 64 65
t 529 2346 2561 642
t 1356 2436 54 53
t 1243 837 2137 2136
t 65 1356 2436 54
t 1506 610 611 1604
t 244 409 1226 1225
t 210 409 244 1365
t 65 2280 55 54
t 1014 1139 1130 1129
t 2908 1139 1130 1014
t 2908 1130 1139 1140
t 1129 1139 1130 2254
t 517 2399 528 2346
t 2116 528 2346 517
t 2116 2346 528 529
t 1403 1377 66 67
t 264 2133 1245 2134
t 613 712 1378 716
t 1045 1173 1163 1239
t 2947 1689 1173 1163
t 2947 1239 1163 1173
t 1163 1689 1173 2359
t 1045 1163 1173 2359
t 79 1380 68 1382
t 79 1380 67 68
t 1604 715 709 708
t 110 2262 2763 1530
t 203 291 212 2262
t 2262 212 1530 508
t 2262 212 508 291
t 1045 2330 2295 1595
t 2295 1045 1155 2330
t 2295 1155 1668 2330
t 68 1382 1380 57
t 2946 548 2345 539
t 2944 548 2345 2946
t 2944 2345 3072 549
t 80 1382 3110 1385
t 80 1382 68 3110
t 2780 2955 2179 2210
t 2210 2780 2955 2211
t 1009 3010 2356 1125
t 1114 1124 1115 2790
t 2790 1125 1124 1115
t 593 700 2389 3044
t 3110 2481 58 57
t 3044 701 700 2389
t 229 326 239 2956
t 229 2956 3040 317
t 2956 317 309 3040
t 2956 309 317 1588
t 2956 1588 317 327
t 1685 240 326 327
t 1387 1366 1385 69
t 80 1385 3110 69
t 2740 1489 2957 2052
t 2862 2052 2957 1489
t 2862 2052 2738 2957
t 912 2200 923 2475
t 2475 923 924 2200
t 1390 1367 1387 70
t 75 188 2517 189
t 177 273 188 2958
t 2958 188 189 273
t 160 262 170 2959
t 2959 170 2971 262
t 177 273 2958 178
t 177 178 3024 273
t 178 2528 267 3024
t 178 267 2528 274
t 178 2958 189 273
t 178 274 273 189
t 362 2360 2960 349
t 70 1367 69 60
t 362 2960 2360 474
t 1370 981 332 61
t 466 583 473 2960
t 2960 593 474 3030
t 349 473 2960 466
t 2960 593 3030 583
t 981 1248 61 1370
t 1216 544 2451 648
t 535 544 2451 1216
t 2451 2147 1216 648
t 301 2575 2961 609
t 301 2961 2575 418
t 2961 2575 418 2977
t 1583 520 417 2961
t 609 417 2961 1583
t 2961 417 2977 520
t 388 2175 499 1552
t 490 2405 499 2175
t 2175 499 1552 2405
t 188 282 197 189
t 1384 1311 283 189
t 207 294 215 2962
t 207 2962 525 294
t 2962 2994 288 525
t 2962 288 2994 609
t 2962 215 753 294
t 2767 224 235 3026
t 224 3026 234 235
t 1348 2767 224 235
t 354 461 2501 2987
t 354 366 2987 470
t 2796 1371 73 62
t 405 406 1577 1292
t 406 1292 621 1577
t 1398 2796 1397 74
t 577 588 2289 2305
t 577 1850 683 2289
t 684 1850 2289 683
t 2824 1397 73 74
t 2796 2331 63 62
t 171 278 182 2963
t 171 2963 2975 271
t 734 2217 835 2220
t 74 2796 2331 63
t 2220 834 835 828
t 2964 251 250 2974
t 196 2771 201 2965
t 196 2965 2448 285
t 2965 285 282 2448
t 2965 282 285 1413
t 2965 1413 285 290
t 639 743 649 2966
t 665 772 773 764
t 75 2819 63 64
t 75 1401 1398 2819
t 764 867 772 773
t 764 772 867 857
t 999 1116 1010 1000
t 1000 1106 1105 1117
t 1000 1010 3005 1116
t 1000 1117 1116 3005
t 180 2967 2995 276
t 522 17 2967 1314
t 2803 2275 65 64
t 1068 1680 3034 1079
t 1181 1192 3034 1680
t 76 2803 2275 65
t 3034 1191 1192 1181
t 656 2232 2968 2984
t 88 1402 76 77
t 656 2968 2232 764
t 755 848 763 2968
t 2968 763 764 3032
t 2968 763 3032 848
t 649 763 2968 755
t 735 2218 2969 734
t 735 2969 2218 836
t 734 2218 2969 835
t 77 2793 65 66
t 77 1403 2793 66
t 89 1403 78 1404
t 89 1403 77 78
t 2163 2152 1539 551
t 658 766 667 2970
t 658 2970 752 766
t 2970 667 668 775
t 2970 767 775 668
t 405 406 1653 509
t 78 1404 1403 67
t 2374 1653 405 406
t 90 1404 79 1405
t 90 1404 78 79
t 170 270 181 2971
t 2971 2959 2379 271
t 432 2972 3012 548
t 538 650 547 2972
t 2972 547 548 3022
t 2972 547 3022 650
t 2150 1629 22 2657
t 1393 2150 2657 1629
t 1407 1385 1405 80
t 963 1083 973 974
t 91 1405 79 80
t 871 973 974 963
t 80 2329 3110 68
t 953 2184 964 954
t 953 954 3016 1073
t 953 964 2184 2186
t 954 1074 1073 2184
t 915 1031 2418 1032
t 1020 1146 1031 2973
t 2880 1407 80 81
t 1008 2356 3010 1124
t 2356 3010 1124 1125
t 159 261 169 2974
t 2974 251 2485 262
t 2974 169 2995 261
t 2974 262 261 2995
t 2152 564 1539 2392
t 1409 70 1408 82
t 2152 2392 563 564
t 2152 523 1539 564
t 933 2191 941 1052
t 2472 941 942 933
t 2879 1408 81 82
t 933 1052 941 942
t 161 271 171 2975
t 431 547 440 3012
t 431 3012 2972 547
t 3012 2972 547 548
t 156 258 166 2976
t 2976 248 2487 259
t 2976 166 3024 258
t 2976 259 258 3024
t 417 532 426 2977
t 2977 521 2400 1551
t 2977 426 557 532
t 2977 1551 532 557
t 1506 611 610 129
t 1059 1172 1068 2978
t 1059 2978 1048 1172
t 2978 1172 1163 1048
t 2978 1163 1172 1689
t 315 307 425 316
t 2314 456 2506 466
t 348 465 2183 2314
t 2314 466 465 2183
t 374 375 382 274
t 283 274 382 375
t 659 767 668 2979
t 659 2979 736 767
t 2979 668 2985 767
t 2979 768 767 777
t 1800 463 2297 580
t 581 1800 2297 580
t 914 2419 2980 2992
t 914 2980 2419 1031
t 2824 1395 84 73
t 2069 1030 1019 2907
t 2980 1030 1031 1146
t 2980 1030 1146 1134
t 2992 1030 1019 2069
t 1412 2824 1411 85
t 196 2965 201 2317
t 2317 201 202 2965
t 2795 1411 84 85
t 592 2242 728 737
t 592 2214 737 728
t 728 2214 1246 592
t 2242 1320 728 737
t 2824 2521 74 73
t 52 156 165 166
t 156 165 166 2989
t 155 165 2989 257
t 85 2824 2521 74
t 361 2360 349 473
t 2360 473 2960 349
t 2360 2960 473 474
t 2818 1412 85 86
t 1080 2162 2156 1193
t 1398 2517 75 74
t 1680 1193 1192 2162
t 498 622 624 509
t 86 1398 2517 75
t 550 562 563 2394
t 550 562 2394 658
t 228 317 326 229
t 86 2470 76 75
t 228 238 326 325
t 2981 2536 478 3011
t 99 1415 88 1416
t 99 1415 87 88
t 2981 478 2536 490
t 1229 2981 489 2177
t 2981 2177 490 489
t 1233 489 1229 2981
t 1233 2981 3011 489
t 88 2328 77 76
t 229 2956 239 2299
t 100 1416 89 1417
t 3028 1416 88 89
t 1032 2973 2413 1147
t 1135 1147 1146 2973
t 89 199 78 77
t 91 1405 90 79
t 1418 1405 1417 90
t 1497 1161 1218 2171
t 2171 1161 1151 1497
t 101 1417 89 90
t 90 2513 79 78
t 497 498 488 614
t 498 614 1224 488
t 498 2652 614 623
t 498 1224 614 2652
t 147 146 2296 246
t 1421 2880 1418 91
t 247 147 2296 246
t 57 2337 2482 171
t 160 2959 170 2337
t 2337 170 2482 2971
t 2802 1418 90 91
t 2337 170 2971 2959
t 352 468 364 2982
t 2982 460 2503 469
t 364 2982 468 3013
t 2982 3013 469 468
t 91 2511 80 79
t 910 2422 1016 3021
t 910 1016 2422 1027
t 1015 1132 1026 1016
t 1016 1026 1027 1142
t 1016 1026 1142 1132
t 3021 1026 1016 1015
t 582 689 2141 2292
t 1422 2879 1421 92
t 2292 690 689 2141
t 2807 1421 91 92
t 1028 3003 2415 1143
t 990 1105 1104 999
t 2880 2549 81 80
t 1105 2056 990 1104
t 1059 2167 2458 1172
t 1162 1171 2167 2323
t 2323 1172 1171 2167
t 92 2880 2549 81
t 92 2879 2880 81
t 1423 82 1422 93
t 2794 1422 92 93
t 766 859 775 2983
t 2983 853 852 860
t 2983 775 860 859
t 547 655 656 2397
t 2879 2322 82 81
t 2397 2984 655 656
t 649 763 655 2984
t 2397 655 2984 649
t 529 2561 540 2452
t 529 2452 2146 642
t 2452 642 643 2146
t 93 2879 2322 82
t 1084 1578 2154 2158
t 2425 1210 2154 1578
t 2867 1423 94 2670
t 2867 1423 93 94
t 2154 1209 1210 2425
t 1091 2155 2111 1209
t 1394 551 1283 760
t 154 1640 1642 334
t 2706 1642 1640 334
t 2985 2979 767 777
t 668 2985 776 1874
t 1874 2985 776 777
t 924 2067 932 2986
t 924 2986 2419 1040
t 2986 1040 1031 2419
t 2986 1031 1040 1041
t 2986 932 2197 2067
t 2986 1041 1040 2197
t 1083 1196 1185 2997
t 1083 2997 2155 1196
t 2997 1195 1185 1184
t 1184 2423 1195 1185
t 2423 1196 1195 1185
t 948 2188 959 1069
t 948 1069 2463 1068
t 2795 1410 95 84
t 340 460 459 2982
t 460 1707 340 459
t 2261 1142 2233 2265
t 367 478 2362 479
t 470 588 478 2987
t 2987 478 479 1392
t 2795 2317 85 84
t 1093 2158 1210 1211
t 96 2795 2317 85
t 96 1428 1427 2795
t 1578 1211 1210 2158
t 467 468 2298 585
t 468 2298 585 586
t 1064 2164 3079 1176
t 1166 1175 2164 2856
t 2856 1176 1175 2164
t 1063 2165 2457 1175
t 2336 1175 1174 2165
t 2336 1165 2165 1174
t 934 1052 2988 3018
t 934 2988 1052 1053
t 1041 1157 1052 2988
t 2988 1166 1053 1158
t 2988 1166 1158 1157
t 3018 1052 2988 1041
t 165 266 176 2989
t 97 2818 85 86
t 2800 1538 97 98
t 2985 767 776 777
t 1054 2169 1064 1168
t 1228 2270 87 86
t 1158 1167 1159 1557
t 1557 1168 1167 1159
t 98 1228 2270 87
t 1044 1160 2990 1149
t 1044 2990 1160 1218
t 1149 1160 2990 2835
t 1452 1429 99 1432
t 1452 1429 98 99
t 237 325 324 1684
t 2162 1079 2156 1192
t 2156 2162 1192 1193
t 101 1417 100 89
t 1433 1417 1432 100
t 909 2422 3021 1026
t 2422 1026 1016 3021
t 2422 1016 1026 1027
t 747 2493 2215 1265
t 112 1432 99 100
t 2493 1265 1303 2215
t 903 1020 914 2973
t 915 914 2973 903
t 825 903 914 915
t 676 1376 734 2991
t 632 2991 2237 735
t 676 2991 2237 632
t 734 2991 1376 3086
t 825 913 2595 914
t 902 2069 913 2992
t 100 1416 3028 89
t 113 1433 100 101
t 2993 278 191 182
t 2993 1313 522 2390
t 2411 593 583 2141
t 593 1096 2141 2411
t 101 2326 90 89
t 1096 593 2141 1099
t 1438 2802 1435 102
t 587 693 597 2247
t 2305 683 693 694
t 2305 587 2247 693
t 2871 1435 101 102
t 2305 694 693 2247
t 1005 2174 2357 1122
t 2802 2324 91 90
t 1111 1122 1121 2174
t 1111 1110 2174 1121
t 903 1020 2973 2364
t 2364 1021 1020 2973
t 102 2802 2324 91
t 1440 2807 1438 103
t 904 915 3019 1021
t 904 1022 1021 3019
t 2870 1438 102 103
t 860 859 2469 852
t 2983 852 859 860
t 2807 3090 92 91
t 444 2152 563 1783
t 1783 2152 563 564
t 445 565 523 564
t 565 2391 553 523
t 445 565 564 1784
t 103 2807 3090 92
t 1443 2867 1440 104
t 2866 1440 103 104
t 1091 2154 1209 2112
t 2112 2154 1209 1210
t 2794 2107 93 92
t 605 2231 223 224
t 605 224 2724 2231
t 119 2724 605 224
t 104 2794 2107 93
t 104 2867 2794 93
t 2670 2867 105 94
t 2994 294 609 2372
t 1543 2372 294 2994
t 525 294 2994 1543
t 2962 294 2994 525
t 2962 2994 294 609
t 2865 1443 105 2668
t 2865 1443 104 105
t 659 2979 668 2392
t 2867 2106 94 93
t 2392 668 669 2985
t 2392 668 2985 2979
t 1090 2111 2155 1208
t 2111 2155 1208 1209
t 105 2867 2106 94
t 1084 2158 1074 1578
t 2158 1578 1198 1074
t 668 767 775 776
t 667 668 775 1873
t 1873 668 775 776
t 169 269 180 2995
t 2995 262 2380 270
t 1083 1091 1092 2154
t 1083 1091 2154 2155
t 1082 2155 2997 1195
t 1196 1195 1185 2997
t 2155 2997 1195 1196
t 475 229 141 2299
t 1427 2550 107 95
t 223 320 233 3027
t 223 3027 224 311
t 3027 311 312 224
t 1427 2315 96 95
t 430 558 439 440
t 430 547 538 546
t 108 1427 2315 96
t 430 547 558 440
t 3027 439 440 430
t 1073 1578 1084 1074
t 1074 1679 1177 1186
t 965 2184 975 3066
t 1073 1074 1084 2184
t 2184 1084 3066 1074
t 108 2313 97 96
t 1072 1185 1083 2996
t 1072 2996 3079 1185
t 2996 1083 3049 1185
t 2996 1186 1185 3049
t 1071 2042 1082 2997
t 1071 2997 2457 1184
t 100 2998 1535 206
t 2998 1535 206 513
t 85 96 97 197
t 97 2818 96 85
t 1067 1181 1078 3034
t 2458 1172 1171 1680
t 2458 1680 1181 3034
t 2458 1067 3034 1181
t 2800 2262 98 97
t 2913 1071 962 2999
t 2913 2999 2462 1071
t 2999 2457 1063 2462
t 2999 1063 2457 1072
t 2999 962 3014 1071
t 2999 1072 1071 3014
t 110 2800 2262 98
t 645 749 740 3000
t 3000 750 749 740
t 112 1432 1455 111
t 1432 99 1452 111
t 1064 1176 1073 1177
t 1177 1176 1168 1064
t 1063 1175 1072 3079
t 1063 3079 2164 1175
t 3079 2164 1175 1176
t 660 777 661 769
t 1452 2102 99 98
t 660 769 740 768
t 1062 1174 1071 2457
t 1062 2457 2165 1174
t 2457 2165 1174 1175
t 317 1244 426 3029
t 435 425 1394 2163
t 425 426 1394 2163
t 111 1452 2102 99
t 1455 1432 1452 111
t 3029 1244 426 425
t 424 541 434 2159
t 2832 1455 111 112
t 2459 424 2159 541
t 2459 1394 541 2159
t 316 425 2369 435
t 424 2159 434 425
t 425 434 435 2159
t 425 424 2159 2459
t 1058 2458 2167 1171
t 2458 2167 1171 1172
t 1457 2871 1456 113
t 2831 1456 112 113
t 420 546 430 538
t 1053 1064 2169 1167
t 113 2312 101 100
t 1064 2169 1167 1168
t 1458 2870 1457 114
t 420 538 430 431
t 762 430 431 420
t 2830 1457 113 114
t 1051 3001 1165 2165
t 3001 1157 2610 1166
t 1051 2047 2165 1165
t 3001 1166 1165 2165
t 941 2191 2462 1063
t 2871 2310 102 101
t 1051 3001 2165 1052
t 2191 1062 1063 2165
t 2191 1062 2165 1051
t 114 2871 2310 102
t 114 2870 2871 102
t 1459 2866 1458 115
t 1048 1154 2777 1163
t 938 2195 2463 1060
t 2881 1458 114 115
t 2195 1059 1060 1048
t 937 2194 2465 1059
t 1047 1162 1058 2167
t 2194 1058 1059 2167
t 2194 1058 2167 1047
t 2870 2361 103 102
t 2175 499 1654 388
t 723 1274 2175 388
t 723 1654 388 2175
t 960 1069 2181 1080
t 1068 2162 1079 1069
t 115 2870 2361 103
t 115 2866 2870 103
t 1460 2865 1459 116
t 1069 1079 1080 2162
t 2196 1053 2169 1042
t 2829 1459 115 116
t 2196 2169 1053 1054
t 658 2970 667 2394
t 2394 667 668 2970
t 2151 11 505 1217
t 2866 2104 104 103
t 2151 2297 505 590
t 2151 2297 590 591
t 406 531 1691 417
t 406 417 570 531
t 1691 2459 425 417
t 417 425 1394 2459
t 116 2866 2104 104
t 116 2865 2866 104
t 2668 2865 117 105
t 2668 1460 2673 117
t 417 532 531 1394
t 1042 1158 2169 3093
t 2828 1460 117 2673
t 2828 1460 116 117
t 3093 1159 1158 2169
t 1041 1157 2988 2413
t 2413 1147 2614 1158
t 2413 2988 1158 1157
t 2865 2100 105 104
t 1710 527 421 528
t 1710 528 517 527
t 1040 1156 1051 3001
t 1040 3001 1146 1156
t 117 2865 2100 105
t 3001 1146 1156 1157
t 3002 942 943 3016
t 3002 1054 3016 943
t 3080 2519 3002 1299
t 1235 1054 3002 1332
t 1037 1153 1048 1154
t 1037 1154 2415 1153
t 1154 2813 1143 2415
t 930 2199 2195 1049
t 1037 1038 1048 2199
t 2199 1048 1049 1038
t 1036 1142 1152 1153
t 928 2194 2198 1047
t 2198 1047 1048 1036
t 947 1067 958 2188
t 1463 2555 118 107
t 2465 1059 2458 1068
t 2465 947 2188 1067
t 2465 1068 1067 2188
t 3019 1042 1043 1032
t 1032 1147 3093 1148
t 1032 1148 3093 1033
t 3023 1137 1147 1148
t 1032 1042 3093 2413
t 1033 1137 3023 1148
t 1031 1146 1041 2413
t 1031 2413 2973 1146
t 2413 2973 1146 1147
t 1068 2162 2978 1680
t 2162 1680 1182 2978
t 1040 3001 1051 1041
t 1041 1051 1052 3001
t 119 1464 1463 108
t 1030 1145 1040 1146
t 1027 1142 1037 2415
t 1027 2415 3003 1142
t 2415 3003 1142 1143
t 1026 1152 1036 1142
t 2174 1111 1005 1231
t 2207 2174 1004 1005
t 2207 1005 1231 2174
t 1019 1134 2980 2356
t 2356 2980 1146 1134
t 2356 1135 1134 1146
t 245 517 1710 414
t 1424 1710 414 245
t 1590 517 245 414
t 1016 1142 1027 3003
t 1016 3003 3007 2806
t 1015 1132 1016 2357
t 2357 1016 1142 1132
t 2357 2806 1132 1142
t 47 2337 57 2334
t 1466 2827 1672 122
t 58 57 2334 47
t 396 510 406 3004
t 3004 499 1406 1639
t 3004 406 570 510
t 3004 520 510 570
t 3004 1639 510 520
t 640 756 650 745
t 640 745 2237 744
t 745 744 735 2237
t 1010 1126 1021 3005
t 3005 1117 1116 1127
t 1009 2356 1020 3006
t 1009 3006 3009 1125
t 3006 1125 1116 3009
t 3006 1116 1125 1126
t 2799 1466 123 1467
t 2799 1466 122 123
t 396 3004 406 2372
t 2372 406 1583 570
t 2372 406 570 3004
t 406 510 1653 509
t 2832 2543 112 111
t 1653 510 3008 509
t 1005 2357 1016 3007
t 123 2832 2543 112
t 123 1467 1466 2832
t 1004 2357 2174 1121
t 2357 2174 1121 1122
t 911 2204 2421 1028
t 2798 1467 124 1468
t 2798 1467 123 124
t 1016 3003 1027 1017
t 1017 1027 1028 3003
t 2831 3101 113 112
t 894 2364 3009 893
t 894 3009 2364 1010
t 998 1125 1009 3009
t 124 2831 3101 113
t 124 1468 1467 2831
t 1469 2881 1468 125
t 893 1009 3009 998
t 997 1114 1008 3010
t 3010 1104 1103 1115
t 1486 1468 124 125
t 893 2205 2366 1009
t 997 3010 1008 998
t 998 1008 1009 3010
t 2830 2542 114 113
t 125 2830 2542 114
t 125 2881 2830 114
t 2869 1469 125 126
t 2881 2572 115 114
t 126 2881 2572 115
t 1472 2829 1471 127
t 2046 1999 1094 2048
t 2864 1471 126 127
t 538 546 2397 537
t 547 546 2397 538
t 884 989 997 998
t 2829 2353 116 115
t 884 892 2205 2071
t 884 998 997 2205
t 366 478 377 2362
t 366 367 2987 478
t 127 2829 2353 116
t 2673 2828 128 117
t 367 2987 478 479
t 3011 470 2409 478
t 1491 1472 128 1214
t 1491 1472 127 128
t 3011 1542 1233 477
t 3026 440 3012 431
t 1542 3013 1233 477
t 3013 489 477 476
t 1093 2158 3066 975
t 975 1093 1092 1998
t 434 550 443 2369
t 2369 443 444 550
t 973 1092 1083 1091
t 973 1092 1091 2033
t 676 631 2237 734
t 2237 2991 734 735
t 676 2991 734 2237
t 964 2186 1083 1084
t 1072 2996 1083 2186
t 2186 1083 1084 3049
t 2186 1083 3049 2996
t 964 1092 974 975
t 964 975 2184 1084
t 1464 1463 1582 119
t 1476 1582 1499 137
t 975 2184 1084 3066
t 272 2378 2524 367
t 2378 366 367 2987
t 2378 366 2987 354
t 1499 1582 1494 137
t 872 974 975 964
t 3017 353 3011 469
t 3017 470 469 3011
t 1463 483 119 118
t 962 1082 972 3014
t 3014 972 3038 1082
t 3014 1083 1082 3038
t 959 1079 969 2181
t 959 2181 1069 1079
t 2181 1069 1079 1080
t 1582 1463 483 119
t 352 2982 364 2380
t 364 2380 2982 3013
t 2380 3013 364 1542
t 979 1464 120 1465
t 979 1464 1582 120
t 1464 1582 120 119
t 958 1087 968 959
t 865 968 959 958
t 349 457 2504 2960
t 952 2186 963 953
t 952 953 1063 1072
t 953 3079 1064 1063
t 953 1064 3079 1073
t 952 2186 1072 1083
t 953 1073 1072 2186
t 2381 361 362 349
t 1501 163 138 1480
t 979 163 120 2647
t 2196 1054 3016 3002
t 2196 1054 3002 1235
t 2196 1054 1053 3016
t 951 2999 962 2469
t 2469 962 963 3014
t 2469 962 3014 2999
t 2799 2792 131 122
t 948 1069 959 960
t 2791 1480 131 1481
t 2791 1480 163 131
t 1481 2792 131 2799
t 3015 177 2989 273
t 131 2792 163 122
t 46 55 2338 45
t 56 46 55 2338
t 2791 1481 131 1930
t 942 1064 953 3016
t 3016 1054 1064 1065
t 2799 131 123 122
t 1063 2164 1053 1052
t 1063 1053 2164 1064
t 940 2462 2191 1062
t 1930 2799 131 123
t 2868 1467 2799 123
t 2462 2191 1062 1063
t 937 2463 2195 1059
t 2463 2195 1059 1060
t 408 520 521 1639
t 1639 2401 520 521
t 1583 520 2961 408
t 408 2961 2977 520
t 408 521 520 2977
t 936 2465 2194 1058
t 2465 2194 1058 1059
t 342 461 3017 354
t 461 1757 342 3017
t 341 469 353 3017
t 1486 1468 2798 124
t 1708 341 3017 460
t 929 2195 2199 1048
t 142 1486 133 1487
t 2195 2199 1048 1049
t 2474 940 2191 932
t 2474 2191 940 941
t 337 457 456 349
t 457 1759 337 456
t 133 2869 1486 125
t 133 1487 1486 2869
t 929 2195 937 938
t 846 937 938 929
t 143 1487 134 1488
t 143 1487 133 134
t 1760 336 337 455
t 2869 2351 126 125
t 456 1760 337 455
t 841 3080 1235 3033
t 926 1042 934 2196
t 134 2869 2351 126
t 134 2864 2869 126
t 134 1488 1487 2864
t 1235 2196 926 934
t 3033 934 1235 926
t 925 2197 933 3018
t 925 3018 2418 1041
t 3018 2413 1032 2418
t 144 1488 135 2748
t 144 1488 134 135
t 3018 1032 2413 1042
t 925 3018 933 934
t 2864 2097 127 126
t 840 933 934 925
t 839 2473 2474 933
t 924 2986 932 2473
t 2473 932 933 2197
t 2473 932 2197 2986
t 975 1092 2158 1084
t 135 2864 2097 127
t 135 1491 2864 127
t 1214 1491 136 128
t 1214 1491 2736 136
t 1093 1092 2158 975
t 921 2198 929 2199
t 921 2199 2421 1037
t 1038 2415 1028 2421
t 2181 1080 2156 1088
t 1723 2181 2156 1088
t 1723 1088 2156 2044
t 1491 136 128 127
t 630 743 639 2966
t 630 2966 2240 733
t 2966 733 734 2240
t 1730 820 2 1255
t 915 1032 3018 3019
t 3019 1022 3023 1033
t 914 915 2973 1031
t 915 2973 1031 1032
t 101 2312 113 2310
t 2871 113 2310 101
t 114 2871 113 2310
t 910 2421 2204 1027
t 2421 2204 1027 1028
t 113 112 2312 100
t 99 3041 111 112
t 2477 915 916 3019
t 2477 915 3019 904
t 489 2406 3008 2403
t 2177 3008 2403 489
t 2177 2403 3008 499
t 902 1019 2992 2366
t 2366 1020 1019 2992
t 1021 1147 1032 3023
t 3019 1032 3023 1021
t 3019 3023 1032 1033
t 899 1016 910 3020
t 3020 1006 3007 1017
t 1348 979 1582 120
t 3020 910 2204 1016
t 3020 1017 1016 2204
t 822 2476 2593 911
t 899 3020 910 2476
t 2476 910 911 2204
t 2476 910 2204 3020
t 1164 1015 909 3021
t 3021 1005 1004 1016
t 1164 3021 472 1015
t 893 2366 903 2364
t 979 1348 2647 120
t 2364 1009 3009 893
t 2364 3009 1009 1010
t 892 2366 2205 1008
t 2366 2205 1008 1009
t 2965 290 742 202
t 450 290 742 2965
t 290 450 285 2965
t 3020 1006 900 542
t 3020 542 628 1006
t 3020 628 1005 1006
t 547 657 656 2395
t 650 756 656 3022
t 3022 656 657 764
t 3022 656 764 756
t 1021 3023 3005 1136
t 2791 138 2096 163
t 1504 1502 140 1485
t 894 1000 1010 1011
t 1427 107 2315 95
t 108 1427 107 2315
t 886 999 894 2319
t 2791 139 1485 131
t 2319 991 999 1000
t 2319 1000 999 894
t 885 998 893 886
t 140 1502 139 1485
t 886 999 998 3009
t 2479 892 893 2205
t 2479 892 2205 884
t 879 886 2319 2318
t 879 991 990 2319
t 991 2006 879 990
t 1504 140 141 1485
t 166 2989 177 3024
t 3024 259 2381 267
t 101 100 2326 89
t 142 2299 133 141
t 316 325 326 2368
t 316 325 2368 2369
t 325 324 2369 315
t 143 2350 134 133
t 3008 498 2406 488
t 2748 1507 2496 144
t 214 2460 3087 3094
t 2460 1695 1697 3087
t 2779 3025 2235 2265
t 2265 2779 3025 2266
t 144 2092 135 134
t 2802 101 2324 90
t 102 2802 101 2324
t 2665 2496 145 2748
t 234 3027 2783 321
t 2496 2748 144 145
t 777 870 871 767
t 767 870 871 860
t 487 604 488 2348
t 2348 1224 604 488
t 88 199 2897 3028
t 3028 1535 100 2998
t 3028 1535 2998 199
t 137 2300 2611 234
t 223 3027 233 2300
t 2300 233 234 3027
t 228 3029 316 317
t 287 294 1543 2372
t 287 2372 293 294
t 474 3030 593 594
t 583 690 593 3030
t 3030 593 594 3044
t 3030 593 3044 690
t 769 855 861 965
t 768 3031 767 861
t 853 963 860 3031
t 2362 377 1274 2175
t 2362 2258 2175 1274
t 765 857 850 3037
t 765 850 857 960
t 3037 857 850 849
t 764 3032 3036 857
t 2244 1328 1667 2445
t 2244 719 2445 1667
t 56 2338 2488 170
t 159 2974 169 2338
t 2338 169 2488 2995
t 2338 169 2995 2974
t 621 1230 643 531
t 1230 643 2239 621
t 1524 1492 2816 35
t 660 661 669 2391
t 2391 669 670 661
t 932 1051 2191 2197
t 2197 1052 1051 2191
t 749 1299 2212 3088
t 1931 2518 1525 38
t 2795 95 2317 84
t 96 2795 95 2317
t 294 609 1697 301
t 1697 301 609 2575
t 753 1697 301 294
t 2962 301 294 753
t 2962 609 294 301
t 520 625 634 592
t 625 634 592 728
t 2619 1528 1839 1315
t 745 3037 846 2218
t 2218 845 846 835
t 744 2491 845 2217
t 2217 844 845 834
t 663 772 2232 771
t 772 3036 764 2232
t 663 772 771 1881
t 1088 2156 2119 1206
t 1531 41 1592 2530
t 1082 2155 1090 3038
t 3038 1090 1091 2155
t 738 3033 2212 841
t 737 2214 840 728
t 728 839 840 1656
t 1656 2473 839 840
t 1795 458 2298 574
t 1847 1795 2298 574
t 2879 92 2322 81
t 93 2879 92 2322
t 197 291 202 203
t 86 1384 197 2270
t 26 2374 292 2653
t 2653 292 293 2374
t 2320 94 82 2108
t 913 2419 2992 1030
t 2419 1030 2980 2992
t 2419 2980 1030 1031
t 1540 95 2860 1516
t 1546 2668 117 105
t 655 2232 2984 763
t 1671 415 107 118
t 2232 763 2968 2984
t 2232 2968 763 764
t 825 824 2992 813
t 1614 843 136 128
t 1378 2227 2439 822
t 2227 2582 821 2476
t 2227 2476 821 822
t 1078 1191 1087 3034
t 1087 3034 1191 1205
t 3034 1205 1192 1191
t 53 52 2339 42
t 469 2410 477 2409
t 3011 477 2409 469
t 3011 2409 477 478
t 1142 1141 2233 1132
t 1620 1501 137 138
t 1620 1561 1501 138
t 1185 1186 1196 3049
t 1622 3111 139 140
t 1622 1562 3111 140
t 1186 1578 1196 3049
t 706 2385 807 2228
t 1624 1563 141 142
t 2228 806 807 799
t 694 1547 798 2247
t 694 799 798 806
t 704 1616 1547 798
t 1626 1564 143 1627
t 88 87 2328 76
t 1564 2496 144 145
t 1258 2496 1564 145
t 701 2384 3035 3043
t 795 891 804 3035
t 701 3035 2384 1363
t 3043 804 3035 795
t 1316 853 852 2983
t 273 382 282 274
t 189 282 274 273
t 189 274 282 283
t 188 273 2448 282
t 3015 188 273 2448
t 452 1479 273 3015
t 748 2492 2214 1700
t 2492 1700 1302 2214
t 1164 3021 909 910
t 53 2339 2494 167
t 156 2976 166 2339
t 2339 166 2494 3024
t 2339 166 3024 2976
t 2619 1839 334 1315
t 711 2227 2384 2582
t 777 872 871 1925
t 566 672 671 1836
t 775 870 860 869
t 775 870 869 1923
t 2861 2447 41 32
t 80 79 2329 68
t 772 867 866 1881
t 2959 2379 271 2378
t 2861 1581 1593 146
t 2975 271 2378 2959
t 2963 271 272 2975
t 2975 2378 271 272
t 1519 33 34 2826
t 3013 476 2410 468
t 3013 2410 476 477
t 32 2447 33 1451
t 32 33 1519 1451
t 67 78 79 2993
t 767 3031 860 861
t 46 2338 56 2337
t 47 56 2337 46
t 147 1451 33 2447
t 57 47 56 2337
t 147 1451 1519 33
t 262 2380 270 2379
t 2877 34 35 2388
t 2971 270 2379 262
t 33 3071 34 2826
t 1519 34 2847 2826
t 1519 1584 1451 147
t 2995 269 2380 261
t 2995 2380 269 270
t 763 865 771 3036
t 148 2826 34 3071
t 148 2826 2877 34
t 148 2877 1584 1585
t 2808 35 36 2145
t 763 3036 3032 856
t 3036 3032 856 857
t 2877 2388 35 2816
t 2232 771 3036 763
t 772 771 3036 2232
t 764 757 3037 765
t 149 2816 35 2388
t 1403 77 67 66
t 78 1403 77 67
t 540 652 2143 2452
t 2452 760 652 2143
t 575 682 681 586
t 682 1848 575 681
t 756 857 764 3037
t 3037 846 845 850
t 150 2808 36 2145
t 1931 37 38 151
t 1074 1578 1198 1679
t 755 848 2968 2491
t 2491 845 2603 849
t 2491 2968 3032 848
t 2491 2603 848 3032
t 151 2820 1931 37
t 151 1931 1587 1637
t 2989 266 2382 257
t 972 3038 1090 2032
t 2032 3038 1090 1091
t 58 2334 2481 172
t 161 2975 171 2334
t 2334 171 172 2975
t 187 2448 3015 452
t 38 2443 39 1490
t 2448 273 452 282
t 3015 2448 273 452
t 744 849 756 3037
t 744 3037 2218 845
t 152 1490 39 2443
t 152 407 2615 39
t 334 1526 1434 153
t 3037 845 846 2218
t 743 2491 2217 844
t 2491 844 845 2217
t 523 564 2391 1539
t 153 1908 2615 152
t 1539 2392 564 2391
t 153 1526 1908 1640
t 1576 1731 40 154
t 565 564 2391 523
t 737 3088 749 2212
t 737 2212 3033 840
t 2212 3033 840 841
t 737 2212 749 3000
t 3000 749 750 2212
t 2215 2214 839 1700
t 728 839 1246 2214
t 154 334 1434 153
t 154 334 1576 1731
t 2214 839 840 728
t 2991 3086 2969 829
t 3086 835 2969 829
t 2218 2969 835 836
t 592 748 749 2214
t 1246 2214 748 592
t 2590 1642 2622 376
t 63 74 75 2958
t 63 74 2958 177
t 2606 1702 1642 256
t 75 2819 74 63
t 733 2217 2220 834
t 2622 1576 40 1642
t 2217 834 835 2220
t 733 734 743 2966
t 2966 743 744 734
t 462 580 579 505
t 580 1761 462 579
t 1531 1592 41 2861
t 718 2441 2226 1660
t 2441 1660 1310 2226
t 2796 73 2331 62
t 74 2796 73 2331
t 155 2861 2447 41
t 155 2861 41 1592
t 155 1649 1593 1592
t 1146 1145 2788 1134
t 40 1910 1597 1350
t 40 1910 1350 2489
t 998 1115 3009 999
t 999 1116 1115 3009
t 527 618 2585 640
t 630 2966 639 618
t 618 639 640 2966
t 1594 1532 1598 61
t 2991 3039 1376 829
t 3039 2593 822 2439
t 3039 822 2593 830
t 1376 3039 2439 829
t 726 2969 3039 2991
t 676 2240 734 1376
t 2240 1376 2220 734
t 2240 733 734 2220
t 1599 2495 62 51
t 114 2310 2542 1717
t 207 2962 215 2310
t 2310 215 1717 753
t 2310 215 753 2962
t 165 1600 1592 1596
t 2438 2221 1308 1657
t 1534 2438 1657 2221
t 656 764 664 657
t 657 664 665 764
t 1545 825 728 718
t 2438 825 728 1545
t 1704 736 3031 2492
t 1704 854 2492 3031
t 2149 727 2225 716
t 2149 1534 2225 727
t 176 1599 2495 62
t 176 1602 1600 1599
t 583 690 3030 2291
t 61 1598 186 2737
t 61 186 981 2737
t 2291 679 690 691
t 2291 3030 3044 690
t 2291 691 690 3044
t 1598 186 391 61
t 877 989 988 884
t 989 2004 877 988
t 112 3041 2543 214
t 3041 292 1535 213
t 2848 2774 84 73
t 96 2315 108 2313
t 62 73 2331 2772
t 62 1537 73 2772
t 187 2772 2331 73
t 187 1603 1602 2772
t 1547 2579 806 1616
t 694 806 798 1547
t 1547 1616 806 798
t 1137 2273 2251 2245
t 2859 2317 95 84
t 3045 790 2554 800
t 3045 694 2228 799
t 3045 800 799 2228
t 798 789 2556 799
t 589 695 3042 706
t 589 706 3042 638
t 638 1547 706 3042
t 695 3042 706 2228
t 3042 706 2228 2385
t 3042 2385 1547 706
t 196 2774 84 2859
t 196 1607 1603 2859
t 638 2247 536 1547
t 693 798 704 2247
t 94 1454 105 2670
t 2247 1547 798 704
t 3048 635 704 693
t 3048 635 511 704
t 3048 515 704 511
t 1685 239 326 240
t 690 2229 700 3043
t 3043 785 784 796
t 228 326 316 325
t 238 326 325 1685
t 690 3043 700 3044
t 3044 700 701 3043
t 2860 2315 107 95
t 2335 784 783 795
t 689 794 2229 2335
t 2335 795 794 2229
t 2859 95 2317 2773
t 1540 2860 95 2773
t 2141 2229 700 690
t 201 2773 2317 95
t 201 2773 95 2860
t 1099 2229 700 2141
t 1246 839 2221 2215
t 105 494 2106 1508
t 105 2100 117 1508
t 1601 628 3007 2309
t 105 1454 1546 1541
t 1601 1112 2309 3007
t 683 799 694 3045
t 1888 683 3045 789
t 790 1888 3045 789
t 234 322 3026 321
t 234 322 321 1682
t 1671 211 118 107
t 1853 677 678 783
t 784 1853 678 783
t 233 2783 3027 320
t 2783 3027 320 321
t 211 2860 2315 107
t 1654 725 3004 2177
t 1654 499 2177 3004
t 117 1508 2100 1509
t 117 2352 128 1509
t 1509 2352 2100 117
t 2301 229 2956 3040
t 1715 3040 229 2301
t 528 2399 2584 641
t 631 2237 640 2399
t 2399 640 641 2237
t 1617 218 483 118
t 2323 2777 2290 2327
t 586 682 692 693
t 586 596 3048 692
t 586 693 692 3048
t 1127 1126 2786 1116
t 3005 1116 1126 1127
t 218 1671 211 118
t 218 1671 118 1617
t 374 2360 1262 375
t 128 1550 222 1614
t 128 231 136 1614
t 1509 222 2352 128
t 108 2315 2547 1548
t 201 742 211 2315
t 2315 211 1548 742
t 2441 832 2591 3033
t 2786 3046 2185 2216
t 2216 2786 3046 2219
t 618 2240 630 2966
t 506 2240 618 631
t 2398 592 1230 645
t 520 1247 2398 2400
t 2977 532 2400 520
t 2977 2400 532 1551
t 206 3087 525 293
t 3087 525 293 294
t 136 1614 231 957
t 136 231 145 957
t 2385 816 2226 1268
t 2308 1167 1166 1158
t 2308 2302 1158 1166
t 2302 1157 1158 1166
t 1450 2565 3 2665
t 1618 957 231 1614
t 1618 957 145 231
t 2781 3047 2178 2209
t 2209 2781 3047 2210
t 3048 704 606 597
t 3048 704 515 606
t 2156 2119 1205 2044
t 2119 2156 1205 1206
t 649 2968 2984 756
t 649 756 2966 755
t 597 704 606 536
t 597 536 2247 704
t 536 2247 704 1547
t 1715 1322 3029 2460
t 1715 308 2460 3029
t 598 638 1392 588
t 598 2247 638 588
t 1853 571 572 677
t 678 1853 572 677
t 572 583 2291 2292
t 572 679 678 2291
t 679 1852 572 678
t 2289 695 694 3042
t 588 694 638 2289
t 2289 3042 694 638
t 2385 806 807 2228
t 3042 2385 2228 806
t 3042 806 1547 2385
t 2611 137 234 1619
t 1230 749 592 748
t 749 1230 736 748
t 137 138 235 1620
t 1619 137 1620 1513
t 1619 137 234 235
t 1323 307 306 315
t 1619 137 235 1620
t 958 1078 959 2188
t 2188 1068 1078 1079
t 138 139 2096 1621
t 2188 1079 1078 959
t 1620 138 235 236
t 1262 484 495 1391
t 1620 138 236 1621
t 1620 1561 138 1621
t 382 219 495 484
t 1052 2165 1063 2164
t 139 140 237 1622
t 1063 2164 3079 1064
t 1621 139 1622 1561
t 1622 139 2096 237
t 1684 1622 1621 236
t 258 2382 2989 2381
t 3024 2989 2381 258
t 140 141 239 1623
t 3024 2381 2528 267
t 2296 247 2490 258
t 1623 140 237 238
t 2296 155 2989 257
t 2296 258 257 2989
t 1622 140 237 1623
t 1622 1562 140 1623
t 1280 2390 525 191
t 191 1543 2390 525
t 74 2331 2521 188
t 141 142 239 1624
t 176 3015 187 2331
t 2331 187 188 3015
t 1623 141 1624 1562
t 3049 1578 1196 2154
t 3049 1083 2154 1196
t 1623 141 239 1624
t 142 143 240 1625
t 1624 142 239 240
t 1624 142 240 1625
t 1624 1563 142 1625
t 1477 3050 672 1521
t 1191 2414 2696 2704
t 1627 1564 143 144
t 3007 1122 2209 1111
t 1625 143 1626 1563
t 1625 143 240 241
t 1247 738 737 3000
t 1625 143 241 1626
t 202 290 2726 291
t 197 290 202 291
t 144 145 2091 1627
t 2410 2538 597 3048
t 2410 596 3048 586
t 1626 2092 242 1627
t 2092 144 2091 1627
t 143 1627 2092 1626
t 1618 243 231 145
t 1481 1466 2799 3051
t 3051 2799 1930 2868
t 80 2329 2511 192
t 182 278 191 192
t 2329 191 192 182
t 1627 1564 145 1258
t 1052 1166 1053 2988
t 1158 1167 1166 1053
t 700 804 711 2384
t 700 2384 3043 804
t 2384 804 3035 3043
t 1627 145 2091 243
t 2384 3035 2582 1363
t 2313 1548 212 203
t 108 2313 1548 2545
t 203 1548 212 2726
t 1627 145 243 1628
t 1627 1258 145 1628
t 2227 1321 1378 2439
t 293 292 1535 3041
t 293 2653 513 292
t 293 292 513 1535
t 1633 2611 233 234
t 1633 1619 2611 234
t 1633 233 2611 1631
t 2789 3052 2182 2213
t 1682 1619 234 235
t 1682 1620 1619 235
t 2213 2789 3052 2216
t 1071 2997 1082 3014
t 3014 1082 1083 2997
t 1683 1620 235 236
t 1683 1621 1620 236
t 1684 1622 236 237
t 1621 2096 236 1622
t 1623 237 1622 1684
t 1292 531 2459 1691
t 1685 1624 239 240
t 1685 1625 1624 240
t 528 527 2399 517
t 1686 1625 240 241
t 1686 1626 1625 241
t 113 2312 3101 215
t 206 3087 214 2312
t 2312 214 215 3087
t 1020 1135 2973 1136
t 1020 1136 3006 1135
t 1687 1626 241 242
t 1687 1627 1626 242
t 1502 1485 3053 1930
t 1502 1481 1930 3053
t 1504 1502 1485 3053
t 1634 1627 243 1628
t 1634 1627 242 243
t 1505 1486 142 1507
t 443 563 550 562
t 443 563 562 1782
t 3001 1165 2610 1156
t 3001 2610 1165 1166
t 1483 1467 2798 3054
t 1486 3054 1483 2798
t 2814 3055 2211 2238
t 2238 2814 3055 2241
t 66 1377 1606 1359
t 245 413 527 516
t 1587 1637 2964 151
t 1587 150 151 2964
t 1587 150 2964 1646
t 394 245 506 516
t 394 245 516 413
t 245 527 413 1710
t 216 1714 222 310
t 2352 216 1714 222
t 1509 222 216 2352
t 2416 1358 2258 1274
t 1061 1174 1070 1062
t 1062 1070 1071 1174
t 3097 1070 1062 1061
t 2913 1070 1062 3097
t 2913 1062 1070 1071
t 608 719 1667 3056
t 3056 626 714 719
t 3056 720 719 714
t 1667 719 626 3056
t 1074 2508 1679 2253
t 2508 2253 1188 1679
t 192 193 184 1312
t 654 648 761 357
t 1097 654 648 2451
t 1189 1097 654 648
t 1189 357 648 654
t 368 2416 471 355
t 368 471 2416 480
t 471 479 480 2454
t 355 479 471 2987
t 471 479 2454 2987
t 801 802 2376 888
t 802 2376 888 889
t 116 2352 127 2828
t 2828 127 128 2352
t 1650 2296 155 146
t 1650 246 146 1643
t 2841 1678 1188 1179
t 644 1188 1179 1681
t 2902 1188 1179 644
t 2902 1179 1188 1678
t 1681 1188 1179 2841
t 2877 34 2388 148
t 2877 148 2388 2816
t 1643 2605 1650 246
t 149 2816 2388 148
t 34 2388 43 2817
t 2817 43 44 2388
t 1645 147 148 247
t 1000 1117 1011 3057
t 3057 1011 1012 3062
t 3057 1011 3062 1117
t 3060 1011 3057 1000
t 310 303 1419 2424
t 303 310 2917 2424
t 1585 148 149 248
t 1698 1645 1585 248
t 447 3058 565 566
t 553 661 565 3058
t 3058 670 566 3069
t 3058 670 3069 661
t 1584 148 1585 1645
t 521 2766 534 1226
t 248 1645 148 247
t 1369 589 2288 3074
t 248 1645 1585 148
t 1369 696 3074 2288
t 1586 149 150 249
t 1586 1585 149 249
t 1586 1699 1698 249
t 86 1632 2470 1384
t 86 1632 1384 2270
t 249 1585 149 248
t 2964 1646 150 250
t 2829 126 2353 115
t 127 2829 126 2353
t 943 1065 954 944
t 1054 1065 1066 2256
t 250 1586 150 249
t 2870 114 2361 102
t 115 2870 114 2361
t 251 2964 1637 151
t 1636 151 152 252
t 1637 1647 1646 251
t 944 2264 955 2516
t 2516 955 956 2264
t 208 301 1717 3059
t 3059 301 244 208
t 3059 244 301 302
t 252 1637 151 251
t 252 1637 1636 151
t 252 1636 1647 1701
t 1717 301 221 3059
t 81 192 2549 193
t 260 2434 2332 351
t 253 1636 152 252
t 253 1636 1638 152
t 1640 153 154 254
t 2365 1184 1183 1174
t 2365 982 1174 1183
t 982 1173 1174 1183
t 1558 2370 1177 2256
t 1066 2256 2508 1681
t 1168 1177 2256 1558
t 254 152 1640 153
t 2370 1681 1177 2256
t 355 462 2539 471
t 457 2504 2960 2455
t 1640 254 154 980
t 1640 154 1642 980
t 350 2960 2455 457
t 350 2455 2960 467
t 1101 1113 1112 2259
t 905 1022 916 2267
t 2522 916 917 2267
t 2522 916 2267 905
t 851 950 2918 2514
t 939 940 3097 951
t 2514 951 950 2918
t 887 1011 895 3060
t 3060 992 1000 1001
t 221 309 2956 2351
t 2351 2956 2350 2250
t 2351 2956 2250 309
t 1093 2787 1094 1211
t 2787 1094 1211 1212
t 1044 1149 1293 3061
t 1379 714 2283 2497
t 976 1093 1094 3066
t 3066 1198 1093 1094
t 418 534 557 427
t 418 534 427 1225
t 418 534 1551 557
t 418 1225 1226 534
t 418 1226 521 534
t 418 521 1551 534
t 1592 165 155 1649
t 1592 165 1649 1600
t 2869 133 2351 125
t 134 2869 133 2351
t 534 688 27 544
t 534 27 1677 544
t 1649 257 165 155
t 1593 1649 155 1650
t 1066 2902 1075 1076
t 1066 1076 644 2902
t 1690 1066 1076 644
t 2264 1075 1076 1066
t 2264 1690 1066 1076
t 257 1650 2296 155
t 257 1650 155 1649
t 257 2750 1650 1649
t 2956 2286 240 2350
t 2350 240 241 2286
t 1043 1168 1054 1055
t 3061 1149 1810 1160
t 2286 1588 23 2250
t 2956 2286 2250 1588
t 917 2267 1033 1293
t 1022 1137 1033 2267
t 1033 2267 1137 1293
t 1651 217 265 256
t 296 1826 30 265
t 1022 1137 2267 1023
t 1022 1023 3062 1137
t 1023 3077 1128 3062
t 1023 1128 3077 1138
t 2267 1023 1137 1293
t 1023 1293 1138 1137
t 1655 266 176 165
t 3005 1127 3023 3062
t 3062 1118 1117 1128
t 1000 1117 3057 2358
t 2358 3057 3062 1117
t 2358 1118 1117 3062
t 873 3063 976 1994
t 1994 3063 976 977
t 266 1649 257 165
t 266 1649 165 1655
t 730 1601 996 2259
t 730 987 2259 996
t 2258 1552 501 2453
t 2258 2453 501 1393
t 1358 501 1393 2258
t 367 2416 355 479
t 2416 479 471 355
t 2416 471 479 480
t 2963 272 183 3064
t 1479 3015 187 176
t 1600 1602 176 1655
t 1065 1177 1074 2508
t 1065 2508 2256 1177
t 3015 1479 266 176
t 2508 2256 1177 1681
t 710 367 368 355
t 647 1227 751 761
t 626 1320 2242 714
t 2242 3065 714 738
t 646 1247 738 2287
t 3065 2287 739 738
t 1247 738 2287 3065
t 1662 2448 196 187
t 3066 1198 1094 2253
t 2253 1199 1198 1094
t 344 462 343 355
t 1709 343 462 461
t 452 1479 3015 187
t 452 1602 187 1662
t 462 1709 344 343
t 1947 792 2375 882
t 883 1947 2375 882
t 1510 2037 186 194
t 858 961 869 859
t 858 859 2918 961
t 859 962 961 869
t 3066 1075 2253 1085
t 2807 102 3090 91
t 103 2807 102 3090
t 1607 201 196 2771
t 2771 285 196 1607
t 868 869 971 1990
t 1990 869 971 972
t 1603 1607 196 1662
t 862 966 3063 1222
t 862 1222 955 966
t 285 1662 2448 196
t 285 1662 196 1607
t 285 1663 1662 1607
t 823 824 2921 912
t 823 824 912 2475
t 824 2475 913 912
t 589 578 695 3074
t 578 3074 685 684
t 1508 494 210 289
t 685 1851 578 684
t 1098 1522 1510 284
t 1098 1510 289 284
t 1559 494 1664 289
t 1536 2361 3059 208
t 450 742 211 201
t 809 897 896 2432
t 75 2517 86 2470
t 75 2470 2275 189
t 2470 2275 189 190
t 2965 450 2771 201
t 837 2272 931 2271
t 2272 2271 932 931
t 210 295 216 1508
t 1666 1508 295 1664
t 1509 1508 216 295
t 826 918 705 2920
t 826 2920 705 2222
t 919 918 908 2920
t 826 918 917 703
t 826 703 917 174
t 2769 917 174 826
t 817 917 2769 826
t 2377 2274 884 1703
t 304 742 218 211
t 2377 884 2274 1533
t 1529 907 2920 819
t 819 908 907 2920
t 2432 907 817 1529
t 2432 907 906 817
t 708 1529 1203 2430
t 708 1529 2430 809
t 810 898 897 2430
t 643 652 653 746
t 642 746 652 643
t 643 652 760 653
t 2452 652 643 642
t 2452 643 652 760
t 802 803 2375 889
t 803 2375 889 890
t 707 2442 808 3067
t 3067 807 808 800
t 1674 1615 303 1666
t 1895 791 2376 881
t 882 1895 2376 881
t 1894 786 2377 876
t 877 1894 2377 876
t 785 2558 796 2527
t 691 796 2527 785
t 1617 2231 223 218
t 691 2527 796 797
t 1617 304 218 1671
t 97 203 2262 2270
t 2270 204 203 2262
t 880 992 991 3060
t 992 2007 880 991
t 222 1676 2917 231
t 222 1614 1676 231
t 721 1054 1055 1043
t 1043 3061 1168 1055
t 2975 2378 272 263
t 263 272 1253 710
t 263 272 710 2378
t 3064 272 263 2975
t 3064 263 272 1253
t 1675 320 233 223
t 535 544 545 2451
t 2257 535 544 545
t 2257 545 544 2041
t 64 178 2275 2436
t 2436 168 2950 179
t 2436 179 178 2275
t 43 157 2248 2388
t 2388 149 157 158
t 2388 158 157 2248
t 1614 231 1618 1676
t 231 319 243 1688
t 750 2531 2279 1299
t 2531 1299 1333 2279
t 2760 637 626 521
t 521 1247 637 626
t 231 1676 1688 1618
t 626 3065 1247 637
t 626 637 1665 3065
t 2760 1665 626 637
t 1665 626 3065 714
t 738 841 750 2279
t 1688 1618 2604 243
t 738 2279 2283 841
t 2279 841 842 2283
t 738 2279 750 2287
t 222 1674 2917 1676
t 1676 231 319 2917
t 2287 750 751 2279
t 233 320 2884 2783
t 248 2487 259 2434
t 2936 259 2434 248
t 2936 2434 259 260
t 1227 847 944 2516
t 847 2516 945 944
t 847 842 944 945
t 1333 944 1227 847
t 842 944 1333 847
t 1675 233 320 2884
t 1679 1198 2253 2404
t 2404 1199 1198 2253
t 541 540 2452 529
t 2905 529 540 541
t 719 2497 2284 1659
t 3109 58 2386 48
t 59 3109 58 2386
t 2763 2545 1326 212
t 234 235 322 1682
t 109 2262 212 2763
t 2763 2262 212 1530
t 2783 234 321 1682
t 1633 1619 234 1682
t 706 2442 3067 807
t 2442 807 808 3067
t 235 236 322 1683
t 235 322 1682 1683
t 111 110 122 1272
t 110 1272 1077 122
t 1077 2827 110 122
t 122 2827 110 111
t 895 1011 905 896
t 895 896 3060 1011
t 236 237 324 1684
t 236 1745 1683 1684
t 896 1011 3057 3060
t 896 3057 1011 1012
t 1683 236 322 323
t 695 800 706 3067
t 3067 791 2583 801
t 237 238 325 1684
t 467 2455 584 585
t 238 239 326 1685
t 238 325 1684 1685
t 3068 791 790 3067
t 1889 684 3068 790
t 791 1889 3068 790
t 1580 1251 3058 2255
t 1580 554 2255 3058
t 2386 3064 172 2529
t 2386 173 263 3064
t 240 241 327 1686
t 240 327 1685 1686
t 2514 950 951 939
t 939 3097 950 951
t 53 2494 64 2436
t 53 2436 2248 167
t 2956 327 326 240
t 2436 2248 2950 168
t 143 142 2350 133
t 241 2080 328 1687
t 241 328 1686 1687
t 608 3056 1667 617
t 1686 241 327 328
t 2569 600 608 1629
t 2453 1667 617 608
t 2569 1393 1629 2453
t 152 254 253 263
t 242 329 1687 2782
t 242 1627 1634 1687
t 1687 2080 328 329
t 1688 330 319 243
t 566 3069 670 671
t 661 769 670 3069
t 1128 1127 2785 1117
t 3062 1117 1127 1128
t 2782 243 1978 1634
t 1694 2782 1687 329
t 1552 389 2258 501
t 1552 501 1294 389
t 2442 1277 2138 2284
t 2442 817 2284 2138
t 2782 243 330 1978
t 1739 1676 1688 319
t 1739 1688 330 319
t 2288 706 1392 600
t 2454 600 2288 1392
t 1369 2454 600 2288
t 3059 302 1400 216
t 216 1400 1714 310
t 216 1400 310 302
t 2353 1400 216 3059
t 2353 216 1400 1714
t 1741 2783 320 321
t 1741 1682 2783 321
t 1743 1682 321 322
t 1745 236 323 324
t 42 2447 155 156
t 146 2296 155 2447
t 2447 155 156 2296
t 1746 1684 324 325
t 251 2485 262 2484
t 2959 262 2484 251
t 1747 1685 325 326
t 42 156 2339 3071
t 1748 1685 326 327
t 3071 156 2976 147
t 3071 157 2976 2339
t 469 2503 2410 587
t 798 2557 2479 885
t 1750 1687 328 329
t 137 224 234 235
t 796 628 2558 3035
t 46 160 2337 2444
t 2444 151 160 161
t 2444 161 160 2337
t 1645 247 248 1706
t 3007 3003 2307 2805
t 2805 1133 3003 2307
t 1356 64 2436 53
t 65 1356 64 2436
t 1706 1698 248 1645
t 95 201 2315 2317
t 2317 202 201 2315
t 259 2487 2381 350
t 1104 1116 1115 999
t 1636 1638 1701 253
t 1636 252 253 1701
t 1640 253 254 1709
t 122 2543 1272 2304
t 2543 2304 1323 1272
t 101 207 2310 2324
t 2324 208 207 2310
t 277 1827 1234 675
t 495 277 1827 1234
t 788 2557 798 2556
t 1644 246 247 2490
t 1644 1696 246 336
t 62 176 2331 2495
t 2495 166 2989 177
t 2495 177 176 2331
t 57 2482 68 2481
t 57 2481 2334 171
t 2481 2334 171 172
t 635 1533 798 2557
t 2557 2479 1533 798
t 635 788 2557 798
t 73 2774 84 2521
t 73 2521 2331 187
t 2521 2331 187 188
t 100 206 2312 2326
t 2326 207 206 2312
t 1706 247 248 337
t 2982 468 2503 459
t 1644 1706 1696 336
t 2982 2503 468 469
t 1000 1105 1116 1117
t 337 1644 247 2490
t 337 1644 1706 247
t 1698 248 249 2434
t 74 2521 85 2517
t 74 75 2958 188
t 338 1706 248 337
t 338 1706 1698 248
t 1699 249 250 2277
t 75 2958 188 189
t 31 711 277 603
t 603 277 613 1321
t 603 277 1321 711
t 2407 277 603 1391
t 2407 603 277 613
t 594 595 603 2498
t 2498 603 604 595
t 1313 725 1543 723
t 191 1543 723 1313
t 339 1698 249 2434
t 339 1698 1699 249
t 77 1281 67 180
t 1646 250 251 2485
t 1707 1756 1646 340
t 2959 2484 2379 354
t 341 3017 353 2484
t 2484 353 354 3017
t 340 1699 250 2277
t 340 1699 1646 250
t 1647 251 252 2484
t 1647 1646 251 341
t 1647 1708 1707 341
t 2993 191 2513 79
t 2993 191 1232 2513
t 90 1279 2511 3100
t 90 1279 207 2324
t 341 1646 251 2485
t 2309 2797 1111 1112
t 1701 252 253 2483
t 52 2495 63 2494
t 52 2494 2339 166
t 2494 2339 3024 167
t 342 1647 252 2484
t 342 1647 1701 252
t 342 1701 1708 1757
t 47 161 2334 2443
t 2443 152 161 162
t 2443 162 161 2334
t 460 2503 469 2502
t 343 1701 253 2483
t 343 1701 1709 253
t 3017 469 2502 460
t 3017 2502 469 470
t 150 2964 159 2446
t 2446 2338 160 2974
t 344 1709 254 253
t 344 1709 1648 254
t 344 1648 1709 1711
t 1642 154 2692 980
t 2446 159 2974 2964
t 2494 167 3024 178
t 2494 63 178 177
t 63 178 177 2958
t 2545 109 2313 212
t 2545 2313 1548 212
t 107 211 118 2547
t 256 1651 346 265
t 107 2547 2315 211
t 1651 2623 256 346
t 1651 1712 2623 346
t 2547 2315 211 1548
t 980 264 256 346
t 980 1713 1711 345
t 1420 423 2551 422
t 2975 2483 2378 355
t 346 1702 1713 1758
t 262 2485 2380 353
t 2485 2380 353 2982
t 2485 352 2982 340
t 258 2490 2382 349
t 1718 265 346 1651
t 336 2314 348 2490
t 2490 348 349 2314
t 1649 266 257 2750
t 1649 2750 1655 266
t 2316 1017 2307 1006
t 2953 1017 1018 2316
t 2316 2307 1017 1018
t 275 2480 375 1613
t 1650 2750 257 348
t 362 2951 375 2480
t 2480 375 1613 627
t 2480 375 627 2951
t 32 146 2447 1451
t 147 1451 2447 146
t 96 202 2313 97
t 97 203 202 2313
t 111 213 1272 2543
t 111 2543 3041 213
t 2543 3041 1304 214
t 296 265 30 1792
t 470 2502 2409 588
t 576 682 587 2502
t 2502 587 588 2305
t 2502 587 2305 682
t 799 2556 798 886
t 878 989 885 2556
t 2556 885 886 2318
t 2556 885 2318 989
t 32 2447 41 33
t 33 41 42 2447
t 1348 1582 224 2306
t 278 377 723 279
t 192 723 279 278
t 192 279 723 1312
t 3017 2502 470 2501
t 354 470 2501 3017
t 354 2501 470 2987
t 37 2446 46 2444
t 361 373 1100 1479
t 2823 46 2444 37
t 47 2823 46 2444
t 2318 998 999 989
t 2804 3070 2210 2236
t 2236 2804 3070 2238
t 531 1230 1324 2398
t 2398 645 1230 1324
t 84 196 2317 2521
t 197 2965 282 188
t 2521 2965 196 2317
t 51 2495 52 165
t 2495 52 165 166
t 373 1479 361 273
t 373 2708 1721 1658
t 79 3100 90 2511
t 79 2511 2329 191
t 2511 2329 191 192
t 2314 2506 465 466
t 789 2556 799 2554
t 1662 1453 285 452
t 3045 799 2554 789
t 3045 2554 799 800
t 1658 1662 452 2731
t 796 795 2558 784
t 3043 784 795 796
t 38 2444 47 2443
t 38 151 2443 1490
t 152 1490 2443 151
t 191 723 1543 288
t 192 723 191 288
t 192 1312 723 288
t 800 886 807 887
t 2554 886 887 2319
t 2554 886 2319 879
t 112 3101 2312 214
t 3101 2312 214 215
t 2436 178 2950 167
t 2436 2950 178 179
t 2482 171 2971 182
t 2482 67 182 181
t 450 290 285 394
t 67 182 181 2993
t 66 180 67 2488
t 2488 170 2995 181
t 2488 181 180 67
t 259 2332 2434 350
t 1662 1663 285 1453
t 2332 2434 350 351
t 45 159 2338 2446
t 2446 2974 159 2338
t 387 1453 285 1663
t 38 2443 47 2815
t 2815 47 48 2443
t 1098 1787 284 289
t 33 2447 42 3071
t 1519 33 2826 147
t 33 147 3071 2826
t 148 2826 3071 147
t 252 2484 2959 2483
t 2975 2959 2483 252
t 123 3101 1323 2303
t 3101 2303 1322 1323
t 2974 261 2485 250
t 2974 2485 261 262
t 1698 248 2434 338
t 339 1698 2434 338
t 247 2490 258 2487
t 2976 258 2487 247
t 2976 2487 258 259
t 2296 257 2490 246
t 2296 2490 257 258
t 68 182 2329 2481
t 2481 172 2963 183
t 2481 183 182 2329
t 627 1262 2347 2498
t 2951 487 2498 627
t 2951 1610 2498 487
t 1494 2300 233 2611
t 295 2129 303 2844
t 2611 2300 233 234
t 2765 410 295 2844
t 677 2335 689 2292
t 2292 689 690 2335
t 290 291 255 245
t 290 291 245 1424
t 291 255 245 1590
t 291 1590 245 414
t 291 1424 414 245
t 267 2528 274 2480
t 2950 274 2480 267
t 2934 274 2480 2950
t 2934 2480 274 275
t 450 2373 742 290
t 2821 45 2446 36
t 46 2821 45 2446
t 1575 1476 979 1465
t 979 1476 1464 1465
t 683 3045 694 2289
t 2289 694 695 3045
t 303 1736 419 1674
t 303 2424 2917 1674
t 303 1736 1674 1666
t 2844 419 2129 303
t 2844 419 303 1736
t 267 362 2480 2332
t 2332 363 362 2480
t 1738 1674 419 1736
t 55 2488 2338 169
t 1736 2844 419 410
t 2488 2338 2995 170
t 2335 783 794 795
t 33 3071 42 2825
t 2825 42 43 3071
t 113 215 124 2542
t 113 2542 2310 215
t 1737 420 304 978
t 2542 2310 215 1717
t 56 2488 67 2482
t 56 2482 2337 170
t 2482 2337 2971 171
t 466 2506 2411 583
t 571 2292 582 2506
t 2506 582 583 2292
t 420 978 413 304
t 475 229 2299 2301
t 2301 2956 229 2299
t 1674 429 2424 2917
t 2960 2504 583 584
t 2504 583 584 2291
t 2504 583 2291 572
t 2517 189 197 1384
t 2501 588 589 2289
t 1675 320 311 2749
t 1675 2749 2608 320
t 2501 588 2289 577
t 320 430 311 2749
t 1294 1552 281 1287
t 1737 2749 311 430
t 140 239 229 238
t 140 239 238 1623
t 124 2542 1715 2301
t 2542 2301 221 1715
t 319 1739 438 449
t 429 438 319 1740
t 3010 1103 1114 1115
t 456 2506 466 2504
t 1751 449 438 1739
t 349 466 2504 456
t 349 2504 466 2960
t 1740 319 1739 438
t 141 2299 239 142
t 142 2299 239 240
t 2608 1775 2618 439
t 36 150 2446 2820
t 2608 320 439 1741
t 2820 151 150 2446
t 1028 2949 2355 1029
t 2363 1038 1039 2355
t 2363 1038 2355 1028
t 2495 176 2989 165
t 2495 2989 176 177
t 476 2538 488 489
t 439 1775 2749 2608
t 3013 1612 489 476
t 321 440 1741 1743
t 311 430 3027 312
t 311 312 762 430
t 312 431 430 440
t 312 430 431 762
t 322 323 441 1744
t 322 441 1743 1744
t 1155 1668 2266 2295
t 2488 180 2995 169
t 2488 2995 180 181
t 2481 182 2963 171
t 323 442 1744 1745
t 2481 2963 182 183
t 1744 323 1745 1683
t 1744 323 441 442
t 2494 177 3024 166
t 2494 3024 177 178
t 324 325 2369 1746
t 324 443 1745 1746
t 361 2360 374 2528
t 2528 374 375 2360
t 496 497 2347 613
t 497 2347 613 614
t 487 604 2347 614
t 325 326 2368 1747
t 325 444 1746 1747
t 1746 325 2369 444
t 283 255 1384 286
t 326 445 1747 1748
t 3005 1136 1127 1126
t 3023 1136 1127 3005
t 3023 1127 1136 1137
t 1126 1136 1127 2810
t 2810 1137 1136 1127
t 1747 326 2368 445
t 1353 62 2495 51
t 63 1353 62 2495
t 327 446 1748 1749
t 497 614 613 622
t 328 447 1749 1750
t 328 1687 1750 1749
t 321 322 3026 440
t 322 440 3012 3026
t 322 3012 440 441
t 321 322 440 1743
t 1749 1686 328 1687
t 1743 322 440 441
t 893 2364 903 2579
t 1749 328 327 447
t 2579 903 904 2364
t 3006 1135 1126 1125
t 1136 1135 1126 3006
t 329 448 1750 1694
t 1125 1135 1126 2216
t 2216 1136 1135 1126
t 329 1687 1694 1750
t 320 321 3027 439
t 321 439 440 3027
t 320 321 439 1741
t 1741 321 439 440
t 478 2536 490 2535
t 2362 490 2535 478
t 2362 2535 490 491
t 2349 474 1610 2498
t 2349 595 2498 1610
t 449 330 1739 1965
t 315 2369 425 434
t 2369 425 434 435
t 262 2379 2484 353
t 2379 2484 353 354
t 1752 1694 1750 448
t 1124 1134 2356 2814
t 2814 1135 1134 2356
t 1794 457 2455 573
t 574 1794 2455 573
t 282 283 382 255
t 282 274 382 283
t 795 3035 2558 533
t 3035 628 2558 533
t 2989 361 273 2528
t 3024 273 2528 2989
t 178 273 2528 3024
t 178 2528 273 274
t 548 657 2344 3072
t 548 3072 2345 657
t 3072 1351 2131 2344
t 1778 1741 439 440
t 3072 657 2939 2345
t 3072 2939 2131 1351
t 1100 1096 484 473
t 473 484 1262 1391
t 473 484 1391 1096
t 1779 1743 440 441
t 57 67 2482 56
t 1781 1745 442 443
t 68 57 67 2482
t 26 2552 1653 2374
t 2552 1653 2374 396
t 1782 1746 443 444
t 2535 638 536 608
t 2535 1549 608 536
t 2535 638 608 1392
t 1783 1747 444 445
t 2482 181 2971 170
t 2482 2971 181 182
t 528 2584 539 2561
t 528 2561 2346 641
t 1784 1748 445 446
t 2561 2346 641 642
t 1646 250 2485 340
t 1749 446 1748 1784
t 341 1646 2485 340
t 2372 725 396 3004
t 1543 397 725 2372
t 1786 1750 447 448
t 806 2579 815 2578
t 2385 815 2578 806
t 2385 2578 815 816
t 269 364 276 270
t 269 270 2380 364
t 270 276 552 364
t 270 1542 364 552
t 270 2380 364 1542
t 1121 1132 2357 2206
t 2206 2806 1132 2357
t 1010 3005 1021 1011
t 1011 1021 1022 3023
t 894 1021 1011 1010
t 904 1021 1011 894
t 904 1011 1021 1022
t 1016 1015 2357 1004
t 3021 1004 1015 1016
t 293 406 1691 1697
t 293 294 2372 406
t 1697 417 406 1691
t 1698 1755 339 1699
t 294 1583 406 417
t 1698 338 339 1755
t 294 2372 406 1583
t 326 327 607 445
t 327 445 446 607
t 326 327 445 1748
t 1748 327 445 446
t 892 2366 902 2581
t 1755 1756 339 1699
t 2581 2992 903 2366
t 366 2362 377 2524
t 2524 377 1274 2362
t 539 651 2345 2561
t 2561 642 2412 652
t 2561 652 651 2345
t 2582 3020 2476 900
t 3020 542 900 2582
t 271 366 278 2524
t 271 2524 2378 366
t 2524 2378 366 367
t 560 2344 665 1830
t 1830 2344 665 666
t 308 426 317 607
t 2575 308 607 426
t 2575 1553 426 607
t 316 1244 3029 425
t 1244 316 2368 435
t 435 2163 1244 425
t 455 336 337 2314
t 1760 1753 336 455
t 312 431 3026 313
t 312 313 1420 431
t 313 3012 431 3026
t 273 374 373 452
t 911 2363 922 2576
t 1763 2314 348 336
t 2576 922 923 2363
t 1697 417 308 2575
t 2575 417 2961 609
t 2575 2961 417 2977
t 294 417 1697 609
t 1697 2575 609 417
t 307 425 3029 308
t 307 308 1691 425
t 308 426 425 3029
t 257 2382 2490 348
t 2382 2490 348 349
t 474 603 594 593
t 593 2389 603 594
t 593 31 603 2389
t 1391 593 31 603
t 1143 1154 2355 2812
t 2812 1155 1154 2355
t 292 405 1292 293
t 293 406 405 1292
t 2374 292 293 405
t 2374 406 405 293
t 456 455 337 2314
t 456 1760 1759 337
t 337 1706 1760 1759
t 2810 2219 2216 2243
t 2810 2243 2245 2219
t 457 1706 338 337
t 457 1706 1755 338
t 3020 1016 3007 1005
t 3020 3007 1016 1017
t 1616 2581 814 2579
t 1547 2579 814 815
t 1547 814 2579 1616
t 830 2576 1276 822
t 830 822 2593 2576
t 2383 1276 822 830
t 1262 603 2347 2498
t 2498 604 603 2347
t 458 1755 339 338
t 458 1755 1756 339
t 458 1756 1755 1795
t 278 279 2524 377
t 279 1274 377 723
t 279 2524 377 1274
t 1701 252 2483 342
t 343 1701 2483 342
t 459 1756 340 339
t 459 1756 1707 340
t 1708 341 342 3017
t 273 274 2528 374
t 274 2528 374 375
t 2578 904 905 894
t 460 1707 341 340
t 460 1707 1708 341
t 271 2524 278 272
t 272 278 279 2524
t 2963 278 272 271
t 2971 270 271 2379
t 2971 278 271 270
t 270 1544 278 552
t 270 2379 366 271
t 2989 361 2528 2381
t 3017 1708 1757 342
t 2381 362 361 2528
t 266 361 273 2989
t 266 2989 2382 361
t 1479 361 273 266
t 361 1100 266 1479
t 3015 2989 266 273
t 461 1757 343 342
t 461 1757 1709 343
t 1711 1709 344 462
t 1761 1799 1709 462
t 273 1479 266 3015
t 2959 2378 2483 354
t 2378 2483 354 355
t 261 2380 2485 352
t 2380 2485 352 2982
t 3110 68 2481 57
t 258 2381 2487 349
t 2381 2487 349 350
t 1647 251 2484 341
t 342 1647 2484 341
t 270 276 1544 552
t 2995 276 270 269
t 2967 276 270 2995
t 2967 270 276 1544
t 346 464 395 1765
t 346 1765 1718 1712
t 597 536 606 2536
t 1713 346 1758 463
t 2536 606 1549 536
t 248 247 2487 337
t 338 248 2487 337
t 1758 2621 1800 464
t 1644 246 2490 336
t 337 1644 2490 336
t 464 463 1758 346
t 2209 2806 2235 2233
t 2233 2806 2206 2209
t 622 1378 726 2383
t 622 2383 726 727
t 2538 3048 606 597
t 2538 3048 515 606
t 2538 1224 606 515
t 1719 348 1762 1766
t 477 2538 489 2536
t 3011 489 2536 477
t 2382 361 349 2183
t 1766 465 348 1762
t 2981 489 2536 3011
t 2981 2536 489 490
t 1716 1762 348 1763
t 2805 3073 2209 2235
t 2235 2805 3073 2236
t 465 1763 2314 348
t 465 1763 348 1762
t 465 1766 1763 1762
t 324 2369 443 1746
t 1746 2369 443 444
t 701 2389 712 2384
t 2389 711 2384 700
t 2389 2384 701 700
t 325 2368 444 1747
t 1747 2368 444 445
t 1466 1452 1672 2827
t 2827 1466 1452 1455
t 56 66 2488 55
t 67 56 66 2488
t 1100 484 373 361
t 1008 2356 1019 2366
t 2366 1019 1020 2356
t 473 1100 2183 361
t 306 424 425 1292
t 1375 2718 284 2722
t 1009 3006 1020 1010
t 1010 1020 1021 3006
t 1355 63 2494 52
t 64 1355 63 2494
t 142 2350 240 143
t 143 2350 240 241
t 133 2956 2350 2351
t 2351 230 2250 2350
t 408 521 281 1639
t 1639 281 2401 521
t 48 153 162 2386
t 484 1100 373 2708
t 484 1389 1100 2708
t 355 2987 2539 461
t 355 2539 2987 471
t 801 887 808 888
t 2583 887 888 3060
t 2583 887 3060 880
t 3110 183 80 2529
t 2529 173 3064 184
t 1767 482 1764 383
t 2529 80 184 183
t 1077 1672 1465 1452
t 110 1077 1465 1452
t 1465 1448 110 1452
t 263 355 344 253
t 263 344 355 356
t 253 355 344 343
t 684 3068 695 3074
t 3074 695 696 3067
t 3074 695 3067 3068
t 125 221 2351 2572
t 2572 1400 221 2351
t 3067 800 2583 790
t 3067 2583 800 801
t 102 208 2361 3090
t 3090 1536 208 2361
t 80 2511 91 2549
t 80 81 184 192
t 81 184 192 193
t 58 2529 2386 172
t 2529 3064 173 2386
t 1639 625 281 1552
t 114 2572 2361 1717
t 2572 1717 3059 2361
t 589 2539 578 3074
t 2539 589 1369 3074
t 2987 2539 2501 589
t 1106 1117 2358 1801
t 1801 1118 1117 2358
t 2812 3075 2265 2294
t 2294 2812 3075 2295
t 1237 2845 410 400
t 300 413 516 2607
t 2418 1041 2413 1031
t 3018 1041 2413 2418
t 3018 2413 2988 1042
t 1769 300 516 2607
t 2421 1037 2415 1027
t 2199 1037 1038 2421
t 2421 2415 1037 1038
t 832 2591 3033 927
t 915 3019 926 916
t 916 926 927 3019
t 1236 524 400 410
t 537 649 2397 2585
t 639 640 2966 650
t 2585 650 649 2397
t 563 2392 668 1833
t 1833 2392 668 669
t 385 1653 396 3008
t 2552 385 1653 396
t 2776 526 420 413
t 1804 455 456 571
t 572 1804 456 571
t 550 551 760 658
t 551 550 2394 658
t 551 659 658 2394
t 526 2607 516 413
t 526 2607 413 2882
t 562 2394 667 1832
t 1832 2394 667 668
t 3008 509 2564 498
t 510 509 2564 3008
t 1759 456 2504 572
t 573 1759 2504 572
t 2562 277 1234 613
t 2562 496 2407 613
t 2562 2407 277 613
t 2399 517 631 632
t 1772 546 430 420
t 1797 460 2502 576
t 1849 1797 2502 576
t 537 2776 526 420
t 537 2776 420 1772
t 429 1738 545 1777
t 429 545 438 1777
t 535 545 429 1738
t 1796 459 2503 575
t 576 1796 2503 575
t 1147 1158 3093 2273
t 2273 1159 1158 3093
t 1774 535 1738 545
t 2749 439 430 1775
t 2749 430 1772 1775
t 1798 1797 2501 577
t 578 1798 2501 577
t 1775 558 439 430
t 1775 546 430 1772
t 506 255 2562 1641
t 673 2562 495 506
t 673 2562 506 255
t 438 1777 556 2889
t 438 2038 449 2889
t 438 1777 1751 1740
t 1777 556 545 438
t 478 598 2535 1392
t 478 1392 588 598
t 913 2419 924 2595
t 1788 2889 556 1777
t 2595 2986 2473 925
t 831 2592 840 926
t 914 2418 925 2592
t 915 2592 3018 2418
t 439 440 558 1778
t 2535 608 2405 491
t 2535 608 1549 2405
t 1775 1825 1789 558
t 1775 439 558 1778
t 1775 2618 439 1778
t 1778 1741 2618 439
t 468 2410 2503 586
t 2410 2503 586 587
t 440 441 559 1779
t 440 559 1778 1779
t 465 2411 2506 582
t 1778 440 558 559
t 2411 2506 582 583
t 441 442 560 1780
t 441 560 1779 1780
t 2413 1157 2614 1146
t 1779 441 559 560
t 2413 2614 1157 1158
t 728 1656 840 2592
t 2592 840 728 831
t 728 1660 2592 831
t 442 443 561 1781
t 442 561 1780 1781
t 718 1660 728 831
t 538 650 2972 2584
t 442 1745 1781 1780
t 2584 641 745 651
t 1780 442 1745 1744
t 2584 2972 3022 650
t 2584 651 650 3022
t 1780 442 560 2344
t 1539 1324 659 660
t 1539 660 659 2392
t 443 444 563 1782
t 443 562 1781 1782
t 1781 443 561 562
t 444 445 2152 1783
t 444 563 1782 1783
t 1398 85 2517 74
t 86 1398 85 2517
t 445 446 565 1784
t 445 564 1783 1784
t 1783 445 2152 564
t 446 447 565 1785
t 446 565 1784 1785
t 447 448 566 1786
t 447 566 1785 1786
t 447 1750 1786 1785
t 1785 447 1750 1749
t 1785 447 565 566
t 448 449 2038 1791
t 448 567 1786 1791
t 448 1750 1752 1786
t 526 2585 618 639
t 2585 618 639 640
t 1786 448 566 567
t 2889 568 2038 449
t 829 920 835 921
t 909 2422 920 2594
t 2594 920 921 2422
t 2889 568 449 1964
t 2889 449 1751 1964
t 830 2593 2969 922
t 910 2421 921 2593
t 2593 921 922 2421
t 89 88 199 77
t 1791 449 2038 568
t 1791 449 568 1964
t 1791 1752 449 1964
t 1828 1778 558 559
t 1829 1779 559 560
t 527 2585 538 2584
t 527 2584 2399 640
t 1831 1781 561 562
t 2584 2399 640 641
t 1832 1782 562 563
t 90 89 2513 78
t 1834 1784 1783 564
t 1833 1783 563 564
t 1834 1783 1833 564
t 1834 1784 564 565
t 543 728 1545 2438
t 674 543 2438 728
t 674 2438 1534 728
t 1836 1786 566 567
t 1706 337 457 1759
t 91 90 2511 79
t 1755 1795 1794 458
t 1755 457 458 1794
t 2824 84 2521 73
t 85 2824 84 2521
t 1376 2440 828 829
t 2440 829 2594 828
t 828 2716 2594 2440
t 1756 459 1707 1796
t 469 2409 2502 587
t 1756 458 459 1795
t 2409 2502 587 588
t 489 606 2403 2536
t 2536 1549 606 2403
t 1795 1796 459 1756
t 1707 459 460 1796
t 1708 460 3017 1797
t 1757 3017 461 1798
t 1709 461 462 1799
t 2521 196 2448 187
t 2521 188 2448 2965
t 2415 1153 2813 1142
t 1154 1153 2813 2415
t 571 455 456 2506
t 1804 1793 455 571
t 1539 660 2391 758
t 758 661 660 2391
t 1763 2506 2314 455
t 1763 1809 571 1955
t 1763 571 455 1955
t 821 2594 829 2593
t 2439 829 2593 821
t 3039 829 2593 2439
t 3039 2593 2969 830
t 1759 456 457 2504
t 1760 456 1759 1804
t 572 571 456 2506
t 572 1804 1759 456
t 572 1759 1804 1803
t 1794 457 458 2455
t 573 1759 457 2504
t 573 1759 1794 457
t 1795 458 459 2298
t 3004 510 1406 3008
t 3004 1406 510 1639
t 574 1794 458 2455
t 574 1794 1795 458
t 574 1795 1794 1847
t 1796 459 460 2503
t 575 1795 459 2298
t 575 1795 1796 459
t 1797 460 3017 2502
t 2290 2813 2261 2294
t 476 596 2538 2410
t 2410 3048 596 2538
t 576 1796 460 2503
t 576 1796 1797 460
t 1798 3017 461 2501
t 564 2391 669 1834
t 1834 2391 669 670
t 520 1247 2401 625
t 2501 1797 3017 2502
t 2501 1797 1798 3017
t 1799 461 462 2539
t 520 1247 592 2398
t 2538 606 2406 489
t 2538 606 1224 2406
t 578 1798 461 2501
t 578 1798 1799 461
t 559 2395 664 1829
t 1829 2395 664 665
t 579 1799 462 2539
t 579 1799 1761 462
t 1800 463 464 2297
t 1761 1805 1799 579
t 858 961 960 868
t 850 949 851 2588
t 938 939 2952 950
t 580 1761 463 462
t 580 1761 1800 463
t 2588 950 949 851
t 1060 2945 1069 1061
t 464 1806 581 1811
t 464 2297 395 1811
t 1061 1069 1070 2945
t 2952 1069 1061 1060
t 464 1806 1765 2621
t 540 539 2561 528
t 2946 528 539 540
t 2561 651 2412 641
t 2561 2412 651 652
t 581 1800 464 2297
t 479 1392 491 3076
t 491 2569 1393 3076
t 491 3076 1392 2569
t 1358 1393 3076 2258
t 2416 491 3076 479
t 2416 3076 2258 1358
t 2427 939 1305 1265
t 1265 939 1305 3103
t 110 120 2763 109
t 110 120 1077 2763
t 836 930 2427 837
t 836 837 2938 930
t 2136 837 836 2427
t 837 2427 931 930
t 837 2938 930 931
t 3062 1137 3077 1127
t 1023 1137 3077 3062
t 1023 3077 1137 1138
t 582 1763 2506 465
t 582 1763 465 2739
t 1811 591 2297 395
t 1749 327 446 447
t 272 1274 279 280
t 272 280 710 1274
t 1253 272 280 710
t 3064 279 280 272
t 3064 1253 272 280
t 1812 395 591 1811
t 2890 395 482 2151
t 822 2429 911 2576
t 2429 2576 912 911
t 895 896 905 2596
t 2596 905 906 896
t 2442 816 2596 807
t 2442 2596 816 817
t 309 427 1251 23
t 309 427 1553 1251
t 309 427 23 302
t 593 1096 2411 473
t 2847 2826 3078 1584
t 2877 1584 3078 2826
t 482 2890 601 2843
t 2877 3078 1584 1585
t 2890 601 2151 482
t 867 868 970 1989
t 1989 868 970 971
t 301 418 309 302
t 301 302 2426 418
t 302 418 1225 2426
t 745 846 757 2437
t 757 2437 1319 2412
t 757 2412 745 2437
t 812 1261 900 901
t 812 901 900 2429
t 59 3110 2529 58
t 69 59 3110 2529
t 344 1709 253 343
t 2588 949 950 938
t 938 2952 949 950
t 1183 1182 2359 1689
t 2945 1689 1182 1183
t 1893 785 2527 875
t 876 1893 2527 875
t 1817 333 611 1815
t 2529 183 3064 172
t 2529 3064 183 184
t 1816 1812 2843 601
t 1816 2843 611 601
t 1816 2843 1815 611
t 1845 620 386 2734
t 916 1033 927 2466
t 2569 1392 600 2454
t 2831 123 3101 112
t 124 2831 123 3101
t 1799 461 2539 578
t 579 1799 2539 578
t 829 2969 2593 921
t 2969 2593 921 922
t 834 928 845 835
t 835 929 928 845
t 109 119 2545 108
t 120 109 119 2545
t 866 968 959 865
t 866 959 968 969
t 1862 1815 1817 611
t 828 829 2594 920
t 829 2594 920 921
t 413 538 420 421
t 2761 421 413 762
t 762 420 421 413
t 2373 1424 1710 2761
t 942 3016 953 943
t 943 953 954 3016
t 3061 1159 1810 1148
t 3061 1810 1159 1160
t 530 643 541 531
t 1394 760 531 541
t 2459 541 531 530
t 541 643 760 531
t 2459 531 541 1394
t 2465 1067 2458 1058
t 2465 2458 1067 1068
t 856 958 865 857
t 856 857 3032 958
t 857 959 958 865
t 953 1072 3079 1063
t 953 3079 1072 1073
t 857 960 959 867
t 857 948 960 850
t 301 308 309 2575
t 1697 2575 308 301
t 753 308 301 1697
t 3040 308 301 753
t 3040 301 308 309
t 1656 925 2595 2473
t 2595 2473 1308 1656
t 2607 1821 526 516
t 853 2599 2469 952
t 940 2462 951 2599
t 941 2599 2999 2462
t 3035 2582 1261 542
t 859 962 860 2469
t 2469 963 962 860
t 1937 788 2556 878
t 2005 1937 2556 878
t 849 2603 3032 948
t 936 2465 947 2603
t 2603 947 948 2465
t 3095 941 1303 1700
t 2764 410 524 1236
t 2764 410 535 524
t 840 3080 3033 934
t 840 3080 934 3002
t 3080 1235 934 3002
t 3080 934 1235 3033
t 852 2469 2599 951
t 2469 2599 951 2999
t 854 855 2597 953
t 855 2597 953 954
t 1890 3081 626 1665
t 3081 626 1665 714
t 2833 2585 537 526
t 3081 626 714 3056
t 1667 3056 626 3081
t 2586 3081 626 1890
t 2586 626 3081 1667
t 814 903 825 2579
t 2607 1773 526 1821
t 2579 825 904 903
t 527 2584 538 528
t 528 538 539 2584
t 417 425 426 1394
t 639 1821 526 2833
t 308 425 417 1691
t 308 417 425 426
t 535 2451 545 1097
t 806 894 2578 807
t 984 2147 524 535
t 807 895 894 2578
t 1710 528 421 414
t 414 421 422 528
t 1424 421 414 1710
t 1424 414 421 1420
t 1420 414 421 422
t 2522 916 1310 1659
t 1659 916 1310 2591
t 1616 893 2579 806
t 806 894 893 2579
t 1772 546 537 1822
t 798 893 1616 806
t 1822 2397 546 537
t 2491 848 2603 844
t 1773 1822 537 2833
t 2491 2603 3032 849
t 2830 124 2542 113
t 125 2830 124 2542
t 871 872 974 1993
t 649 2833 2585 537
t 649 2833 537 1822
t 649 1865 1935 1822
t 1993 872 974 975
t 845 2603 849 2602
t 850 849 2602 845
t 545 1824 1777 1774
t 1097 654 2451 545
t 3037 845 849 850
t 538 537 2585 526
t 1571 2402 1186 1177
t 1074 1177 1073 1186
t 1176 1186 1177 1571
t 2402 1679 1186 1177
t 1775 558 546 1825
t 1639 2401 281 625
t 1825 655 558 546
t 840 2592 925 926
t 2592 925 1656 840
t 866 867 969 1997
t 1997 867 969 970
t 655 1822 2397 546
t 655 1822 546 1825
t 108 118 2547 107
t 119 108 118 2547
t 853 952 3031 2598
t 556 2838 568 1788
t 941 942 1063 953
t 2598 953 952 3031
t 2832 122 2543 111
t 123 2832 122 2543
t 860 963 871 861
t 860 861 3031 963
t 861 964 963 871
t 849 948 850 2602
t 2602 938 2463 949
t 2602 949 948 850
t 558 559 663 1828
t 558 663 1790 1828
t 558 1778 1828 1790
t 2602 948 2463 937
t 2602 2463 948 949
t 844 936 2603 845
t 845 937 936 2603
t 1825 1868 1838 663
t 1825 1789 558 663
t 2586 2453 1552 1667
t 2586 1667 617 2453
t 870 871 973 1992
t 1992 871 973 974
t 869 870 860 972
t 869 870 972 1991
t 1991 870 972 973
t 663 1825 655 558
t 845 937 2602 846
t 559 560 2395 1829
t 559 664 1828 1829
t 846 938 937 2602
t 2479 2557 884 885
t 1828 559 663 664
t 2557 884 1533 2479
t 3079 1185 1176 1175
t 2996 1185 1176 3079
t 2996 1176 1185 1186
t 1780 561 2344 1830
t 560 665 1829 1830
t 861 964 872 965
t 861 965 855 964
t 1829 560 2395 665
t 965 975 964 872
t 561 562 666 1831
t 561 666 1830 1831
t 821 910 1164 2594
t 561 1781 1831 1830
t 2594 909 910 1164
t 2716 1164 2594 821
t 1830 561 1781 1780
t 2883 909 2594 1164
t 1830 561 2344 666
t 815 2578 904 2477
t 2578 2477 905 904
t 562 563 2394 1832
t 562 667 1831 1832
t 1831 562 666 667
t 2598 952 953 941
t 941 1063 952 953
t 821 2593 2476 910
t 563 564 2392 1833
t 563 668 1832 1833
t 2593 2476 910 911
t 381 1182 1172 1689
t 2978 1680 1182 1172
t 2978 1689 1172 1182
t 1832 563 2394 668
t 743 2491 755 744
t 744 755 756 2491
t 2966 755 744 743
t 756 755 744 2966
t 564 565 2391 1834
t 564 669 1833 1834
t 2585 649 650 639
t 639 2966 649 650
t 1833 564 2392 669
t 2582 3020 899 2476
t 2584 650 745 640
t 565 566 670 1835
t 565 670 1834 1835
t 2584 745 650 651
t 813 902 2992 2581
t 2581 2366 902 2992
t 1834 565 2391 670
t 831 3033 2591 926
t 566 567 672 1836
t 566 671 1835 1836
t 3033 2591 926 927
t 566 1786 1836 1835
t 1680 1181 2354 1171
t 2458 1171 1181 1680
t 1835 566 1786 1785
t 1835 566 670 671
t 491 2453 1393 2569
t 848 3032 2603 947
t 567 672 1836 3050
t 567 1786 1791 1836
t 3032 2603 947 948
t 2880 91 2549 80
t 92 2880 91 2549
t 799 800 2554 886
t 800 2554 886 887
t 798 2556 885 886
t 839 840 933 2472
t 2887 568 1788 1961
t 840 2472 934 933
t 744 3037 756 745
t 745 756 757 3037
t 1064 1177 1073 1065
t 1065 1073 1074 1177
t 3016 1073 1065 1064
t 1842 3050 1836 672
t 954 1073 1065 3016
t 954 1065 1073 1074
t 1936 787 2557 877
t 878 1936 2557 877
t 1477 568 3050 2887
t 1944 1892 784 533
t 1477 568 2887 1961
t 3050 1791 568 1969
t 875 1944 1893 2558
t 215 3040 1715 221
t 215 221 753 3040
t 1717 215 221 753
t 2542 1715 221 215
t 2542 1717 215 221
t 1059 2978 1068 1060
t 1060 1068 1069 2978
t 2463 1068 1060 1059
t 1069 1068 1060 2463
t 1881 1828 663 664
t 1881 663 1828 1840
t 838 2474 2473 932
t 2474 2473 932 933
t 1870 1829 664 665
t 798 893 1266 1616
t 1616 893 1266 2581
t 1872 1831 666 667
t 1660 2592 825 728
t 825 915 2592 1660
t 824 825 2992 913
t 1874 1833 1832 668
t 825 2992 913 914
t 1873 1832 667 668
t 1995 866 1997 1933
t 1995 1932 866 1933
t 1874 1833 668 669
t 2462 1071 2457 1062
t 2999 1071 2457 2462
t 2999 2457 1071 1072
t 1875 1834 669 670
t 1938 789 2554 879
t 880 1938 2554 879
t 1877 1836 671 672
t 835 929 846 836
t 835 836 2969 929
t 836 930 929 846
t 417 2977 426 2575
t 2575 426 1553 557
t 2575 426 557 2977
t 2457 1184 1175 1174
t 1185 1184 1175 2457
t 2997 2457 1184 1185
t 1759 572 573 1803
t 1174 1184 1175 1808
t 1808 1185 1184 1175
t 1794 1847 1846 574
t 1794 573 574 1846
t 533 1892 783 874
t 1795 2298 575 1847
t 86 1401 1412 1398
t 86 1228 1412 1401
t 800 801 2583 887
t 1796 576 1797 1849
t 801 2583 887 888
t 1796 575 576 1848
t 1177 2404 1188 2370
t 2370 1188 1177 1681
t 2508 1679 1188 1177
t 2508 1681 1177 1188
t 1177 1679 1188 2404
t 1848 1849 576 1796
t 418 1553 427 557
t 309 418 1553 427
t 302 427 1225 418
t 1797 2502 577 1849
t 309 302 418 427
t 2572 221 3059 1717
t 2572 3059 221 1400
t 1798 577 578 1850
t 2881 125 2572 114
t 126 2881 125 2572
t 1799 578 579 1851
t 1800 580 581 1855
t 816 2596 905 2522
t 2596 2522 906 905
t 943 944 954 3082
t 3082 954 955 944
t 1939 790 2583 880
t 881 1939 2583 880
t 677 571 572 2292
t 1853 1844 571 677
t 1857 2292 582 571
t 1857 677 571 1952
t 109 1465 1464 1448
t 1448 1673 1464 109
t 297 347 1554 1567
t 1804 572 1803 1853
t 678 677 572 2292
t 678 1853 1852 572
t 572 1803 1853 1852
t 679 1803 573 572
t 679 1803 1846 573
t 1847 2298 575 680
t 1740 1738 1674 429
t 2845 1733 1237 1559
t 680 1846 574 573
t 680 1846 1847 574
t 680 1847 1846 1885
t 1615 1546 1509 1611
t 1591 1187 357 1189
t 681 1847 575 680
t 681 1847 1848 575
t 1849 2502 577 682
t 682 1848 576 575
t 682 1848 1849 576
t 2122 971 1081 1089
t 961 1081 2122 971
t 683 1849 577 682
t 683 1849 1850 577
t 684 1850 578 2289
t 684 1850 1851 578
t 1805 579 580 686
t 1016 2806 1142 3003
t 223 311 320 3027
t 1675 311 320 223
t 685 1851 579 578
t 685 1851 1805 579
t 1855 580 581 686
t 1805 1854 1851 685
t 686 1805 1855 580
t 908 1025 1035 2020
t 581 2628 687 1858
t 581 698 591 1858
t 2628 1855 581 687
t 2628 2635 1855 687
t 687 1855 581 686
t 1715 308 3029 317
t 1715 3040 308 317
t 1096 2141 582 1099
t 1809 1856 582 1857
t 2198 2199 1037 1048
t 921 1037 2198 2199
t 689 1857 2292 582
t 689 1857 582 1856
t 689 1898 1857 1856
t 1690 1240 2705 1179
t 591 698 601 1858
t 591 1858 1812 1811
t 1690 1179 2705 644
t 1046 2043 1579 1161
t 2043 1579 1161 1240
t 1046 1161 1579 2093
t 1099 711 1131 593
t 2131 666 2922 774
t 666 774 2927 2922
t 700 1099 2141 593
t 2064 1056 2065 1690
t 601 1860 709 1863
t 601 709 611 1863
t 601 1860 1816 1812
t 1858 709 698 601
t 1223 1056 2065 2064
t 1858 709 601 1860
t 1858 601 1812 1860
t 931 1050 2124 2066
t 2066 2952 1050 2124
t 2066 1050 2952 1061
t 2065 1055 944 1066
t 1332 1055 944 2065
t 958 1078 1087 959
t 2029 1078 1087 958
t 727 837 2137 1243
t 709 715 611 1462
t 1816 611 1815 1862
t 727 1243 1242 837
t 727 2077 837 1242
t 727 1259 837 2077
t 727 1276 2137 837
t 727 837 1259 1276
t 998 1115 3010 1125
t 998 1115 1125 3009
t 733 724 2240 620
t 591 698 2085 601
t 601 709 698 2085
t 2155 2154 1196 1209
t 1083 2155 2154 1196
t 1862 1462 611 1817
t 1534 2077 512 2221
t 1534 2221 1657 2077
t 2165 2164 1166 1175
t 1052 1166 2165 2164
t 733 2240 630 620
t 724 2734 675 620
t 420 537 546 538
t 1772 537 546 420
t 29 1862 1817 722
t 29 1817 2727 722
t 2195 2124 1049 1060
t 930 1049 2195 2124
t 1864 743 639 630
t 2051 1292 1577 530
t 2042 2997 1184 1195
t 1071 1184 2042 2997
t 2258 491 2175 1552
t 2362 491 2175 2258
t 1935 649 639 1865
t 1865 743 649 639
t 1269 1545 1270 825
t 743 1864 639 1865
t 2068 1035 1024 1034
t 907 2068 1035 1024
t 2204 2953 1017 1028
t 900 1017 2204 2953
t 357 654 1824 1869
t 2197 3018 1041 1052
t 925 1041 2197 3018
t 932 1051 2066 2191
t 1822 655 649 1867
t 2191 1051 2066 1062
t 1867 763 655 649
t 2283 832 3033 841
t 1320 832 3033 2283
t 1320 832 2283 3092
t 755 1865 743 649
t 755 1865 649 1867
t 2205 893 998 1009
t 885 998 2205 893
t 1825 663 655 1868
t 1868 2232 663 655
t 422 539 2972 548
t 422 539 548 2946
t 763 1867 655 1868
t 1024 1139 1652 1150
t 1024 1139 1150 2908
t 2087 1152 1162 1036
t 663 664 772 1881
t 663 771 1840 1881
t 1868 1919 1878 771
t 158 260 2950 268
t 1868 1838 663 771
t 158 260 268 2898
t 771 1868 2232 663
t 664 665 772 1870
t 664 772 1881 1870
t 665 666 2131 1871
t 665 773 1870 1871
t 1870 665 772 773
t 666 667 2927 1872
t 666 774 1871 1872
t 666 1831 1872 1871
t 1871 666 1831 1830
t 1871 666 2131 774
t 1001 1118 3062 1128
t 1001 1118 1128 2910
t 667 775 1872 1873
t 1872 667 2927 775
t 2767 313 3026 322
t 2767 226 313 322
t 2067 2197 1040 1051
t 924 1040 2067 2986
t 668 669 2985 1874
t 668 776 1873 1874
t 2986 2067 2197 1040
t 2036 2085 697 708
t 2036 1604 2085 708
t 734 835 2217 2218
t 2218 845 835 2217
t 669 670 777 1875
t 669 777 1874 1875
t 1874 669 2985 777
t 3083 1305 2427 2136
t 3083 2427 1305 1265
t 1243 837 2136 3083
t 1243 3083 1242 837
t 670 671 778 1876
t 670 778 1875 1876
t 1875 670 777 778
t 2181 2122 1080 1088
t 960 1080 2181 2122
t 671 672 779 1877
t 671 779 1876 1877
t 671 1836 1877 1876
t 1876 671 1836 1835
t 2074 863 862 3063
t 1876 671 778 779
t 1589 863 862 2074
t 1462 722 636 2727
t 1462 722 2727 1817
t 672 1202 780 1842
t 672 780 1877 1842
t 672 1836 1842 1877
t 1862 722 1462 1817
t 765 960 867 2135
t 1877 672 779 780
t 1293 1652 1138 1149
t 592 3000 737 749
t 1247 592 3000 737
t 486 781 1837 500
t 1020 1135 1146 2973
t 781 1842 780 1202
t 1883 1842 1877 780
t 2071 2205 997 1008
t 884 2071 2205 997
t 781 1477 1837 1960
t 1004 1110 2174 995
t 1121 1004 1110 2174
t 2221 839 1246 728
t 728 1656 2221 839
t 1656 2221 1308 2438
t 2267 1023 1293 1652
t 2267 1023 1652 2068
t 906 1023 2068 907
t 906 2267 2068 1023
t 1008 1114 2911 1124
t 1881 1870 772 773
t 1008 1114 1124 3010
t 1921 1871 773 774
t 1922 1872 774 775
t 1922 774 1872 1871
t 2188 1069 1068 1079
t 948 1068 2188 1069
t 1923 1873 775 776
t 1924 1874 776 777
t 1085 1199 1094 2039
t 2039 1199 1094 1212
t 1925 1875 777 778
t 2061 1086 1095 1222
t 1927 1877 779 780
t 1803 572 679 1852
t 1846 1885 1884 680
t 1846 679 680 1884
t 657 765 764 2131
t 2131 773 765 764
t 1847 680 681 1885
t 1848 681 682 1886
t 1849 683 1850 1888
t 1849 682 683 1887
t 1887 1888 683 1849
t 1850 683 684 1888
t 1851 684 685 1889
t 2177 499 1654 2175
t 2177 2175 490 499
t 1855 686 687 792
t 1002 1119 2910 1129
t 1002 1119 1129 2909
t 783 677 678 2335
t 2162 1192 1680 1079
t 1079 1680 3034 1192
t 1900 2335 689 677
t 1900 783 677 1951
t 660 2979 2985 777
t 660 768 777 769
t 1852 678 679 784
t 784 783 678 2335
t 784 1853 1852 678
t 1884 679 680 785
t 1852 1893 1892 784
t 785 1852 679 784
t 785 1852 1884 679
t 1885 680 681 786
t 887 1000 894 1011
t 887 1000 1011 3060
t 786 1884 680 785
t 786 1884 1885 680
t 786 1885 1884 1894
t 1886 681 682 787
t 787 1885 681 786
t 787 1885 1886 681
t 1887 682 683 788
t 196 285 2771 2965
t 2965 450 285 2771
t 2080 318 328 329
t 2899 2080 2078 318
t 2080 2078 318 329
t 788 1886 682 787
t 788 1886 1887 682
t 1888 683 684 3045
t 964 1084 1083 1092
t 964 1084 1092 975
t 2287 751 27 2914
t 2287 2914 739 751
t 410 524 2754 535
t 789 1887 683 788
t 789 1887 1888 683
t 1889 684 685 3068
t 410 2754 524 409
t 1018 1133 2949 1144
t 1018 1133 1144 1134
t 2158 1210 2154 1092
t 2158 1578 2154 1210
t 790 1888 684 3045
t 790 1888 1889 684
t 1854 685 686 791
t 1021 1136 2973 1147
t 1021 1136 1147 3023
t 791 1889 685 3068
t 791 1889 1854 685
t 1854 1895 1889 791
t 1868 763 2232 655
t 771 1868 763 2232
t 631 734 2966 640
t 640 734 2966 744
t 792 1854 686 791
t 792 1854 1855 686
t 687 803 698 1897
t 687 1897 1858 2635
t 1855 1896 1895 792
t 2047 1173 2947 1061
t 2047 1239 2947 1173
t 202 742 1548 2726
t 1099 2229 2141 689
t 1482 393 794 1898
t 1482 794 689 1898
t 3084 1310 816 2226
t 3084 816 1310 1659
t 1268 816 2226 3084
t 1268 2442 3084 1277
t 3084 2284 816 1659
t 1857 1898 689 1900
t 1277 3084 2284 2442
t 2116 529 1692 2051
t 794 1900 2335 689
t 794 1900 689 1898
t 794 1425 1900 1898
t 2116 2051 518 529
t 698 1897 803 1901
t 698 803 709 1901
t 630 733 743 2966
t 1864 733 743 630
t 2253 1198 1074 3066
t 2253 1679 1074 1198
t 1948 1897 803 793
t 3085 1265 838 3083
t 1242 838 3083 3085
t 1242 2221 3085 1246
t 3085 2215 838 1265
t 1246 3085 2215 2221
t 454 804 711 700
t 733 828 2220 724
t 834 733 828 2220
t 3086 1376 2220 829
t 3086 835 829 2220
t 734 2991 3086 2969
t 3086 2991 1376 829
t 804 454 2229 700
t 709 1901 810 1907
t 709 1901 1863 1858
t 1901 810 803 709
t 1203 709 1462 715
t 1203 709 715 708
t 1957 1901 810 803
t 2167 1048 2777 1172
t 1203 1529 708 715
t 1073 1186 3049 1578
t 1203 504 715 1462
t 1074 1186 1578 1679
t 2120 2911 1113 1123
t 1911 1823 722 819
t 996 1113 2120 2911
t 2183 349 466 473
t 2169 1043 1159 1168
t 1043 1159 1168 3061
t 735 836 2218 2136
t 2136 846 836 2218
t 735 836 2136 2137
t 2139 652 1319 2922
t 652 653 1319 2922
t 722 1911 827 1914
t 722 827 732 1914
t 2164 1064 1167 1176
t 1911 827 819 722
t 1053 1167 2164 1064
t 435 551 444 2152
t 2152 551 444 563
t 435 2163 2152 1244
t 206 293 3041 3087
t 3087 1304 293 3041
t 3087 293 1304 1695
t 430 546 558 547
t 1775 546 558 430
t 2771 1607 1609 1663
t 1589 1201 2636 863
t 828 2716 2440 724
t 828 1974 1913 1912
t 1589 1693 862 863
t 1589 2636 1693 863
t 732 2729 833 1474
t 1346 1591 648 1189
t 732 29 619 28
t 1914 833 827 732
t 1914 833 732 2729
t 2922 858 2135 2075
t 2075 868 858 2135
t 929 1048 2194 2195
t 2195 1048 2194 1059
t 1864 743 733 1915
t 1542 469 3013 477
t 1542 3011 469 477
t 1915 844 743 733
t 834 1981 1912 1915
t 2199 2938 1038 1049
t 922 1038 2199 2938
t 739 842 2279 569
t 569 2279 647 842
t 2279 647 842 1333
t 2186 2184 1073 1084
t 953 1073 2184 954
t 953 2186 2184 1073
t 1865 755 743 1917
t 1917 2491 755 743
t 1915 834 844 733
t 844 733 834 2217
t 844 733 2217 743
t 844 1915 743 1917
t 954 1074 2184 965
t 965 2184 3066 1074
t 2247 694 1547 638
t 2247 694 638 588
t 1867 763 755 1918
t 1918 848 763 755
t 848 1917 2491 755
t 848 1917 755 1918
t 1081 1194 2942 2040
t 2040 1194 2942 1207
t 1187 847 347 335
t 649 2968 763 2984
t 1867 755 763 649
t 1030 2992 1019 2980
t 902 1019 2069 2992
t 1868 771 763 1919
t 1919 865 771 763
t 2229 3043 795 804
t 690 795 2229 3043
t 856 1918 848 763
t 856 1918 763 1919
t 737 840 2214 3088
t 3088 1302 840 2214
t 3088 1299 840 1302
t 737 840 3088 2212
t 335 2636 847 347
t 756 849 3032 857
t 756 849 857 3037
t 771 772 865 1881
t 771 865 1920 1881
t 771 1880 1881 1920
t 2123 2063 1070 1081
t 1919 1986 2646 865
t 950 1070 2123 2913
t 1919 771 865 1920
t 1919 1878 771 1920
t 2913 2123 2063 1070
t 192 184 279 1312
t 183 279 192 184
t 2070 889 1002 1013
t 763 856 865 3036
t 772 773 867 1881
t 1919 856 865 763
t 1881 772 865 866
t 773 2135 867 1921
t 773 867 1881 1921
t 774 2075 868 1922
t 774 868 1921 1922
t 774 1871 1922 1921
t 1921 2135 867 868
t 775 776 870 1923
t 775 869 1922 1923
t 438 556 2038 2889
t 2889 568 556 2038
t 234 312 3027 321
t 234 312 321 3026
t 1922 2075 868 869
t 2253 1075 1188 1199
t 1075 1188 1199 2902
t 776 777 870 1924
t 776 870 1923 1924
t 1601 1112 3007 2120
t 1580 554 3058 566
t 1580 2900 554 566
t 966 1085 3066 976
t 777 778 872 1925
t 777 871 1924 1925
t 976 1094 1085 3066
t 1924 777 870 871
t 778 779 872 1926
t 778 872 1925 1926
t 1082 1195 2040 2155
t 2155 1195 2040 1208
t 779 780 3063 1927
t 779 873 1926 1927
t 779 1877 1927 1926
t 1926 779 1877 1876
t 1926 779 872 873
t 161 2959 2971 271
t 161 2959 271 2975
t 780 3063 1927 1934
t 780 1877 1883 1927
t 2162 2945 1182 1193
t 1069 1182 2162 2945
t 429 545 2041 438
t 438 556 545 2041
t 486 781 500 1909
t 1025 1140 2908 1151
t 1222 967 2062 1086
t 1934 1883 781 1962
t 1567 1201 1909 864
t 1617 304 2231 218
t 1617 2231 304 311
t 1932 1881 865 866
t 1932 865 1881 1920
t 1933 1881 866 867
t 1933 866 1881 1932
t 517 245 527 618
t 255 245 517 506
t 1990 1922 868 869
t 3089 229 2303 475
t 1991 1923 869 870
t 3089 1322 2303 229
t 3089 1715 1322 229
t 3089 229 475 2301
t 3089 2301 1715 229
t 131 227 237 481
t 1992 1924 870 871
t 131 227 2096 237
t 1993 1925 871 872
t 1582 2300 224 605
t 1994 1927 873 3063
t 2860 201 2315 95
t 211 2860 201 2315
t 408 281 1294 1639
t 1294 71 1287 408
t 2304 228 481 475
t 2304 228 475 2303
t 2304 2303 1323 228
t 682 788 635 693
t 693 788 635 798
t 1884 1894 1893 786
t 1884 785 786 1893
t 1885 786 787 1894
t 1886 787 788 1936
t 1887 788 789 1937
t 147 247 2296 156
t 156 247 2296 258
t 156 2976 247 258
t 1888 790 1889 1939
t 2305 2289 683 694
t 1888 789 790 1938
t 577 2305 2289 683
t 993 1108 2910 1002
t 1938 1939 790 1888
t 1002 1108 2910 1119
t 1002 2909 1108 1119
t 1889 790 791 1939
t 64 178 63 75
t 75 178 2958 189
t 1896 792 793 1947
t 2104 2100 210 216
t 104 210 2104 2100
t 1892 1950 783 874
t 67 181 1281 2993
t 2289 578 684 695
t 695 578 684 3074
t 1900 2010 874 1956
t 1900 874 783 1956
t 999 1000 1105 1116
t 581 687 2931 698
t 581 687 698 1858
t 579 686 2919 590
t 590 686 2919 697
t 590 2931 686 697
t 1893 784 785 2558
t 875 1944 2558 533
t 1893 784 2558 1944
t 150 250 2898 159
t 159 250 2898 261
t 159 2974 250 261
t 1892 1943 1950 874
t 150 250 159 2964
t 2964 159 2974 250
t 2092 2091 2899 2080
t 135 2899 2092 2091
t 533 1892 784 783
t 533 1892 1943 1944
t 1893 785 786 2527
t 341 460 2982 469
t 341 460 469 3017
t 875 1893 785 2558
t 875 1893 1944 2002
t 1894 786 787 2377
t 2859 196 2317 84
t 2859 2317 196 2773
t 201 2773 196 2317
t 1893 1945 2002 875
t 2312 206 100 214
t 100 3041 214 206
t 876 1893 786 2527
t 876 1893 1894 786
t 876 1894 1945 2003
t 1936 787 788 2557
t 151 251 2974 160
t 160 251 2974 262
t 160 2959 251 262
t 877 1894 787 2377
t 877 1894 1936 787
t 1937 788 789 2556
t 343 461 354 355
t 355 461 354 2987
t 343 461 355 462
t 2338 2337 160 170
t 46 160 2338 2337
t 102 208 2310 2361
t 2361 208 2310 1717
t 878 1936 788 2557
t 878 1936 1937 788
t 1938 789 790 2554
t 2262 204 1530 2102
t 98 204 2262 2102
t 1000 2358 1106 1117
t 879 1937 789 2556
t 879 1937 1938 789
t 1939 790 791 2583
t 685 791 3067 696
t 696 791 3067 801
t 696 2926 791 801
t 151 252 2959 161
t 161 2975 252 2959
t 882 993 2105 889
t 880 1938 790 2554
t 880 1938 1939 790
t 1895 791 792 2376
t 889 993 2105 1002
t 2315 202 1548 2313
t 96 202 2315 2313
t 881 1939 791 2583
t 881 1939 1895 791
t 2107 210 104 2106
t 1947 792 793 2375
t 2107 2106 1630 210
t 148 248 2976 157
t 1895 1946 1939 881
t 157 248 2976 259
t 157 2936 248 259
t 882 1895 792 2376
t 882 1895 1947 792
t 793 2375 803 1948
t 2318 2319 990 999
t 1948 2650 793 883
t 1948 2643 1897 793
t 879 2318 2319 990
t 880 991 2319 887
t 887 991 2319 1000
t 887 3060 991 1000
t 880 887 3060 991
t 883 1947 793 2375
t 1857 677 2292 571
t 689 1857 677 2292
t 70 185 193 2108
t 2108 185 193 194
t 70 185 2108 2285
t 344 462 355 356
t 356 462 355 471
t 472 729 804 794
t 356 1354 462 471
t 344 462 356 345
t 345 356 1354 462
t 31 711 675 277
t 277 675 1321 711
t 1900 794 783 1819
t 1900 1425 794 1819
t 149 249 2936 158
t 158 249 2936 260
t 158 2898 249 260
t 125 221 2301 2351
t 2351 221 2301 2956
t 803 1948 890 1957
t 1948 890 2375 803
t 3090 208 2324 102
t 3090 1279 2324 208
t 3090 1278 1279 208
t 42 156 52 2339
t 2339 156 52 166
t 338 457 349 350
t 2015 1948 890 883
t 350 457 349 2960
t 2312 2310 207 215
t 101 207 2312 2310
t 988 1103 2911 997
t 997 1103 2911 1114
t 997 3010 1103 1114
t 891 472 729 804
t 810 1957 898 1907
t 1203 2430 819 1907
t 2292 2291 678 690
t 810 1957 1907 1901
t 572 2292 2291 678
t 877 988 996 884
t 884 988 996 997
t 1966 1907 898 1957
t 692 787 797 1533
t 692 787 1533 635
t 681 787 797 692
t 99 3041 1535 2102
t 2102 213 3041 1535
t 2350 2092 230 241
t 134 230 2350 2092
t 3091 1609 2773 1607
t 3091 2860 1609 1516
t 3091 1609 2860 2773
t 684 790 3045 695
t 695 790 3045 800
t 695 3067 790 800
t 684 790 695 3068
t 3068 695 3067 790
t 819 1907 908 1911
t 1907 908 2430 819
t 45 159 2114 2338
t 2338 159 2114 169
t 1973 1911 908 1966
t 994 1109 2909 2846
t 2846 1109 2909 1120
t 989 1104 3010 998
t 998 1104 3010 1115
t 998 999 1104 1115
t 989 998 999 1104
t 48 162 2334 2386
t 2386 162 2334 172
t 2270 203 197 97
t 2270 1384 197 203
t 827 1971 919 2840
t 827 1971 1914 1911
t 2339 2248 157 167
t 43 157 2339 2248
t 1911 919 827 1971
t 2326 206 2998 100
t 2326 1280 2998 206
t 2837 1914 1916 833
t 1980 2840 919 1971
t 576 682 586 587
t 587 682 586 693
t 587 2305 682 693
t 1912 834 828 1975
t 1912 828 1974 1975
t 1912 1975 1981 834
t 987 1102 2259 996
t 1975 1976 920 1974
t 1975 920 828 1974
t 996 1102 2259 1113
t 996 2911 1102 1113
t 987 1102 996 2924
t 2924 996 2911 1102
t 128 222 2899 231
t 1913 1974 828 2883
t 128 222 231 1614
t 162 263 152 2975
t 152 2975 263 253
t 920 2883 2594 828
t 920 2883 828 1974
t 920 1976 1977 1974
t 573 679 2291 584
t 584 679 2291 691
t 340 459 351 352
t 352 459 351 468
t 352 2982 459 468
t 340 352 2982 459
t 1763 455 2314 336
t 2837 1914 833 2840
t 465 1763 2506 2314
t 619 225 1346 8
t 1915 844 834 1981
t 2756 2923 1346 8
t 678 784 2335 690
t 690 784 2335 795
t 690 3043 784 795
t 2351 2097 1400 230
t 126 1400 2351 2097
t 1900 783 2335 677
t 928 1975 834 1981
t 794 1900 783 2335
t 68 182 2993 2329
t 833 2837 1241 985
t 2329 191 182 2993
t 833 2837 985 1916
t 881 992 3060 888
t 888 992 3060 1001
t 888 2105 992 1001
t 1197 1187 847 1241
t 2248 2114 158 168
t 44 158 2248 2114
t 883 994 889 1003
t 883 994 1003 2015
t 1917 848 844 1983
t 2361 3059 115 2104
t 2361 2104 1536 3059
t 1983 2603 848 844
t 574 680 584 585
t 585 680 584 691
t 585 586 680 691
t 992 1107 2358 1001
t 936 1981 844 1983
t 1197 945 1241 847
t 1001 1107 2358 1118
t 1001 2910 1107 1118
t 1197 945 847 335
t 2309 2259 1101 1112
t 2309 1112 1601 2259
t 66 180 65 77
t 1918 856 848 1985
t 1650 246 2296 146
t 257 1650 246 2296
t 878 989 884 885
t 885 989 884 998
t 885 2318 989 998
t 947 1983 2603 848
t 947 1983 848 1985
t 133 2956 2299 2350
t 2350 2956 2299 240
t 683 789 798 799
t 683 789 799 3045
t 679 785 3043 691
t 691 785 3043 796
t 1919 865 856 1986
t 2386 173 59 3109
t 2386 3109 615 173
t 2313 2262 203 212
t 97 203 2313 2262
t 339 458 350 351
t 351 458 350 467
t 958 1985 856 1986
t 864 967 2616 1987
t 2270 204 98 1632
t 98 2897 1632 204
t 337 456 2314 349
t 349 456 2314 466
t 686 792 2926 697
t 697 792 2926 802
t 697 2925 792 802
t 2030 1987 2616 967
t 2337 2334 161 171
t 47 161 2337 2334
t 865 968 1995 866
t 865 1920 1932 1995
t 687 793 2925 803
t 687 793 803 1897
t 1986 2029 2656 968
t 62 2331 176 2772
t 187 2772 176 2331
t 315 434 2916 324
t 324 443 434 2916
t 324 2369 434 443
t 315 434 324 2369
t 244 408 2426 1225
t 244 1365 409 1225
t 704 814 1266 1269
t 704 1269 1270 814
t 704 1547 814 1270
t 704 1616 1266 814
t 704 814 1547 1616
t 708 809 2138 1529
t 1997 867 970 1989
t 1933 1921 867 1989
t 173 280 3064 184
t 868 971 1989 1990
t 173 1253 3064 280
t 868 1990 1989 1922
t 1989 868 1922 1921
t 2356 3006 1125 1135
t 1009 1125 2356 3006
t 2378 710 355 367
t 2975 355 2378 263
t 263 2378 710 355
t 869 972 1990 1991
t 2372 609 397 1583
t 2994 2372 609 397
t 1543 397 2372 2994
t 369 1217 2903 482
t 369 2903 493 482
t 2903 1217 2657 482
t 369 493 2903 83
t 369 482 493 360
t 870 973 1991 1992
t 1274 389 1312 280
t 1274 280 629 389
t 2307 2117 1123 1133
t 1007 1123 2307 2117
t 288 408 609 244
t 871 974 1992 1993
t 288 244 1294 408
t 872 873 976 1999
t 872 975 1993 1999
t 294 417 406 1697
t 294 609 1583 417
t 306 424 2128 425
t 425 424 2128 434
t 873 976 1999 1994
t 1999 873 1994 1926
t 452 273 374 382
t 1999 872 975 976
t 273 374 382 274
t 363 487 627 1613
t 363 487 2951 627
t 363 487 1613 2121
t 363 1610 2951 487
t 2121 1612 488 1613
t 363 2121 1610 487
t 3063 1439 977 1994
t 3063 1927 1934 1994
t 22 1604 708 715
t 2382 2183 349 348
t 257 348 266 2382
t 1100 2183 361 2382
t 313 3012 3026 322
t 322 3012 432 313
t 322 432 3012 441
t 2364 894 1010 1021
t 2712 1929 2655 1962
t 2001 1994 977 1439
t 275 274 283 375
t 314 433 322 323
t 1517 2616 1222 967
t 323 441 433 322
t 323 433 441 442
t 323 2916 433 442
t 314 433 323 2916
t 1517 2616 818 946
t 316 1244 425 435
t 307 425 316 3029
t 291 414 1424 164
t 389 1294 2341 106
t 1312 2341 106 389
t 2360 473 484 1262
t 361 484 2360 473
t 1996 1989 970 971
t 2031 1990 971 972
t 312 431 421 762
t 312 1420 421 431
t 2032 1991 972 973
t 2033 1992 973 974
t 314 423 432 433
t 314 2128 423 433
t 1998 1993 974 975
t 305 423 314 2128
t 304 420 311 762
t 311 762 420 430
t 2000 1994 976 977
t 2000 976 1994 1999
t 1737 420 311 304
t 1737 311 420 430
t 289 400 409 2845
t 2845 400 409 410
t 2723 1007 2316 2127
t 2127 1018 1007 2316
t 2127 2316 901 1018
t 310 437 2721 318
t 310 1264 2904 437
t 310 437 318 2917
t 310 2917 1264 437
t 310 437 2904 2721
t 1008 1124 2117 2356
t 2356 1134 1124 2117
t 2379 2378 354 366
t 2959 354 2379 2378
t 1894 876 877 2003
t 319 438 2915 449
t 449 448 438 2915
t 1936 877 878 2004
t 1937 2556 879 2005
t 1938 879 880 2006
t 432 431 422 1420
t 1420 314 423 432
t 1939 881 1946 2008
t 295 410 2129 2844
t 2844 419 410 2129
t 1939 880 881 2007
t 1658 373 452 1479
t 1479 373 452 273
t 1658 452 373 2731
t 2007 2008 881 1939
t 2917 429 438 319
t 1946 881 882 2008
t 2366 2364 1009 1020
t 893 1009 2366 2364
t 2442 816 2385 1268
t 2442 807 2385 816
t 2442 816 1268 3084
t 261 352 2132 2380
t 2380 352 2132 364
t 318 437 447 329
t 329 437 447 448
t 329 2915 437 448
t 318 437 329 2915
t 1178 1441 874 995
t 2357 3007 1122 2806
t 1005 1122 2357 3007
t 312 440 3027 321
t 312 440 430 3027
t 312 3026 431 440
t 312 440 321 3026
t 2416 2258 2362 1274
t 2416 479 2362 491
t 2332 2132 351 363
t 260 351 2332 2132
t 286 255 291 404
t 286 292 1653 404
t 286 624 255 404
t 286 1653 624 404
t 795 729 891 533
t 795 533 891 3035
t 1944 533 875 1489
t 2369 2368 435 444
t 316 2369 2368 435
t 2130 1314 17 385
t 2130 17 1612 385
t 2732 1943 1944 533
t 2801 2002 875 986
t 2126 1022 1012 896
t 2126 1012 1022 1023
t 1944 875 2002 1489
t 2115 1013 1129 1139
t 1013 1129 1139 1014
t 308 426 3029 317
t 317 426 1244 607
t 986 1489 2002 875
t 2003 876 877 987
t 2121 476 488 1612
t 1612 488 489 476
t 1945 876 2003 2801
t 2801 2011 2002 986
t 987 2801 2003 876
t 987 2003 2011 2012
t 2381 2332 350 362
t 259 350 2381 2332
t 604 712 702 595
t 988 2003 877 987
t 988 2003 2004 877
t 2005 2556 879 989
t 595 604 515 702
t 2380 353 1542 2379
t 262 353 2380 2379
t 2442 2138 808 817
t 989 2004 878 877
t 989 2004 2005 878
t 2426 2961 408 609
t 2426 408 2961 418
t 2382 2381 349 361
t 258 349 2382 2381
t 990 2005 879 989
t 990 2005 2006 879
t 2134 1253 2133 2755
t 2385 1268 2226 1270
t 991 2006 880 879
t 991 2006 2007 880
t 2008 881 882 992
t 287 396 2374 2372
t 2374 396 406 2372
t 320 3027 430 439
t 311 430 320 3027
t 992 2007 881 880
t 992 2007 2008 881
t 993 2008 882 992
t 993 2008 2009 882
t 892 1008 2127 2366
t 883 2013 994 2015
t 883 1003 890 2015
t 2366 1008 2127 1019
t 883 2013 2015 1948
t 2013 2650 1948 883
t 994 1947 883 882
t 994 2009 1947 882
t 3092 832 2441 1320
t 3092 1310 2441 2591
t 994 1947 2009 2014
t 3092 2283 1320 714
t 3092 1659 1310 2591
t 3092 2283 714 2497
t 3092 2497 1659 832
t 2395 2344 657 665
t 548 657 2395 2344
t 491 2405 1552 1667
t 491 1552 2453 1667
t 2407 2347 603 613
t 1262 603 2407 2347
t 995 1899 2010 2688
t 890 2015 1003 1957
t 890 1003 898 1957
t 890 2015 1957 1948
t 2861 146 2447 32
t 155 2861 146 2447
t 2076 1957 1003 2015
t 1035 1151 2171 2839
t 2839 1161 1151 2171
t 2399 2346 632 641
t 517 632 2399 2346
t 1957 1014 1003 898
t 1033 1148 3093 1293
t 3093 3061 1148 1159
t 1293 3093 3061 1148
t 472 1004 2016 2017
t 1015 2017 1004 472
t 908 1966 1025 2020
t 908 1035 919 2020
t 2413 3093 1147 1158
t 1032 1148 3023 1147
t 1032 2413 3093 1147
t 1014 1025 908 1966
t 2018 1014 1966 1025
t 2885 2422 920 909
t 2885 2022 1026 2019
t 722 827 2222 732
t 732 833 827 2222
t 2446 2444 151 160
t 37 151 2446 2444
t 1026 1141 1152 1142
t 2087 1141 1152 1026
t 919 2020 1980 1973
t 2021 2018 2020 1025
t 2021 2020 1035 1025
t 1975 928 920 1976
t 516 630 1821 618
t 1821 618 630 639
t 1976 1036 928 920
t 1977 1976 920 2885
t 2890 395 2151 591
t 2890 601 591 2151
t 540 652 2345 2143
t 2143 1351 652 2345
t 2345 652 2939 1351
t 1036 2885 2422 920
t 1036 2885 920 1976
t 833 705 2912 2837
t 833 705 2837 2840
t 2355 2907 1144 1155
t 2949 1144 2355 2907
t 716 507 2383 2225
t 2225 1276 823 2383
t 2225 1276 1259 823
t 1981 936 928 2024
t 2024 1047 2194 928
t 539 651 3022 548
t 548 651 3022 657
t 1047 1976 1036 928
t 1047 1976 928 2024
t 935 2064 945 1520
t 935 2027 1984 1982
t 910 1027 2422 2421
t 1037 1036 1027 2422
t 2421 1027 2422 1037
t 1046 1057 935 2025
t 2025 935 2027 1057
t 1983 947 936 2026
t 2026 2465 947 936
t 1058 2024 1047 2194
t 1058 2024 936 2026
t 945 485 2264 956
t 34 148 3071 43
t 43 148 3071 157
t 485 1690 2064 945
t 913 1030 2200 2419
t 1040 1039 1030 2200
t 2419 1030 2200 1040
t 36 150 2145 2446
t 2446 150 2145 159
t 2651 333 129 611
t 1817 28 2651 333
t 1506 611 129 333
t 1985 958 947 2028
t 2028 1067 958 947
t 1067 2026 2465 947
t 1067 2026 947 2028
t 1067 2098 2026 2028
t 2447 3071 147 156
t 33 147 2447 3071
t 614 716 622 2149
t 2149 716 622 727
t 1986 968 958 2029
t 2029 1087 968 958
t 1662 452 2448 187
t 285 1662 452 2448
t 1078 2028 1067 958
t 1078 2028 958 2029
t 2399 631 618 640
t 517 631 618 2399
t 2392 2391 660 669
t 1539 660 2392 2391
t 2987 589 588 1392
t 2987 589 1392 2454
t 2539 2987 2454 589
t 2029 2101 2661 1087
t 2885 1026 2422 909
t 1036 2885 1026 2422
t 468 586 595 2410
t 2410 586 595 596
t 2029 1078 2028 2101
t 914 1031 2419 2418
t 2418 2986 1031 2419
t 2418 1031 2986 1041
t 969 970 2181 1723
t 1723 969 1087 1079
t 970 971 2122 1996
t 970 1088 2044 1996
t 2410 2409 587 597
t 469 587 2410 2409
t 1723 970 2181 1088
t 1997 1996 970 2044
t 2727 732 28 29
t 2727 732 1776 28
t 971 972 1090 2031
t 1996 971 2122 1089
t 1996 971 1089 2031
t 972 973 3038 2032
t 2383 1378 2439 822
t 2383 3039 822 2439
t 2383 822 3039 830
t 2031 972 1090 2032
t 2444 2443 151 161
t 38 151 2444 2443
t 973 974 1092 2033
t 717 2225 1534 2438
t 2225 1534 2438 1657
t 2032 973 3038 1091
t 2400 645 2398 532
t 2032 973 1091 2033
t 2032 1992 973 2033
t 2400 1247 2398 645
t 974 975 1092 1998
t 974 1092 2033 1998
t 975 976 1093 1999
t 975 1093 2034 1999
t 975 1993 1999 2034
t 503 1219 826 1379
t 731 504 720 826
t 731 1379 826 720
t 1998 975 1093 2034
t 1998 1993 975 2034
t 731 2222 504 826
t 2406 606 1329 1406
t 2406 606 1406 2403
t 489 606 2406 2403
t 490 1549 2403 2405
t 2405 1549 2403 1328
t 2046 1999 2034 1093
t 1999 976 1093 1094
t 359 129 2654 1770
t 1222 967 1095 1517
t 1094 977 1095 2048
t 977 1994 2001 2000
t 551 2394 2392 659
t 2394 2392 659 668
t 2388 2145 149 158
t 35 149 2388 2145
t 1461 1095 390 967
t 911 1028 2421 2363
t 1461 1095 967 1517
t 2363 1038 1028 2421
t 2363 2421 922 1038
t 2363 2200 1029 1039
t 912 1029 2363 2200
t 1822 649 2397 537
t 655 1822 649 2397
t 2109 1996 1088 1089
t 2109 2031 1996 1089
t 812 2476 2429 900
t 2476 2429 900 911
t 2110 2031 1089 1090
t 2110 2032 2031 1090
t 840 3033 926 934
t 831 926 840 3033
t 2111 2032 1090 1091
t 2111 2033 2032 1091
t 2112 2033 1091 1092
t 846 2427 930 938
t 836 930 846 2427
t 846 2136 836 2427
t 2045 1998 1092 1093
t 2045 2034 1998 1093
t 2045 1092 1998 2033
t 2488 2482 170 181
t 56 170 2488 2482
t 1986 958 865 856
t 968 1986 958 865
t 977 2048 2000 2050
t 3094 307 1304 1323
t 3094 307 1323 1322
t 3094 1695 1304 307
t 3094 307 1322 2460
t 3094 2460 1695 307
t 216 1419 302 310
t 216 310 303 1419
t 849 948 3032 857
t 857 958 948 3032
t 857 948 958 959
t 857 960 948 959
t 849 948 857 850
t 857 959 865 866
t 866 867 959 969
t 857 959 866 867
t 2011 2012 2053 987
t 2011 986 987 2775
t 813 902 2921 824
t 824 912 902 2921
t 824 902 912 913
t 824 2992 902 913
t 813 902 824 2992
t 2491 744 845 849
t 744 845 849 3037
t 2004 2005 2055 989
t 2004 988 989 2055
t 2004 988 2055 2054
t 2005 2006 2056 990
t 2005 989 990 2056
t 2005 989 2056 2055
t 2434 2277 339 351
t 249 339 2434 2277
t 2006 2007 2057 991
t 2006 990 991 2057
t 2006 990 2057 2056
t 2485 2484 341 353
t 251 341 2485 2484
t 2007 2008 2058 992
t 2007 991 992 2058
t 2007 991 2058 2057
t 2008 2059 993 2009
t 2008 992 993 2059
t 2008 992 2059 2058
t 837 923 2938 931
t 1276 923 2938 837
t 1276 923 837 1259
t 837 2272 923 931
t 1259 837 2272 923
t 254 344 253 263
t 2090 263 264 2276
t 263 2276 344 356
t 254 980 2276 2090
t 854 953 3031 861
t 861 963 953 3031
t 2009 994 2014 2059
t 2009 993 994 2059
t 861 953 963 964
t 861 855 953 964
t 854 953 861 855
t 856 3032 947 958
t 848 947 856 3032
t 1985 947 856 848
t 958 1985 947 856
t 485 1076 1690 2264
t 2264 485 1076 956
t 2479 893 1266 798
t 2479 798 885 893
t 1899 378 995 2010
t 871 872 964 974
t 861 964 871 872
t 2436 2280 168 179
t 54 168 2436 2280
t 2098 1171 2458 1058
t 1181 2098 1171 2458
t 1529 2920 907 918
t 826 2920 1529 918
t 817 907 917 1529
t 817 917 826 1529
t 1529 907 917 918
t 830 922 2969 836
t 836 929 922 2969
t 836 922 929 930
t 830 922 836 1276
t 836 2938 922 930
t 1276 836 2938 922
t 809 889 896 897
t 809 810 889 897
t 802 889 809 810
t 2775 986 987 2259
t 3095 941 2474 1303
t 3095 933 2474 941
t 3095 941 1700 1302
t 3095 941 1302 2472
t 3095 2472 933 941
t 2738 986 2011 2775
t 1066 1188 2508 1075
t 1066 644 1681 1188
t 1066 1681 2508 1188
t 1066 1188 1075 2902
t 1066 2902 644 1188
t 834 835 920 928
t 2924 2053 987 1102
t 828 920 834 835
t 1975 920 834 828
t 928 1975 920 834
t 2522 916 2477 1310
t 2522 905 2477 916
t 1102 2775 987 2259
t 2055 988 989 1103
t 2055 2054 988 1103
t 2519 943 3002 1299
t 2519 943 1299 1333
t 3002 1054 943 1332
t 2012 988 2054 2924
t 2924 2054 2053 1102
t 2519 1235 3002 1332
t 3096 854 855 1299
t 750 2531 1299 3096
t 1317 855 1334 2531
t 750 1317 1334 2531
t 1103 2924 2054 988
t 2056 2055 989 1104
t 1400 309 302 3059
t 821 2582 1164 899
t 821 910 899 1164
t 821 2476 899 910
t 821 2476 2582 899
t 1104 2055 989 1103
t 2057 990 991 1105
t 2057 2056 990 1105
t 2484 2483 342 354
t 252 342 2484 2483
t 1533 2274 511 2479
t 1533 2479 884 2274
t 2429 2921 901 912
t 1104 2056 990 989
t 2058 991 992 1107
t 2058 2057 991 1106
t 2487 2434 338 350
t 248 338 2487 2434
t 1060 1182 2978 1069
t 1060 1689 2978 1182
t 1060 1182 1069 2945
t 1060 2945 1689 1182
t 1106 2057 991 1105
t 2059 992 993 1107
t 2059 2058 992 1107
t 868 961 970 971
t 868 869 961 971
t 858 961 868 869
t 2477 915 904 1660
t 1660 904 825 915
t 2477 915 1660 1310
t 991 1107 1106 2358
t 2059 993 994 1108
t 1655 1658 1479 1721
t 2059 2072 2058 1107
t 1108 2059 993 1107
t 965 964 954 855
t 994 1275 1109 2846
t 855 965 3082 954
t 1275 2659 2015 994
t 2059 2073 2072 1108
t 2483 253 343 355
t 2014 1942 2073 1109
t 862 965 955 3082
t 862 955 965 966
t 1227 955 862 1693
t 1109 2059 994 1108
t 1109 2059 2014 994
t 3082 955 862 1227
t 835 921 928 929
t 835 2969 921 929
t 829 921 835 2969
t 808 888 895 896
t 808 809 888 896
t 801 888 808 809
t 2026 1058 2465 936
t 1067 2026 1058 2465
t 869 962 971 972
t 2688 1004 995 2698
t 869 860 962 972
t 859 962 869 860
t 2473 840 925 933
t 1656 925 2473 840
t 2482 2481 171 182
t 57 171 2482 2481
t 840 942 2472 1302
t 840 934 2472 942
t 840 942 1302 1299
t 840 942 1299 3002
t 840 3002 934 942
t 2490 2487 337 349
t 247 337 2490 2487
t 372 5 1729 379
t 2519 944 1333 842
t 1003 1120 1014 2076
t 2519 944 842 1332
t 2846 1120 1003 2076
t 1725 2846 1120 1109
t 1725 2846 2076 1120
t 1121 2357 1015 1004
t 1599 165 2495 51
t 176 1599 165 2495
t 2495 2494 166 177
t 52 166 2495 2494
t 250 340 2277 2485
t 2485 340 2277 352
t 1591 847 647 1693
t 2076 1130 1120 1014
t 1591 761 2636 1693
t 2019 1026 1015 2084
t 2019 1015 2081 2084
t 2019 2084 2022 1026
t 803 890 810 1957
t 1957 898 890 810
t 2084 1132 1026 1015
t 2084 2082 1132 2081
t 2084 1132 1015 2081
t 2017 2081 1015 1121
t 1304 306 1272 1323
t 1132 1121 2357 1015
t 1132 1121 1015 2081
t 1025 2018 1140 1151
t 1130 1140 1025 2018
t 814 903 2992 825
t 825 903 2992 914
t 2469 853 952 963
t 853 952 963 3031
t 2083 1130 2018 1140
t 819 908 2920 827
t 827 919 908 2920
t 2022 1036 1026 2087
t 2022 1026 2084 2087
t 2022 2087 1976 1036
t 2920 919 918 705
t 819 908 827 1911
t 1911 919 908 827
t 844 845 928 936
t 2087 1152 1036 1026
t 2087 1141 1026 2084
t 834 928 844 845
t 1981 928 844 834
t 936 1981 928 844
t 1141 2084 1132 1026
t 1035 2171 1046 2839
t 2271 939 2427 1265
t 2271 931 2427 939
t 55 169 2280 2488
t 2488 169 2280 180
t 2494 2436 167 178
t 53 167 2494 2436
t 58 172 2481 2529
t 2529 172 2481 183
t 1976 1047 1036 2089
t 1976 1036 2087 2089
t 1976 2089 2024 1047
t 2089 1162 1047 1036
t 2089 2088 1162 2087
t 2089 1162 1036 2087
t 799 886 798 806
t 806 893 886 798
t 806 886 893 894
t 2087 1141 2084 2088
t 806 807 886 894
t 799 886 806 807
t 2837 1241 935 2912
t 2837 935 1241 985
t 1046 1579 1057 2093
t 2839 1161 2171 1046
t 807 887 894 895
t 807 808 887 895
t 800 887 807 808
t 870 972 963 860
t 870 963 972 973
t 870 871 963 973
t 860 963 870 871
t 2024 1058 1047 2094
t 2024 1047 2089 2094
t 2024 2094 2026 1058
t 3096 854 2492 1704
t 3096 1302 2492 854
t 2094 1162 1058 1047
t 2094 1162 1047 2089
t 3096 854 1704 1317
t 2531 855 3096 1317
t 3096 1299 1302 854
t 940 1062 3097 2462
t 2462 2913 1062 3097
t 2462 1062 2913 1071
t 850 851 949 960
t 1057 1180 1690 485
t 867 960 969 970
t 867 868 960 970
t 939 1061 2952 3097
t 3097 1069 1061 2952
t 3097 1061 1069 1070
t 937 1059 2465 2463
t 2463 1059 2465 1068
t 1523 1057 1498 1180
t 264 345 2276 2134
t 2026 1067 1058 2098
t 2026 1058 2094 2098
t 980 345 2276 264
t 2098 2458 1067 1058
t 2098 2095 1171 2094
t 2098 1171 1058 2094
t 3098 851 2437 1319
t 3098 851 1319 1267
t 3098 1305 2437 851
t 3098 1265 1305 851
t 3098 851 1267 2281
t 2094 1162 2089 2095
t 3098 2281 1265 851
t 862 966 872 873
t 873 976 966 872
t 872 966 975 976
t 873 3063 966 976
t 862 873 3063 966
t 256 346 264 265
t 265 1245 346 264
t 265 346 1245 1792
t 1171 2094 1162 1058
t 858 960 950 851
t 858 950 960 961
t 858 2918 950 961
t 851 950 858 2918
t 2522 917 2769 817
t 2522 817 906 917
t 748 853 2493 1316
t 748 1303 2493 853
t 748 853 1316 736
t 748 1700 1303 853
t 748 853 736 2492
t 748 2492 1700 853
t 2028 1078 1067 2103
t 2028 1067 2098 2103
t 2103 1181 1078 1067
t 2103 2099 1181 2098
t 2103 1181 1067 2098
t 845 929 936 937
t 845 846 929 937
t 835 929 845 846
t 2098 1171 2095 2099
t 215 308 2460 1715
t 215 1697 2460 308
t 215 753 1697 308
t 215 308 1715 3040
t 215 3040 753 308
t 751 1591 647 761
t 648 1591 751 761
t 1181 2098 2458 1067
t 485 1190 2252 1076
t 485 1190 1076 1496
t 1691 531 2459 417
t 417 2459 1394 531
t 852 951 2918 859
t 859 961 951 2918
t 859 951 961 962
t 859 2469 951 962
t 852 951 859 2469
t 2101 1191 1087 1078
t 1917 844 2491 743
t 848 1917 844 2491
t 2459 530 2905 541
t 1292 530 2905 2459
t 832 927 3033 3099
t 3099 1235 927 3033
t 832 927 3099 770
t 841 721 3099 1235
t 257 2490 336 348
t 1191 2103 1181 1078
t 1191 2103 1078 2101
t 246 336 257 2490
t 2470 2328 190 1632
t 76 190 2470 2328
t 82 2322 2320 194
t 2322 2320 194 1630
t 461 578 2501 2539
t 2539 578 2501 589
t 1928 1727 1204 7
t 462 579 2539 471
t 471 579 2539 1369
t 471 579 1369 505
t 462 471 505 579
t 1204 2101 1191 1087
t 2521 2517 188 197
t 74 188 2521 2517
t 1079 2156 1205 1723
t 918 1034 2201 232
t 232 1527 1034 2201
t 2322 193 1278 1630
t 2549 2322 193 1278
t 81 193 2549 2322
t 1088 1089 2942 2109
t 459 575 2298 2503
t 2503 575 2298 586
t 2119 1088 1206 2109
t 2044 1996 1088 2109
t 2110 1089 2031 2109
t 1207 2109 2942 1089
t 2511 192 1279 1278
t 2511 2549 192 1278
t 80 192 2511 2549
t 2111 1090 2032 2110
t 2502 2501 577 588
t 1797 577 2502 2501
t 2517 2470 189 1384
t 75 189 2517 2470
t 1091 1092 2154 2112
t 2528 2480 362 375
t 267 362 2528 2480
t 3100 1279 191 1280
t 79 2513 3100 191
t 2513 3100 191 1280
t 79 191 3100 2511
t 272 367 2524 1274
t 1092 1093 1210 2784
t 1092 1210 2112 2784
t 1092 2033 2045 2112
t 2503 2502 576 587
t 2112 1092 2154 1210
t 460 576 2503 2502
t 1093 1211 2113 2787
t 1093 2034 2046 2113
t 464 581 2297 1811
t 2113 1093 2034 2045
t 1811 591 581 2297
t 2784 1093 1210 1211
t 1763 571 2506 455
t 582 1763 571 2506
t 2480 363 1613 268
t 268 363 1613 2954
t 2506 2504 572 583
t 456 572 2506 2504
t 2774 2521 187 196
t 2772 187 2774 73
t 73 187 2774 2521
t 1095 2733 2048 2050
t 2504 2455 573 584
t 457 573 2504 2455
t 1094 1095 2039 402
t 2455 2298 574 585
t 458 574 2455 2298
t 476 596 2348 2538
t 2538 515 2348 1224
t 784 533 783 795
t 795 729 533 783
t 784 533 795 2558
t 790 880 2554 2583
t 2583 880 2554 887
t 2050 1095 2733 1263
t 2583 2376 881 888
t 791 881 2583 2376
t 2558 2527 875 628
t 785 875 2558 2527
t 786 876 2527 2377
t 876 2527 2377 730
t 876 1703 730 2377
t 2538 2536 597 606
t 477 597 2538 2536
t 2572 221 2542 125
t 2572 1717 2542 221
t 793 883 2375 1948
t 1948 890 883 2375
t 2572 2353 3059 1400
t 115 3059 2572 2353
t 2467 2112 1209 1210
t 112 214 2543 3101
t 3101 1323 3094 2543
t 286 255 384 283
t 286 624 384 255
t 26 286 1653 384
t 286 1653 384 624
t 286 1260 283 384
t 1260 286 26 384
t 2556 2554 879 886
t 789 879 2556 2554
t 2353 2352 216 1714
t 116 216 2353 2352
t 2376 2375 882 889
t 792 882 2376 2375
t 2341 1312 723 388
t 2341 397 388 723
t 2341 388 397 1294
t 783 729 874 1819
t 1900 783 874 1819
t 2557 884 2377 1533
t 2557 877 2377 884
t 2557 2556 878 885
t 788 878 2557 2556
t 2498 2348 595 604
t 1610 595 2498 2348
t 2536 536 1549 2535
t 478 598 2536 2535
t 1729 5 372 453
t 2581 2579 893 903
t 1616 893 2581 2579
t 1446 1111 365 2797
t 2596 906 2432 896
t 808 896 2432 809
t 808 2432 896 2596
t 2142 1101 2140 2667
t 2424 419 1264 429
t 303 419 2424 1674
t 1674 429 419 2424
t 1101 1113 2259 1102
t 2579 2578 894 904
t 806 894 2579 2578
t 810 898 2430 1907
t 1907 908 898 2430
t 807 895 2578 2596
t 2596 895 2578 905
t 302 1419 1225 427
t 302 310 1419 427
t 2594 2593 910 921
t 821 910 2594 2593
t 1259 923 2576 1276
t 2475 912 2576 923
t 2475 923 2576 1259
t 2595 925 1656 2592
t 2595 2592 914 925
t 916 832 770 927
t 832 916 2591 927
t 1659 916 2591 832
t 2883 1164 2594 2716
t 920 2883 909 2594
t 2561 2452 642 652
t 529 642 2561 2452
t 827 919 705 2840
t 1104 1116 999 1105
t 2591 915 2592 926
t 1660 915 2592 2591
t 1660 915 2591 1310
t 2593 2576 911 922
t 2593 822 911 2576
t 1106 1820 1117 1801
t 1106 2358 1107 1801
t 2585 2584 640 650
t 527 640 2585 2584
t 2166 1106 2161 2677
t 2584 2561 641 651
t 528 641 2584 2561
t 2833 639 2585 526
t 649 2833 639 2585
t 846 938 2602 3102
t 3102 938 2602 949
t 846 938 3102 1305
t 3102 2588 938 949
t 1305 3102 2588 938
t 854 942 2598 953
t 1302 942 2598 854
t 1302 942 854 1299
t 854 2597 942 953
t 1299 854 2597 942
t 2603 2602 937 948
t 845 937 2603 2602
t 3103 939 2588 950
t 1305 939 2588 3103
t 1107 1801 1118 1802
t 3103 2514 939 950
t 1265 3103 2514 939
t 2170 1107 2168 2678
t 1801 1118 2358 1107
t 1983 936 2603 844
t 947 1983 936 2603
t 1669 1197 297 1720
t 2172 1108 2170 2679
t 297 335 1567 1720
t 1554 1187 297 1669
t 1891 1474 1866 2729
t 2076 1014 1957 2018
t 2086 2021 1503 1151
t 2730 1238 984 298
t 2730 298 984 1891
t 2886 1473 3104 1941
t 3104 2764 524 1236
t 298 1473 1941 2728
t 298 2728 1941 28
t 1816 1812 1767 2843
t 2890 1812 2843 1767
t 2890 1812 1767 1764
t 1982 2837 1916 1984
t 1982 1916 2837 1980
t 1980 1914 1916 2837
t 2837 1914 2840 1980
t 535 2764 1774 1738
t 2844 3105 1736 1666
t 2765 3105 1736 2844
t 359 380 1733 1098
t 2797 1111 1112 2178
t 2797 1111 2178 1446
t 1733 1661 1098 380
t 1733 1661 1559 1098
t 1450 2565 2665 3106
t 2565 2665 3106 2748
t 2736 957 3106 2565
t 2565 3106 2736 2748
t 2770 2565 3106 957
t 2770 2565 1450 3106
t 2632 2753 1275 2680
t 2680 2632 2753 2630
t 2753 1275 2680 1725
t 1112 2120 1113 2781
t 2630 2203 2753 2680
t 1101 1112 1113 2179
t 399 969 1997 1995
t 969 1723 399 1997
t 2209 3007 1112 2781
t 2178 1112 1101 2179
t 1510 1661 1605 371
t 1113 2911 1114 1123
t 1546 2553 2559 2668
t 1102 1113 1114 2180
t 2781 1123 2120 1113
t 233 21 2720 1494
t 233 820 21 1494
t 2720 21 233 1675
t 2781 1123 1113 2780
t 2179 1113 1102 2180
t 820 21 2601 2884
t 1675 2601 21 2884
t 1631 2601 820 1256
t 1631 2884 820 2601
t 2670 1541 2668 2553
t 1114 3010 1115 1124
t 2668 1546 1550 2559
t 2559 2673 1550 2668
t 1103 1114 1115 2182
t 1123 1124 2911 1114
t 1454 94 2548 2670
t 94 2671 2548 2670
t 2180 1114 1103 2182
t 2734 1912 2716 392
t 1115 1125 1116 2789
t 223 1617 218 483
t 1104 1115 1116 2185
t 2862 2775 403 811
t 1101 811 403 2775
t 2862 2775 2738 403
t 1124 1125 3010 1115
t 2738 2775 2011 403
t 1190 411 805 200
t 1190 2703 411 200
t 2790 1125 1115 2789
t 2182 1115 1104 2185
t 1105 1116 1117 2187
t 2789 1126 1125 1116
t 2789 1126 1116 2786
t 2185 1116 1105 2187
t 1117 2190 1127 2785
t 1117 2187 2189 1820
t 1801 1117 1118 2189
t 1801 1117 2189 1820
t 2786 1127 1117 2190
t 1118 2189 2192 1801
t 1802 1118 1119 2192
t 1802 1118 2192 1801
t 2785 1128 1118 2193
t 1119 1129 1120 2202
t 1119 2202 2173 2192
t 2076 1120 1130 2624
t 2076 1814 1120 2624
t 2202 1130 1129 1120
t 2202 1120 2173 2203
t 1121 2208 1132 2206
t 1121 2357 1122 2206
t 1121 2208 2206 2176
t 2081 1132 1121 2079
t 1315 1309 1904 1213
t 1213 1434 1315 2619
t 62 1954 1537 1599
t 62 2537 1537 1954
t 1537 2537 62 1371
t 1371 73 62 1537
t 1771 1821 2607 516
t 1771 1773 2607 1821
t 1537 2774 2772 1603
t 2772 1603 1602 1537
t 1537 2772 2774 73
t 348 1719 1716 2750
t 1537 2774 2848 73
t 1771 1821 630 1864
t 2206 2806 2357 1122
t 1771 630 370 1864
t 1771 630 1821 516
t 2233 2206 1132 2208
t 1724 2747 1315 3107
t 1315 1731 2811 3107
t 1839 1315 3107 1731
t 2811 1724 1315 3107
t 1839 3107 1315 2747
t 1207 2710 2118 2110
t 2456 1206 1207 2118
t 2611 2751 1619 1256
t 3007 2307 1123 2805
t 2751 2611 1494 1256
t 2781 3007 1123 2210
t 2784 1511 2125 2113
t 2806 3003 3007 2805
t 2209 3007 2781 2210
t 2784 2715 2125 1511
t 2471 1210 2784 2125
t 2125 2784 2471 2715
t 3108 1903 2302 1273
t 3108 1903 2610 2302
t 3108 2610 1157 2302
t 3108 1273 2302 2822
t 2822 3108 1157 2302
t 2780 1123 1124 2211
t 2805 1133 2307 1123
t 2805 1133 1123 2804
t 2210 1123 2780 2211
t 1124 2356 1125 2814
t 2790 1124 1125 2213
t 2211 1124 2790 2213
t 1650 1716 336 2612
t 336 2612 2605 1650
t 2789 1125 1126 2216
t 2814 1135 2356 1125
t 2814 1135 1125 2216
t 2213 1125 2789 2216
t 79 1405 1404 1382
t 58 1364 1362 1343
t 1491 1471 1488 2864
t 1491 1471 2864 127
t 2786 1126 1127 2219
t 99 1432 1429 1416
t 2216 1136 1126 2810
t 2216 1126 2786 2219
t 1409 1387 1408 70
t 2871 1433 1456 113
t 1457 1433 1456 2871
t 1127 2224 1137 3077
t 1127 2224 2223 2190
t 2871 1433 113 101
t 81 1385 1407 80
t 2785 1127 1128 2223
t 2785 1127 2223 2190
t 1408 1385 1407 81
t 81 1385 80 69
t 54 1357 1356 1338
t 1456 1432 1455 112
t 2810 1137 1127 2224
t 2219 1127 2190 2224
t 1456 1432 112 100
t 2870 1435 1457 2871
t 1458 1435 1457 2870
t 2870 1435 2871 102
t 1128 2115 1129 2230
t 2866 1438 1458 2870
t 1459 1438 1458 2866
t 2866 1438 2870 103
t 1438 1418 1435 2802
t 2865 1440 1459 2866
t 1460 1440 1459 2865
t 2865 1440 2866 104
t 52 1336 1353 51
t 1355 1336 1353 52
t 52 1336 51 41
t 1435 1417 1433 101
t 1435 1417 101 90
t 1129 2230 1139 2254
t 1362 1342 1360 47
t 2230 1139 2115 1129
t 1356 1337 1355 53
t 2869 1468 1486 125
t 2869 1487 1486 1468
t 2864 1469 1487 2869
t 2864 1469 2869 126
t 2864 1488 1487 1469
t 2083 1130 2744 2076
t 1360 1341 1359 46
t 1440 1421 1438 2807
t 1359 1341 1357 45
t 2795 1428 1427 1411
t 2867 1422 1440 2794
t 1443 1422 1440 2867
t 2867 1422 2794 93
t 1404 1377 1403 67
t 1403 1606 1402 2793
t 1403 1606 2793 66
t 1398 1372 1397 2796
t 1132 2234 1141 2233
t 1132 2234 2233 2208
t 2819 1401 1398 1373
t 1367 1347 1364 3109
t 2084 2260 1132 2082
t 1106 2161 1820 1801
t 1820 2187 2189 2161
t 1801 1820 2189 2161
t 1107 2168 1801 1802
t 1801 2189 2192 2168
t 1802 1801 2192 2168
t 1256 820 2611 1494
t 1633 2611 1256 1631
t 1631 820 2611 1256
t 1752 2609 1978 330
t 1752 1978 1694 330
t 1338 1289 1337 2825
t 1338 1289 2825 2876
t 2876 1289 2825 34
t 2261 2233 1141 2234
t 2872 1286 1336 33
t 1337 1286 1336 2872
t 2805 3003 1133 2236
t 1341 1296 1340 2809
t 2875 1296 2809 36
t 2875 1341 2809 1296
t 1342 1298 1341 2821
t 1342 1298 2821 2874
t 1142 1143 3003 2779
t 2235 3003 2805 2236
t 2874 1298 2821 37
t 1340 1291 1338 2817
t 1133 1144 1134 2778
t 1340 1291 2817 2873
t 2873 1291 2817 35
t 1345 1307 1343 2815
t 2804 1133 1134 2238
t 1345 1307 2815 39
t 1343 1301 1342 2823
t 1343 1301 2823 2878
t 2878 1301 2823 38
t 1380 1359 1377 67
t 2779 1144 1133 2778
t 2236 1133 2804 2238
t 2814 1134 1135 2241
t 3110 1385 1382 1364
t 2778 1145 1144 1134
t 57 1382 1380 1360
t 2238 1134 2814 2241
t 2216 1135 1136 2243
t 1412 1397 1411 2824
t 89 1417 1416 1404
t 2241 1135 2216 2243
t 2879 1407 1421 2880
t 1422 1407 1421 2879
t 2879 1407 2880 81
t 1136 2243 2245 2810
t 88 1416 1415 1402
t 82 1408 1422 2879
t 2810 1136 1137 2245
t 1423 1408 1422 82
t 1135 1147 2973 1136
t 2880 1405 1418 91
t 1421 1405 1418 2880
t 2880 1405 91 80
t 2881 1457 1468 2830
t 1469 1457 1468 2881
t 2881 1457 2830 114
t 2831 1468 1467 1456
t 1137 2245 2249 2224
t 108 1464 1463 1673
t 1472 1459 1471 2829
t 126 1458 1469 2881
t 1471 1458 1469 126
t 126 1458 2881 115
t 2832 1467 1466 1455
t 401 1190 390 2742
t 2703 401 2742 1190
t 390 1190 805 2742
t 1138 2251 1149 2858
t 1138 1150 1139 2858
t 2203 2202 2624 2746
t 2203 1120 2624 2202
t 2251 1149 1148 1138
t 2173 2203 1120 2753
t 2251 1137 1148 2273
t 2251 1137 1138 1148
t 2173 2203 2753 2630
t 1139 2908 1140 1150
t 2396 2423 1184 1185
t 2420 1184 2396 2423
t 1130 1139 1140 2254
t 2858 1150 1139 2836
t 2086 1140 1151 1972
t 2086 2083 1140 1556
t 2118 1207 2456 2710
t 2118 2709 2710 2456
t 1150 1151 2908 1140
t 2836 1972 1151 1140
t 2746 2686 2624 2663
t 805 2742 1461 390
t 805 2742 1436 1461
t 672 1477 1202 1842
t 1141 2263 1152 2261
t 1141 1152 1142 2261
t 1141 2263 2261 2234
t 781 1842 1202 1477
t 2261 1153 1152 1142
t 2290 2261 1152 2263
t 2261 1153 1142 2813
t 219 1827 1818 2734
t 2739 1096 1856 1388
t 1143 2355 1144 2812
t 1566 20 1497 436
t 1566 20 436 2343
t 2779 1143 1144 2266
t 2813 1154 1143 2812
t 2265 1143 2779 2266
t 2778 1144 1145 2268
t 2812 1155 2355 1144
t 2266 1144 2778 2268
t 1145 1156 1146 2822
t 2788 1145 1146 2269
t 2268 1156 1145 2822
t 2268 1145 2788 2269
t 1135 1146 1147 1470
t 2822 1157 1156 1146
t 2269 1146 1135 1470
t 1147 3093 1148 2273
t 1148 2273 1159 1810
t 2273 1159 3093 1148
t 1149 2990 1150 2835
t 2858 1149 1150 2278
t 2858 1149 2278 2251
t 2857 1160 1149 2835
t 1150 2171 1151 1497
t 2836 1150 1151 2282
t 2278 1150 2836 2282
t 2839 1151 1161 1503
t 1497 2626 1161 1151
t 1152 2293 1162 2290
t 1152 1162 1153 2290
t 1152 2293 2290 2263
t 2087 1162 1152 2088
t 2813 1153 1154 2294
t 2813 1153 2294 2290
t 2290 2777 1162 1153
t 2323 2290 1162 2293
t 2812 1154 1155 2295
t 2294 1154 2812 2295
t 1045 1239 1163 1155
t 1156 1903 1165 2610
t 1156 1273 3108 2822
t 2822 1156 1157 3108
t 1158 2308 1167 1557
t 1158 2169 1159 1167
t 1810 1159 1160 2311
t 1810 1159 2311 2273
t 1167 1168 2169 1159
t 2311 1169 1160 983
t 20 1240 1161 2343
t 2093 1503 1161 2693
t 2343 1579 1240 1161
t 1162 2325 1171 2323
t 1162 2167 2777 2323
t 1162 2325 2323 2293
t 2777 1172 1163 2327
t 2323 1172 2167 2777
t 2354 2323 1171 2325
t 2323 1172 2777 2327
t 381 1689 1172 1163
t 381 1689 1163 2359
t 1166 2164 1167 2856
t 2336 1175 2165 1166
t 2336 2302 2308 1166
t 2336 1175 1166 2856
t 1167 1176 1168 2834
t 1557 1167 1168 2340
t 1557 1167 2340 2308
t 2856 1176 2164 1167
t 2856 1176 1167 2834
t 1168 2256 1169 1558
t 2834 1177 1176 1168
t 2370 1681 2256 1169
t 2311 1169 983 2342
t 1523 1579 1180 2701
t 2327 1172 381 2354
t 2365 982 1183 2359
t 2752 2863 2941 982
t 2365 1184 1174 1808
t 2856 1175 1176 2367
t 2402 1679 1177 2404
t 2370 1188 1681 2841
t 2842 1179 1180 1570
t 2371 1179 2842 1570
t 1498 1180 1190 492
t 2393 1194 1193 1183
t 2393 1182 1183 1193
t 1808 1184 1185 2396
t 1183 1195 2042 1184
t 2404 1199 2253 1188
t 2404 1188 2841 1568
t 1193 2942 1194 1807
t 1205 1206 2156 1193
t 1437 2417 2393 1807
t 2417 1206 1193 1807
t 1194 2040 1195 1207
t 1183 1194 1195 2420
t 1807 1207 2942 1194
t 1195 2155 1196 1208
t 1207 1208 2040 1195
t 2420 1195 1184 2423
t 1196 1209 2154 2425
t 1208 1209 2155 1196
t 2423 1209 1196 2425
t 2423 1196 1185 2425
t 1198 1094 1199 1211
t 2404 1198 1199 2431
t 1578 1211 2158 1198
t 2428 1198 2404 2431
t 1199 2039 1200 1212
t 1211 1212 1094 1199
t 1807 1206 1207 1734
t 1807 1206 1734 1437
t 2111 2461 1209 1208
t 2111 2461 1208 2711
t 2425 1209 1210 2468
t 1578 1210 1211 2471
t 2787 1211 2113 1511
t 1094 1512 402 1212
t 1095 1263 402 2733
t 1813 2682 2631 0
t 2486 0 2631 1318
t 1250 1478 2489 1
t 1250 1 2489 2685
t 1256 2 820 1255
t 2499 6 2632 1275
t 2630 6 2632 2500
t 2414 7 1928 1204
t 1282 2505 1204 7
t 2507 1519 33 1285
t 1284 33 1519 32
t 1284 1519 33 2507
t 1284 2507 2682 1519
t 2509 1524 34 1288
t 1519 2507 2509 1285
t 1519 1285 34 33
t 1519 1285 2509 34
t 1519 2847 34 2509
t 1288 34 35 1524
t 1288 35 2510 1524
t 1288 2509 1524 2510
t 1290 35 36 1492
t 1493 1295 37 36
t 1297 37 38 2743
t 1297 38 2518 2743
t 1525 1300 38 2518
t 1300 38 39 1525
t 1300 39 2520 1525
t 1300 2518 1525 2520
t 1526 1306 39 2520
t 1306 2520 1526 2523
t 1526 2526 1309 2523
t 1309 1315 1528 2619
t 1309 1528 1315 2525
t 1309 2526 1526 1528
t 1309 2525 2526 1528
t 1839 2525 1315 1528
t 1839 40 3107 2747
t 1318 2530 41 1531
t 1318 41 32 1531
t 2489 1250 1350 40
t 2489 1350 1250 2532
t 1910 1532 1350 2532
t 1532 1350 2532 2534
t 1532 1350 2854 61
t 1532 2854 1350 2534
t 1532 2676 1370 2534
t 1532 2676 61 1370
t 1954 2533 51 1352
t 1352 62 51 1954
t 2676 1370 2534 2540
t 299 2540 1370 2676
t 1371 1395 73 1537
t 2541 1395 1537 2546
t 1537 2541 2537 1371
t 1371 2541 1395 1537
t 2848 1537 73 1395
t 1395 84 73 2848
t 1540 2546 84 1410
t 1410 2550 95 1540
t 1410 95 84 1540
t 1410 2550 1540 2546
t 2670 1541 105 2668
t 2550 415 107 1516
t 2550 107 95 1516
t 2560 2563 1475 483
t 2560 1463 118 483
t 1255 1256 2566 1499
t 1255 2 2566 1256
t 2751 1500 1499 137
t 2751 137 1513 1500
t 2751 1513 2567 1500
t 2751 1499 2566 1256
t 2751 2566 1499 1500
t 2751 2567 2566 1500
t 1513 1501 1500 137
t 1513 2567 1500 1501
t 1513 2568 2567 1501
t 1501 1561 1513 2568
t 1501 1561 2568 2570
t 1501 138 1561 2570
t 1561 2570 138 139
t 1514 1502 2570 139
t 1514 2570 1561 139
t 1514 2571 2570 1502
t 3111 1502 139 140
t 3111 1504 1502 140
t 3111 1562 1514 2571
t 3111 1562 2571 2573
t 3111 140 1562 1504
t 3111 1562 2573 1504
t 3111 1502 1514 139
t 3111 1502 2571 1514
t 3111 2571 1502 1504
t 3111 2573 2571 1504
t 1562 1504 140 141
t 1515 1505 1504 141
t 1515 1504 1562 141
t 1515 1504 2573 1562
t 1515 2573 1504 1505
t 1515 2574 2573 1505
t 1563 1505 141 142
t 1563 1507 1505 142
t 1563 1505 1515 141
t 1563 1505 2574 1515
t 1563 2574 1505 1507
t 1563 2577 2574 1507
t 1563 1507 142 143
t 1518 1507 1563 143
t 1518 1507 2577 1563
t 1518 2580 2577 1507
t 1564 1507 143 144
t 1564 2496 1507 144
t 1564 1507 1518 143
t 1564 1507 2580 1518
t 1564 2580 1507 2496
t 0 2683 1249 2745
t 0 1249 2631 2745
t 1565 1581 1635 2589
t 1565 32 146 2861
t 1565 146 1581 2861
t 1565 2587 1249 1581
t 1565 2589 2587 1581
t 2720 233 223 1675
t 1618 1628 243 145
t 2600 1628 145 1258
t 1450 1258 2665 3
t 1450 1258 3 2600
t 2 1256 820 2660
t 1628 243 2604 1618
t 1628 2600 1618 2604
t 1631 820 233 2611
t 1565 1581 146 1635
t 1643 1635 2589 2605
t 1643 1635 1581 2589
t 1643 1635 146 1581
t 1635 146 246 1643
t 1635 246 2605 1643
t 1598 186 30 391
t 1617 223 2231 311
t 1617 1675 223 311
t 1617 304 1670 1737
t 1631 2884 233 820
t 1688 1978 330 243
t 1978 330 2609 1688
t 1741 2608 320 2884
t 336 1696 246 2605
t 1758 346 2623 1712
t 2623 1702 256 346
t 1758 2606 2613 1712
t 2623 2606 256 1702
t 304 1737 978 1670
t 1752 449 1572 330
t 1753 336 455 1763
t 1753 455 2620 1763
t 2621 1712 1758 2613
t 464 1712 346 1758
t 2718 1361 1787 359
t 1790 1789 1778 2618
t 1790 1789 558 1778
t 581 2621 464 1800
t 1941 524 2654 400
t 1790 663 558 1789
t 1790 2633 1838 1789
t 1790 1573 1789 2618
t 1840 1838 1790 2633
t 1840 1838 663 1790
t 1800 1855 581 2628
t 984 2147 619 524
t 1840 771 663 1838
t 1840 2639 1878 1838
t 1840 2639 1838 2633
t 1880 1878 1840 2639
t 1880 1878 771 1840
t 1855 793 687 2635
t 428 1853 677 1844
t 1853 677 783 428
t 793 2635 1855 1896
t 1187 847 335 1197
t 1880 1920 771 1878
t 1880 2646 1878 2639
t 1947 883 793 2650
t 865 1995 968 2656
t 1517 967 818 2616
t 2010 2617 874 2741
t 1441 874 995 2010
t 994 2650 883 1947
t 805 1461 1095 390
t 805 1461 1442 1095
t 2014 1109 994 1275
t 2014 2499 1275 2659
t 2014 2499 1109 1275
t 1282 7 1204 1727
t 1282 416 2661 1087
t 805 402 1095 1263
t 2775 1101 1102 1905
t 811 1101 2667 2140
t 2054 1102 1103 2148
t 2054 1102 2148 2669
t 2054 2669 2148 2672
t 2055 1103 1104 2153
t 2055 1103 2153 2672
t 2055 2672 2153 2674
t 2054 1103 2672 2148
t 2056 1104 1105 2157
t 2056 1104 2157 2674
t 2056 2674 2157 2675
t 2055 1104 2674 2153
t 2057 1105 1106 2160
t 2057 1105 2160 2675
t 2057 2675 2160 2677
t 2056 1105 2675 2157
t 2058 1106 1107 2166
t 2058 1106 2166 2677
t 2058 2677 2166 2678
t 2057 1106 2677 2160
t 2072 1107 1108 2170
t 2072 1107 2170 2678
t 2072 2678 2170 2679
t 2058 1107 2678 2166
t 2073 1108 1109 2172
t 2073 1108 2172 2679
t 2073 2679 2172 2500
t 2072 1108 2679 2170
t 2173 1120 1108 1109
t 2173 1108 1119 2170
t 2173 2172 2630 1109
t 2173 2753 1120 1109
t 2173 2753 1109 2630
t 2073 1109 1942 2172
t 2500 2632 2172 1942
t 2079 2176 1121 1110
t 2079 2176 1110 2681
t 2079 2684 2176 2681
t 1728 379 5 372
t 2173 2192 2170 1119
t 1129 1118 1119 2910
t 1129 1119 2192 2202
t 2624 2202 1130 2746
t 2203 2624 1120 2753
t 2624 1120 1130 2202
t 2079 2082 1132 2208
t 2079 2082 2208 2687
t 2079 2208 1132 1121
t 2079 2208 1121 2176
t 2079 2687 2208 2176
t 2079 2687 2176 2684
t 2249 3077 1137 2224
t 3077 1138 1128 2230
t 2223 1128 2193 2230
t 1132 2260 1141 2234
t 2082 2260 2234 2689
t 2082 2234 2260 1132
t 2082 2234 1132 2208
t 2082 2689 2234 2208
t 2082 2689 2208 2687
t 2260 2088 1141 2263
t 2260 2088 2263 2691
t 2088 2263 1152 1141
t 2260 2263 1141 2234
t 2260 2691 2263 2234
t 2260 2691 2234 2689
t 1843 1158 1147 2273
t 1470 1147 1136 2273
t 2088 2321 1162 2293
t 2088 2321 2293 2695
t 2088 2293 1162 1152
t 2088 2293 1152 2263
t 2088 2695 2293 2263
t 2088 2695 2263 2691
t 2321 2095 1162 2325
t 2321 2095 2325 2700
t 2095 2325 1171 1162
t 2321 2325 1162 2293
t 2321 2700 2325 2293
t 2321 2700 2293 2695
t 2336 1165 1166 2165
t 2336 1165 1174 2863
t 1181 2704 2354 2702
t 2099 2704 1181 2702
t 1171 2095 2099 2702
t 2325 2095 2702 2700
t 1171 2702 2354 2325
t 1171 2702 2325 2095
t 982 1173 1183 2359
t 2103 2704 1191 1181
t 1171 1181 2354 2702
t 1680 1193 2162 1182
t 2101 2704 1191 2103
t 2101 2414 1204 1191
t 2101 2414 1191 2704
t 1205 1192 1193 2156
t 1192 2387 2417 1193
t 1192 1191 2696 2387
t 1192 1205 2696 1191
t 1204 2414 7 2505
t 2414 1928 7 2704
t 1205 2119 1206 2707
t 2456 2709 2707 2118
t 2119 1206 2707 2118
t 2456 2118 2707 1206
t 2710 1207 1208 2110
t 2464 1208 1209 2461
t 2464 2711 1208 2461
t 2111 1208 2710 2711
t 2468 2464 1209 2467
t 2468 1209 1210 2467
t 2468 2467 2714 2713
t 2461 1209 2464 2467
t 2461 2464 2713 2467
t 2461 2464 2711 2713
t 2713 2467 2464 2468
t 2471 2714 1210 2125
t 2471 1210 1211 2784
t 2467 2468 2714 1210
t 2714 2125 2467 1210
t 1511 1211 1212 2787
t 2784 1211 2471 2715
t 2125 2471 2714 2715
t 2046 1212 1511 1512
t 2719 2478 402 1263
t 4 2719 782 1263
