v -2 -1 -1
v -2 -1 1
v -2 1 -1
v -2 1 1
v 2 -1 -1
v 2 -1 1
v 2 1 -1
v 2 1 1
v 1.53602 0.504649 -1
v 1.6779 0.321794 -0.629032
v 0.235618 0.658904 0.179594
v 1.78935 0.180034 -0.661432
v 0.133966 0.754883 0.326059
v 2 -0.0545199 -0.788103
v 0.40869 -1 0.226354
v 0.386749 0.234814 -1
v -0.590776 1 -0.278294
v -1.6955 -1 0.700315
v -1.78034 -0.776737 -0.582805
v 1.81386 1 0.782943
v -1.8066 -0.79963 0.0676319
v -1.80333 -0.827289 0.322125
v -1.8088 -0.805597 0.554828
v -1.80463 -0.816204 0.783262
v -2 0.222217 0.280874
v -1.78733 -0.543794 -0.339202
v -1.79021 -0.590653 -0.123318
v -1.78171 -0.539241 0.113501
v -1.83063 -0.583533 0.338379
v -1.7942 -0.535886 0.568317
v -1.821 -0.565189 0.83224
v -1.76843 -0.380734 -0.820701
v -1.79077 -0.34404 -0.565577
v -1.79836 -0.350218 -0.103719
v -1.75486 -0.380286 0.321377
v -1.80485 -0.341405 0.794875
v 2 0.438526 -0.739521
v -1.78983 -0.117867 -0.808706
v -1.78589 -0.0979555 -0.540723
v -1.80463 -0.109314 -0.130809
v -1.81767 -0.141075 0.0911668
v -1.80353 -0.13025 0.331968
v -1.81757 -0.105324 0.788301
v -1.812 0.0976239 -0.823988
v -1.83198 0.12204 -0.567739
v -1.8019 0.123864 -0.334186
v -1.76649 0.0820524 -0.108319
v -1.80254 0.106737 0.139168
v -1.76238 0.0877054 0.57044
v -1.7862 0.10097 0.798391
v 0.207482 0.480093 0.300256
v -1.81861 0.358142 -0.823747
v -1.80158 0.307839 -0.562806
v -1.77532 0.332917 -0.38277
v -1.78095 0.320814 -0.118371
v -1.80347 0.335985 0.0838947
v -1.77615 0.315527 0.333605
v -1.75442 0.307715 0.607405
v 1.77755 0.381991 -0.791834
v -1.76002 0.594779 -0.821682
v -1.81046 0.532744 -0.550857
v -1.7983 0.549636 -0.371424
v -1.81738 0.539682 -0.100311
v -1.79339 0.572485 0.112024
v -1.79822 0.576808 0.308106
v -1.77309 0.57053 0.536318
v -1.80977 0.561599 0.81828
v 1.70145 1 -0.469382
v -1.81946 0.803904 -0.580906
v -1.77757 0.773924 -0.351447
v -1.80585 0.802133 -0.108532
v -1.78114 0.801603 0.0994371
v -1.78735 0.792742 0.332286
v -1.77354 0.817201 0.575031
v -1.79566 0.797777 0.815491
v 1.68608 -0.772894 0.795143
v -0.00838409 0.84842 0.327245
v -1.5588 -0.80369 -0.796814
v -1.52389 -0.826733 -0.55825
v -1.53163 -0.77502 -0.360498
v -1.51883 -0.790088 -0.153953
v -1.52665 -0.797407 0.108143
v -1.54597 -0.803844 0.324725
v -1.54996 -0.821416 0.563957
v -1.50619 -0.788273 0.791424
v -1.56532 -0.566348 -0.790713
v -1.549 -0.577887 -0.581892
v -1.52973 -0.566643 -0.327675
v -1.53847 -0.567259 -0.11418
v -1.53765 -0.555296 0.130472
v -1.5488 -0.568688 0.32764
v -1.53728 -0.583934 0.56327
v -1.55494 -0.564031 0.807123
v -1.51461 -0.34563 -0.799918
v -1.54253 -0.32795 -0.583874
v -1.5213 -0.342099 -0.348329
v -1.53605 -0.323669 -0.123325
v -1.53316 -0.34209 0.126079
v -1.50742 -0.36169 0.330124
v -1.52565 -0.331081 0.57343
v -1.55162 -0.352381 0.816972
v -1.53647 -0.12329 -0.787573
v -1.56129 -0.111998 -0.558162
v -1.53038 -0.0971789 -0.356103
v -1.53033 -0.0784358 -0.125254
v -1.51425 -0.0960909 0.114515
v -1.54986 -0.109143 0.335419
v -1.54872 -0.0761698 0.52313
v -1.56376 -0.129982 0.818234
v -1.54172 0.115776 -0.812788
v -1.50949 0.110263 -0.541844
v -1.51745 0.0747553 -0.317095
v -1.52768 0.106031 -0.0936598
v -1.53654 0.112155 0.112565
v -1.563 0.155626 0.570531
v -1.5256 0.101166 0.804455
v -1.54208 0.3425 -0.813685
v -1.5548 0.310659 -0.559859
v -1.49926 0.321321 -0.385861
v -1.54291 0.359106 -0.0768277
v -1.54514 0.311925 0.130618
v -1.54536 0.32267 0.324357
v -1.54078 0.348093 0.547183
v -1.51365 0.323312 0.76231
v -1.51924 0.567728 -0.80691
v -1.57363 0.573443 -0.559054
v -1.5398 0.590042 -0.31864
v -1.52987 0.543704 -0.103924
v -1.53448 0.569349 0.0930387
v -1.50927 0.565248 0.315491
v -1.5096 0.552827 0.557931
v -1.54098 0.544846 0.809602
v -1.55113 0.798828 -0.797736
v -1.57933 0.806398 -0.564596
v -1.55287 0.814669 -0.336372
v -1.55186 0.789512 -0.101649
v -1.53169 0.802013 0.125883
v -1.53994 0.801139 0.360538
v -1.52236 0.806273 0.57617
v -1.5422 0.809783 0.780458
v 0.340869 -0.0851302 0.800224
v 1.45633 0.618529 -0.779647
v -0.268482 0.0480598 -0.768688
v -1.35119 -0.815201 -0.818342
v -1.30168 -0.807478 -0.563835
v -1.31119 -0.752044 -0.316899
v -1.31555 -0.781716 -0.118133
v -1.30287 -0.802896 0.0989031
v -1.26983 -0.772844 0.305376
v -1.34336 -0.796923 0.584483
v -1.26003 -0.767993 0.780989
v -1.31845 -0.60027 -0.79821
v -1.28273 -0.601639 -0.5866
v -1.28421 -0.544283 -0.362065
v -1.31043 -0.564961 -0.0933056
v -1.29248 -0.602461 0.111926
v -1.29338 -0.554453 0.318942
v -1.2938 -0.530044 0.570118
v -1.33142 -0.544757 0.833092
v -1.26609 -0.344977 -0.794958
v -1.31387 -0.38297 -0.55316
v -1.26439 -0.365883 -0.354354
v -1.29485 -0.376729 -0.15209
v -1.31982 -0.379146 0.118031
v -1.28962 -0.343015 0.343167
v -1.28336 -0.320247 0.545647
v -1.29138 -0.344231 0.80382
v -1.31213 -0.114706 -0.801476
v -1.29837 -0.105999 -0.312935
v -1.30538 -0.115018 -0.107168
v -1.32846 -0.126732 0.125649
v -1.31182 -0.0846334 0.352089
v -1.31159 -0.150498 0.572687
v -1.29076 -0.111582 0.810678
v 0.230193 0.795164 0.0121795
v -1.28726 0.110517 -0.820429
v -1.2897 0.130277 -0.570654
v -1.29164 0.115441 -0.337881
v -1.28207 0.118917 -0.108178
v -1.29422 0.105647 0.109799
v -1.29338 0.128826 0.328058
v -1.32752 0.114785 0.592242
v -1.24572 0.122786 0.779508
v -1.28354 0.323965 -0.78233
v -1.30796 0.332922 -0.544018
v -1.25551 0.318345 -0.305951
v -1.2629 0.325503 -0.0439728
v -1.28309 0.328558 0.147532
v -1.32404 0.365974 0.304077
v -1.32148 0.351653 0.569839
v -1.27878 0.383495 0.780958
v -1.29216 0.586567 -0.797402
v -1.28222 0.555507 -0.566109
v -1.31143 0.57194 -0.386077
v -1.31115 0.560173 -0.144305
v -1.30355 0.574059 0.0817242
v -1.27242 0.525446 0.317487
v -1.28597 0.567286 0.562627
v -1.30988 0.574341 0.844224
v -1.29722 0.805948 -0.778806
v -1.3447 0.814695 -0.539052
v -1.30165 0.802065 -0.343154
v -1.30924 0.794137 -0.093329
v -1.33367 0.770909 0.121605
v -1.27984 0.744059 0.334277
v -1.30364 0.791339 0.585386
v -1.32107 0.768518 0.787413
v -0.00506976 0.228838 0.758223
v -1.03254 -0.797034 -0.81545
v -1.07234 -0.774326 -0.595339
v -1.07974 -0.811369 -0.355445
v -1.06985 -0.804631 -0.127114
v -1.09044 -0.79165 0.127473
v -1.05798 -0.786603 0.34275
v -1.09042 -0.797422 0.587997
v -1.04841 -0.793623 0.812746
v -1.10071 -0.572907 -0.785692
v -1.095 -0.539389 -0.561144
v -1.06774 -0.55814 -0.332731
v -1.07827 -0.572448 -0.0869328
v -1.08292 -0.582884 0.142748
v -1.05612 -0.568087 0.565424
v -1.08864 -0.544098 0.811171
v -1.06509 -0.338127 -0.791399
v -1.06149 -0.337142 -0.550734
v -1.01195 -0.363955 -0.365552
v -1.10836 -0.331457 -0.13598
v -1.06148 -0.344985 0.092781
v -1.05052 -0.358428 0.312306
v -1.07617 -0.381463 0.562695
v -1.02474 -0.31291 0.76724
v -1.07121 -0.122623 -0.785364
v -1.06006 -0.0796806 -0.59077
v -1.08309 -0.148722 -0.342916
v -1.0911 -0.116003 -0.109129
v -1.07936 -0.100063 0.113746
v -1.06517 -0.0913777 0.352761
v -1.08775 -0.154131 0.565654
v -1.0502 0.0888189 -0.789839
v -1.05086 0.130788 -0.605789
v -1.06061 0.108487 -0.344116
v -1.048 0.106143 -0.125886
v -1.06219 0.129212 0.0949514
v -1.09349 0.103705 0.612185
v -0.97664 0.149878 0.801936
v -1.05528 0.323268 -0.817488
v -1.08798 0.321084 -0.579303
v -1.06345 0.325113 -0.366966
v -1.02534 0.31508 -0.150914
v -1.04928 0.350263 0.100056
v -1.08894 0.351577 0.294647
v -1.0698 0.345279 0.589315
v -1.07164 0.372812 0.777869
v -1.07276 0.563038 -0.781283
v -1.05001 0.565672 -0.566444
v -1.07788 0.571345 -0.366635
v -1.07198 0.55249 -0.0891133
v -1.05004 0.563616 0.109758
v -1.0522 0.549553 0.334
v -1.05414 0.582466 0.565131
v -1.05836 0.552364 0.843422
v -2 -0.800394 -0.779584
v -1.06205 0.803304 -0.770225
v -1.11954 0.812788 -0.522087
v -1.04403 0.782375 -0.338649
v -1.04628 0.782769 -0.103845
v -1.05632 0.809159 0.118718
v -1.02205 0.79763 0.314823
v -1.06344 0.796336 0.578335
v -1.07326 0.780057 0.76986
v 0.45654 -1 0.854937
v -0.828044 -0.80943 -0.793429
v -0.861306 -0.818406 -0.57668
v -0.826844 -0.796067 -0.326789
v -0.826202 -0.765809 -0.128494
v -0.828447 -0.802259 0.123353
v -0.811693 -0.809809 0.346643
v -0.814306 -0.788697 0.539647
v -0.790193 -0.804262 0.785168
v -0.851917 -0.601311 -0.820508
v -0.82157 -0.586096 -0.582637
v -0.860778 -0.539829 -0.383645
v -0.838712 -0.572582 0.115979
v -0.833749 -0.554633 0.317779
v -0.813473 -0.585112 0.563076
v -0.868695 -0.538591 0.765984
v -0.837119 -0.321615 -0.81107
v -0.831276 -0.347422 -0.568197
v -0.787868 -0.359919 -0.36538
v -0.845902 -0.318479 -0.100826
v -0.858397 -0.379305 0.144172
v -0.795992 -0.372831 0.334925
v -0.826818 -0.349855 0.572118
v -0.81655 -0.348058 0.793941
v -0.865291 -0.0947813 -0.786991
v -0.852661 -0.0819393 -0.580928
v -0.832185 -0.105335 -0.340537
v -0.823688 -0.107023 -0.0997791
v -0.813175 -0.120583 0.137024
v -0.825573 -0.0804696 0.360368
v -0.805605 -0.110706 0.572298
v -0.843009 0.117963 -0.807762
v -0.81809 0.118895 -0.57077
v -0.819003 0.0881452 -0.29395
v -0.809979 0.111237 -0.109918
v -0.842238 0.133434 0.0817649
v -0.813973 0.132532 0.304411
v -0.827721 0.129661 0.58811
v -0.809256 0.326474 -0.808074
v -0.828128 0.327352 -0.552589
v -0.796126 0.306212 -0.303431
v -0.79415 0.32956 -0.0906026
v -0.828435 0.319668 0.105065
v -0.842755 0.35511 0.309666
v -0.832379 0.359734 0.552291
v -0.852243 0.35334 0.763689
v -0.82836 0.559229 -0.751532
v -0.816717 0.558502 -0.542807
v -0.866244 0.59129 -0.364673
v -0.860276 0.575943 -0.0986042
v -0.889261 0.550589 0.150692
v -0.788474 0.55268 0.340508
v -0.812273 0.562656 0.565187
v -0.799874 0.569791 0.814955
v -0.828114 0.796467 -0.783492
v -0.85856 0.83084 -0.558047
v -0.828012 0.797511 -0.311256
v -0.861015 0.818858 -0.0698573
v -0.752623 0.79915 0.143582
v -0.795715 0.785388 0.387786
v -0.827267 0.786161 0.597709
v -0.845688 0.811077 0.77702
v -0.571761 -0.79849 -0.806403
v -0.614247 -0.812357 -0.582006
v -0.599834 -0.782111 -0.358753
v -0.600733 -0.78319 -0.124497
v -0.555179 -0.811547 0.0956026
v -0.591105 -0.796387 0.341985
v -0.608302 -0.783004 0.55183
v -0.594671 -0.757271 0.798478
v -0.579606 -0.580524 -0.808057
v -0.621108 -0.564267 -0.546006
v -0.604158 -0.554259 -0.35188
v -0.55459 -0.534141 -0.137575
v -0.628581 -0.551722 0.129191
v -0.58818 -0.561788 0.311908
v -0.565866 -0.572663 0.561851
v -0.634645 -0.546037 0.809125
v -0.596543 -0.345046 -0.791657
v -0.590164 -0.350674 -0.558035
v -0.554897 -0.359789 -0.356401
v -0.584363 -0.293476 -0.1428
v -0.598898 -0.335556 0.107314
v -0.58282 -0.348256 0.303381
v -0.588044 -0.35436 0.568274
v -0.60784 -0.350473 0.815745
v -0.586728 -0.130661 -0.795803
v -0.598562 -0.112012 -0.564444
v -0.593404 -0.0995846 -0.336701
v -0.594125 -0.0795178 -0.115394
v -0.603059 -0.113663 0.107422
v -0.582416 -0.0980899 0.351345
v -0.608294 -0.130561 0.553496
v -0.602986 -0.151992 0.788224
v -0.578102 0.107534 -0.597923
v -0.582164 0.0906511 -0.339061
v -0.6364 0.149801 -0.138434
v -0.602096 0.122769 0.108512
v -0.615776 0.0877529 0.355106
v -0.590426 0.110925 0.596412
v -0.57283 0.341269 -0.801694
v -0.569219 0.316721 -0.557909
v -0.585496 0.311105 -0.347503
v -0.584375 0.341367 -0.0848884
v -0.59737 0.323887 0.111918
v -0.621488 0.345108 0.312787
v -0.568872 0.338893 0.519236
v -0.588256 0.360301 0.774944
v -0.591973 0.56226 -0.78315
v -0.602474 0.552719 -0.557525
v -0.597988 0.561415 -0.365856
v -0.572474 0.548518 -0.118377
v -0.566908 0.568507 0.0907775
v -0.584552 0.542296 0.330991
v -0.583699 0.556924 0.551014
v -0.597887 0.569521 0.800894
v -0.615661 0.808826 -0.770576
v -0.60939 0.804328 -0.534378
v -0.589872 0.824026 -0.351977
v -0.613329 0.794251 -0.109028
v -0.566477 0.742998 0.33599
v -0.588525 0.807684 0.561644
v -0.619938 0.786574 0.781124
v -0.332391 -0.798302 -0.805018
v -0.349552 -0.816718 -0.582587
v -0.371875 -0.811991 -0.353344
v -0.362516 -0.821354 -0.150021
v -0.367959 -0.808767 0.121023
v -0.359562 -0.800894 0.349633
v -0.39067 -0.779866 0.575925
v -0.355195 -0.781621 0.752998
v -0.330091 -0.58044 -0.801736
v -0.387393 -0.552419 -0.565035
v -0.365903 -0.564993 -0.338581
v -0.344478 -0.58645 -0.101651
v -0.375419 -0.564891 0.124136
v -0.3522 -0.554932 0.318357
v -0.343672 -0.567166 0.563388
v -0.365261 -0.555411 0.788717
v -0.337468 -0.341339 -0.764961
v -0.388001 -0.353429 -0.541373
v -0.324225 -0.32977 -0.348987
v -0.363828 -0.325963 -0.116285
v -0.363161 -0.345858 0.12224
v -0.341626 -0.356302 0.354114
v -0.359654 -0.377678 0.567825
v -0.35134 -0.334936 0.791863
v -0.368946 -0.113444 -0.797744
v -0.33205 -0.116614 -0.554311
v -0.356932 -0.0973624 -0.333551
v -0.335852 -0.0776632 -0.121484
v -0.357398 -0.108183 0.121176
v -0.350597 -0.101422 0.342875
v -0.376176 -0.110114 0.562882
v -0.354805 -0.0955182 0.819892
v -0.342629 0.0982873 -0.600371
v -0.370451 0.125278 -0.369292
v -0.356662 0.13096 -0.10083
v -0.347509 0.111694 0.109532
v -0.351711 0.124848 0.316393
v -0.356779 0.114676 0.601426
v -0.315275 0.309598 -0.804442
v -0.370422 0.313174 -0.591297
v -0.341861 0.346398 -0.371201
v -0.341176 0.341775 -0.110924
v -0.34659 0.33345 0.095117
v -0.372523 0.29945 0.346477
v -0.346808 0.349194 0.544102
v -0.35901 0.301616 0.781288
v -0.324778 0.549179 -0.802971
v -0.326752 0.530584 -0.577004
v -0.320104 0.553494 -0.385036
v -0.365939 0.570098 -0.136695
v -0.356009 0.573859 0.097002
v -0.362433 0.566209 0.32039
v -0.32919 0.545142 0.568677
v -0.347911 0.59056 0.805257
v -0.358817 0.80375 -0.793731
v -0.380087 0.81383 -0.552874
v -0.3628 0.800249 -0.3408
v -0.345902 0.812056 -0.118324
v -0.358379 0.798364 0.131876
v -0.332397 0.802201 0.33283
v -0.364043 0.770113 0.608744
v -0.391825 0.78916 0.80102
v -0.105176 -0.800602 -0.797467
v -0.116125 -0.823025 -0.569144
v -0.111718 -0.80023 -0.295574
v -0.129961 -0.829188 0.1122
v -0.141795 -0.774675 0.334384
v -0.138116 -0.771727 0.564751
v -0.129875 -0.788292 0.794139
v -0.106688 -0.567124 -0.818235
v -0.119298 -0.587337 -0.580063
v -0.125623 -0.551035 -0.369385
v -0.130093 -0.56642 -0.121764
v -0.1087 -0.57591 0.0924342
v -0.110527 -0.561856 0.309449
v -0.099388 -0.568752 0.577638
v -0.123626 -0.540874 0.80548
v -0.0920712 -0.319574 -0.776991
v -0.137604 -0.349461 -0.55189
v -0.0843966 -0.372454 -0.359567
v -0.131501 -0.3384 -0.112952
v -0.0961966 -0.327512 0.0778732
v -0.112427 -0.341943 0.317191
v -0.118669 -0.366899 0.566739
v -0.121442 -0.338521 0.806707
v -0.148632 -0.110252 -0.560829
v -0.14451 -0.095789 -0.334284
v -0.116745 -0.106748 -0.119692
v -0.0861761 -0.100042 0.0788955
v -0.107908 -0.105105 0.340575
v -0.136106 -0.0701432 0.547921
v -0.113459 -0.121425 0.808675
v -0.106995 0.103245 -0.816468
v -0.10749 0.100967 -0.564018
v -0.104346 0.106732 -0.336975
v -0.141314 0.130217 -0.083021
v -0.127255 0.120033 0.11796
v -0.114208 0.109173 0.328586
v -0.122029 0.141177 0.592299
v -0.105814 0.337871 -0.790031
v -0.159002 0.350914 -0.576796
v -0.101689 0.315818 -0.324796
v -0.116994 0.34774 -0.0798115
v -0.117738 0.336823 0.11455
v -0.123251 0.31715 0.333932
v -0.113068 0.379152 0.590094
v -0.114327 0.571981 -0.76695
v -0.122462 0.539894 -0.514907
v -0.103876 0.53723 -0.331268
v -0.145212 0.567466 -0.11987
v -0.123292 0.551875 0.116345
v -0.100341 0.571075 0.339769
v -0.103338 0.566651 0.583335
v -0.146257 0.566462 0.769719
v -0.135569 0.817029 -0.80578
v -0.157507 0.851764 -0.558287
v -0.127128 0.794667 -0.333522
v -0.115826 0.806527 -0.127859
v -0.086265 0.793041 0.136031
v -0.129938 0.797022 0.54966
v -0.163293 0.792907 0.774734
v 0.130559 -0.801971 -0.798851
v 0.10814 -0.816399 -0.568928
v 0.108666 -0.773215 -0.332402
v 0.11385 -0.777868 -0.140274
v 0.105836 -0.796868 0.0977776
v 0.110635 -0.818593 0.334092
v 0.110981 -0.80662 0.547046
v 0.14214 -0.780483 0.786356
v 0.115514 -0.57189 -0.812223
v 0.0860484 -0.539703 -0.572908
v 0.106277 -0.529512 -0.359429
v 0.09711 -0.566127 -0.0747423
v 0.133274 -0.582093 0.118634
v 0.12426 -0.559421 0.313383
v 0.128265 -0.594402 0.558407
v 0.0582969 -0.519595 0.767037
v 0.122938 -0.331004 -0.808336
v 0.101597 -0.339354 -0.57497
v 0.144907 -0.340813 -0.363047
v 0.11722 -0.33257 -0.118953
v 0.106858 -0.349404 0.105792
v 0.143189 -0.379869 0.329671
v 0.134878 -0.361758 0.560221
v 0.117418 -0.326739 0.793158
v 0.0816925 -0.120877 -0.795809
v 0.0964519 -0.0882381 -0.563286
v 0.105472 -0.102579 -0.323126
v 0.125419 -0.100612 -0.1274
v 0.113904 -0.119894 0.10605
v 0.130137 -0.12963 0.33259
v 0.109796 -0.136905 0.561362
v 0.126327 -0.105793 0.801852
v 0.105568 0.0989446 -0.804797
v 0.138148 0.108521 -0.594955
v 0.0912254 0.138062 -0.378402
v 0.104766 0.124543 -0.135158
v 0.106566 0.133089 0.104762
v 0.140318 0.110128 0.323874
v 0.122678 0.102985 0.60462
v 0.143865 0.356963 -0.801748
v 0.112597 0.333354 -0.549151
v 0.115422 0.325384 -0.336473
v 0.139443 0.333325 -0.149138
v 0.11427 0.354492 0.121048
v 0.130331 0.318711 0.348269
v 0.142945 0.325068 0.611857
v 0.116077 0.555542 -0.775819
v 0.134972 0.573174 -0.566974
v 0.125048 0.5692 -0.369206
v 0.132603 0.541284 -0.0993706
v 0.102032 0.603521 0.123354
v 0.0992545 0.545609 0.524455
v 0.134372 0.542879 0.781717
v 0.120635 0.798735 -0.792462
v 0.0867306 0.824255 -0.540631
v 0.115614 0.806054 -0.330535
v 0.116366 0.794359 -0.111601
v 0.110549 0.811796 0.52751
v 0.146014 0.795815 0.815457
v 0.358023 -0.811261 -0.794252
v 0.350433 -0.807516 -0.585981
v 0.345438 -0.788485 -0.333713
v 0.354038 -0.78501 -0.128685
v 0.344269 -0.784474 0.0885345
v 0.350553 -0.79912 0.323396
v 0.336797 -0.786691 0.575733
v 0.361774 -0.795818 0.813171
v 0.365524 -0.58741 -0.787787
v 0.353484 -0.589571 -0.577975
v 0.344284 -0.533349 -0.363079
v 0.363957 -0.567851 -0.104989
v 0.356786 -0.560024 0.113814
v 0.37023 -0.54784 0.327599
v 0.352364 -0.543639 0.55607
v 0.310149 -0.545039 0.799814
v 0.342499 -0.34726 -0.773934
v 0.316533 -0.36545 -0.534954
v 0.382741 -0.352925 -0.356566
v 0.378167 -0.355492 -0.111403
v 0.337909 -0.347007 0.120796
v 0.368434 -0.322277 0.328457
v 0.371747 -0.342257 0.567191
v 0.366232 -0.33655 0.808371
v 0.358702 -0.124816 -0.782953
v 0.353428 -0.100842 -0.556903
v 0.338897 -0.1161 -0.314006
v 0.348557 -0.115121 -0.102189
v 0.337143 -0.128433 0.106735
v 0.330318 -0.101819 0.336928
v 0.324724 -0.136876 0.602847
v 0.377363 0.100421 -0.793555
v 0.381373 0.116509 -0.554175
v 0.338112 0.108343 -0.330426
v 0.335787 0.106756 -0.107149
v 0.325946 0.0840062 0.130771
v 0.414656 0.0601513 0.350498
v 0.378755 0.131724 0.60226
v 0.378686 0.324181 -0.784445
v 0.359084 0.357009 -0.558559
v 0.349044 0.324019 -0.333733
v 0.359818 0.329527 -0.0930708
v 0.342001 0.3373 0.133209
v 0.36491 0.279916 0.336774
v 0.326111 0.362025 0.557333
v 0.330046 0.323766 0.777001
v 0.342369 0.566749 -0.80424
v 0.364884 0.562225 -0.563981
v 0.365906 0.563188 -0.359459
v 0.320261 0.592314 -0.104562
v 0.388397 0.564073 0.330352
v 0.330002 0.555375 0.586018
v 0.358336 0.584976 0.782523
v 0.349893 0.795684 -0.793652
v 0.315841 0.799962 -0.534811
v 0.348461 0.806511 -0.298288
v 0.347112 0.785185 0.159644
v 0.36785 0.768477 0.542906
v 0.387658 0.77557 0.745836
v 0.606264 -0.802248 -0.796598
v 0.591971 -0.814409 -0.578288
v 0.579862 -0.790497 -0.334845
v 0.584444 -0.765841 -0.135184
v 0.599528 -0.788851 0.105524
v 0.620772 -0.782466 0.313153
v 0.574813 -0.78107 0.565177
v 0.617235 -0.771215 0.813466
v 0.60012 -0.548222 -0.784993
v 0.591988 -0.590142 -0.581401
v 0.582396 -0.535837 -0.368902
v 0.578952 -0.560941 -0.0880058
v 0.616188 -0.55457 0.0923331
v 0.598218 -0.570299 0.319811
v 0.598761 -0.558179 0.553078
v 0.559439 -0.545418 0.825477
v 0.574768 -0.332837 -0.782689
v 0.57807 -0.343476 -0.554027
v 0.626552 -0.34154 -0.361618
v 0.612896 -0.345863 -0.134198
v 0.58484 -0.347423 0.111391
v 0.609979 -0.382729 0.328403
v 0.586571 -0.380863 0.566226
v 0.558022 -0.299334 0.781108
v 0.580104 -0.123318 -0.777794
v 0.582341 -0.0970912 -0.55931
v 0.596093 -0.0954907 -0.343683
v 0.591693 -0.102618 -0.108163
v 0.540043 -0.125923 0.149187
v 0.639119 -0.131177 0.322702
v 0.568426 -0.1019 0.540181
v 0.579703 -0.0964955 0.81945
v 0.616903 0.0956672 -0.800297
v 0.588344 0.128919 -0.58527
v 0.589554 0.10328 -0.353966
v 0.590267 0.113364 -0.111015
v 0.574862 0.122025 0.127043
v 0.598718 0.123746 0.331022
v 0.602176 0.0760246 0.569741
v 0.577595 0.298034 -0.781986
v 0.601913 0.355757 -0.599113
v 0.596 0.324311 -0.337216
v 0.605267 0.341233 -0.0876372
v 0.586848 0.346495 0.148085
v 0.569917 0.341793 0.337234
v 0.57625 0.291437 0.577643
v 0.591837 0.336193 0.796802
v 0.572217 0.550905 -0.797779
v 0.611887 0.564066 -0.543242
v 0.59125 0.550922 -0.348981
v 0.59054 0.554315 -0.113913
v 0.585482 0.595107 0.0998766
v 0.635077 0.515323 0.316827
v 0.574557 0.566599 0.550588
v 0.57262 0.591387 0.803356
v 0.610384 0.748019 -0.798171
v 0.592197 0.82633 -0.580143
v 0.539195 0.774645 -0.338013
v 0.603732 0.802775 -0.11791
v 0.551001 0.82304 0.103486
v 0.581685 0.782953 0.371254
v 0.594857 0.812 0.589992
v 0.569147 0.821217 0.793918
v 0.82492 -0.812714 -0.771838
v 0.817114 -0.815913 -0.561023
v 0.826535 -0.776094 -0.337367
v 0.838283 -0.784322 -0.136951
v 0.834183 -0.786562 0.11766
v 0.8214 -0.796867 0.333673
v 0.827647 -0.782596 0.560845
v 0.848142 -0.789121 0.816914
v 0.810057 -0.562684 -0.772609
v 0.835971 -0.598447 -0.570885
v 0.815166 -0.538422 -0.381865
v 0.806429 -0.558923 -0.0866976
v 0.808444 -0.591046 0.140389
v 0.824925 -0.566788 0.319681
v 0.838892 -0.559143 0.551661
v 0.797845 -0.535325 0.815792
v 0.808465 -0.346746 -0.797014
v 0.825244 -0.326955 -0.56021
v 0.807675 -0.346096 -0.128677
v 0.79899 -0.364749 0.131241
v 0.861818 -0.346233 0.325963
v 0.821828 -0.364914 0.572779
v 0.832963 -0.338228 0.805264
v 0.809609 -0.111006 -0.784809
v 0.833254 -0.103435 -0.572753
v 0.812943 -0.146096 -0.335063
v 0.802505 -0.121284 -0.100507
v 0.795981 -0.118158 0.125123
v 0.847704 -0.103545 0.331066
v 0.814336 -0.0947977 0.554637
v 0.820718 -0.113521 0.813405
v 0.860099 0.13521 -0.788012
v 0.840305 0.107994 -0.564488
v 0.842138 0.0957965 -0.332428
v 0.83574 0.120327 -0.115916
v 0.807623 0.0951801 0.136448
v 0.824442 0.116557 0.335298
v 0.807683 0.131348 0.569287
v 0.863043 0.148831 0.780603
v 0.801405 0.346667 -0.792911
v 0.823087 0.315879 -0.562369
v 0.842994 0.326075 -0.353521
v 0.828037 0.343975 -0.0953714
v 0.830379 0.335453 0.104461
v 0.798936 0.344599 0.312627
v 0.857468 0.343702 0.537738
v 0.820375 0.358636 0.780733
v 0.823643 0.554834 -0.790961
v 0.830273 0.540181 -0.54788
v 0.82468 0.568503 -0.369525
v 0.825677 0.562611 -0.132989
v 0.832973 0.581588 0.102227
v 0.832911 0.59115 0.333889
v 0.840282 0.5778 0.551086
v 0.79514 0.592247 0.786591
v 0.798197 0.807043 -0.784831
v 0.814169 0.822277 -0.543991
v 0.820714 0.814408 -0.323277
v 0.852244 0.808049 -0.130103
v 0.806264 0.799549 0.128047
v 0.806139 0.786063 0.354632
v 0.825456 0.806158 0.564685
v 0.804228 0.799627 0.786525
v 0.429268 -0.843848 1
v 1.27012 -1 0.828233
v 1.09836 -0.813585 -0.792489
v 1.08648 -0.794877 -0.562005
v 1.06267 -0.791504 -0.35172
v 1.075 -0.784301 -0.149668
v 1.05849 -0.81347 0.102733
v 1.07544 -0.778481 0.313632
v 1.04555 -0.775747 0.569811
v 1.07184 -0.79443 0.794024
v 0.381422 0.108408 0.855207
v 1.06708 -0.563944 -0.808424
v 1.06713 -0.581484 -0.580538
v 1.04159 -0.55813 -0.349603
v 1.07415 -0.570007 -0.107599
v 1.06585 -0.572588 0.115345
v 1.06857 -0.565352 0.336801
v 1.06824 -0.571166 0.556281
v 1.04334 -0.552504 0.821926
v 1.07278 -0.361973 -0.763566
v 1.05855 -0.368191 -0.532679
v 1.11767 -0.361528 -0.353336
v 1.09823 -0.344786 -0.118856
v 1.04653 -0.355846 0.125156
v 1.09874 -0.332451 0.338845
v 1.07733 -0.368544 0.560255
v 1.06019 -0.329177 0.811199
v 1.0662 -0.108532 -0.805414
v 1.00829 -0.13308 -0.542125
v 1.04684 -0.126566 -0.340927
v 1.08783 -0.0852479 -0.130548
v 1.03 -0.136 0.142535
v 1.08042 -0.0913815 0.325665
v 1.05489 -0.138216 0.561211
v 1.0649 -0.110067 0.816442
v 1.06719 0.117744 -0.811211
v 1.06908 0.101597 -0.583242
v 1.03543 0.135321 -0.374701
v 1.05129 0.135338 -0.125263
v 1.0655 0.106154 0.111057
v 1.07383 0.108937 0.317998
v 1.04724 0.11476 0.591958
v 1.08864 0.11307 0.825462
v 1.03337 0.348975 -0.813363
v 1.06746 0.29946 -0.54924
v 1.08659 0.324286 -0.368984
v 1.06923 0.330514 -0.0913022
v 1.06017 0.33072 0.122681
v 1.03476 0.302362 0.348442
v 1.08474 0.314264 0.594445
v 1.82798 0.795004 -1
v 1.06795 0.585965 -0.793437
v 1.07 0.544216 -0.545896
v 1.05031 0.561558 -0.38026
v 1.0547 0.572416 -0.130245
v 1.025 0.561575 0.11373
v 1.07586 0.521889 0.329575
v 1.08123 0.548786 0.5524
v 1.07362 0.5621 0.824102
v 1.05162 0.819346 -0.801886
v 1.04544 0.809863 -0.528554
v 1.07808 0.802532 -0.306821
v 1.05646 0.84477 -0.0900914
v 1.04824 0.780385 0.100109
v 1.03767 0.76551 0.322614
v 1.04381 0.793734 0.545047
v 1.06285 0.800299 0.777421
v 1.34525 -0.784042 -0.800902
v 1.32988 -0.808771 -0.56649
v 1.28397 -0.779759 -0.32322
v 1.2793 -0.764379 -0.135995
v 1.30637 -0.787795 0.11869
v 1.291 -0.80213 0.347951
v 1.33583 -0.790325 0.569285
v 1.31323 -0.77843 0.798532
v 1.31874 -0.565284 -0.807478
v 1.30961 -0.596176 -0.566162
v 1.3072 -0.560398 -0.358467
v 1.29841 -0.569246 -0.0990559
v 1.28808 -0.56804 0.128168
v 1.31085 -0.5764 0.31448
v 1.27639 -0.523713 0.530693
v 1.27649 -0.535443 0.822334
v 1.27787 -0.346947 -0.796502
v 1.28438 -0.380874 -0.526596
v 1.35049 -0.397666 -0.338358
v 1.31349 -0.368036 -0.129492
v 1.31747 -0.338173 0.0689435
v 1.32014 -0.373188 0.327259
v 1.30506 -0.346363 0.554233
v 1.31285 -0.305295 0.804381
v 1.29181 -0.111194 -0.809116
v 1.31689 -0.105475 -0.590899
v 1.24146 -0.152969 -0.322098
v 1.30155 -0.107505 -0.105028
v 1.26554 -0.135892 0.140317
v 1.3351 -0.14212 0.32534
v 1.29121 -0.134272 0.55804
v 1.29428 -0.0924033 0.821453
v 1.29702 0.116336 -0.812879
v 1.29074 0.112524 -0.573795
v 1.27952 0.138917 -0.366984
v 1.31332 0.120154 -0.103467
v 1.26327 0.0867024 0.143629
v 1.31501 0.110398 0.334176
v 1.31661 0.0872936 0.590134
v 1.28822 0.12499 0.801631
v 1.29152 0.342556 -0.813971
v 1.30218 0.320465 -0.555649
v 1.34418 0.322439 -0.33895
v 1.30747 0.357754 -0.0836874
v 1.28678 0.335432 0.310057
v 1.3125 0.34255 0.536041
v 1.30028 0.353243 0.782391
v 1.26764 0.554806 -0.821147
v 1.31494 0.537302 -0.549882
v 1.29501 0.570512 -0.364049
v 1.31186 0.569264 -0.136381
v 1.3113 0.568214 0.0951065
v 1.29217 0.562523 0.308522
v 1.31345 0.553261 0.568714
v 1.3058 0.5744 0.831754
v 1.27877 0.824168 -0.780294
v 1.29206 0.812247 -0.559809
v 1.31121 0.804844 -0.343313
v 1.29228 0.81429 -0.116813
v 1.29994 0.804866 0.121616
v 1.31352 0.773342 0.348586
v 1.28913 0.80581 0.594246
v 1.32033 0.803178 0.784034
v 1.56242 -0.805707 -0.809519
v 1.55398 -0.765665 -0.589621
v 1.5203 -0.763385 -0.363417
v 1.50201 -0.748698 -0.15444
v 1.55357 -0.816274 0.0849725
v 1.51059 -0.802284 0.331662
v 1.52487 -0.792413 0.779141
v 0.472621 0.00929731 1
v 1.52861 -0.589435 -0.791553
v 1.49417 -0.560056 -0.556808
v 1.53197 -0.560145 -0.348487
v 1.51838 -0.557336 -0.0985099
v 1.53371 -0.578629 0.129129
v 1.53165 -0.552872 0.329394
v 1.53675 -0.577335 0.561321
v 1.53003 -0.53541 0.795152
v 1.53125 -0.340522 -0.76273
v 1.50532 -0.374108 -0.516725
v 1.56552 -0.387036 -0.33469
v 1.51001 -0.346761 -0.126507
v 1.54313 -0.356345 0.123646
v 1.53228 -0.324604 0.331213
v 1.5188 -0.365232 0.564348
v 1.58119 -0.285123 0.754624
v 1.50634 -0.113601 -0.797277
v 1.54272 -0.105044 -0.563416
v 1.58001 -0.112472 -0.348643
v 1.54801 -0.114568 -0.111503
v 1.57312 -0.10967 0.118326
v 1.55661 -0.107039 0.341908
v 1.52792 -0.0795682 0.556062
v 1.52431 -0.102534 0.828132
v 1.54591 0.0848632 -0.798222
v 1.51287 0.142949 -0.560769
v 1.51922 0.100686 -0.33003
v 1.50834 0.131918 -0.124884
v 1.51567 0.0946073 0.130941
v 1.53098 0.103269 0.350562
v 1.50731 0.145275 0.528923
v 1.55227 0.119026 0.745163
v 1.54715 0.332781 -0.778845
v 1.57448 0.308749 -0.317881
v 1.53992 0.336652 -0.082315
v 1.5331 0.326566 0.132316
v 1.53562 0.331025 0.345952
v 1.52444 0.357001 0.57256
v 1.50263 0.376105 0.809258
v 1.55939 0.534766 -0.585349
v 1.53151 0.572894 -0.381306
v 1.51955 0.557481 -0.139658
v 1.52039 0.57371 0.111058
v 1.52816 0.581939 0.342806
v 1.57729 0.538328 0.587766
v 1.55558 0.57265 0.824362
v 1.53751 0.782452 -0.783748
v 1.50101 0.816107 -0.535153
v 1.54695 0.80615 -0.307346
v 1.54451 0.801312 -0.0707094
v 1.51348 0.827898 0.144532
v 1.56222 0.79454 0.333695
v 1.51783 0.765032 0.585764
v 1.53787 0.800441 0.804047
v 1.81186 -0.818439 -0.801576
v 1.75296 -0.810846 -0.592813
v 1.76972 -0.768459 -0.359316
v 1.77904 -0.792194 -0.128841
v 1.78495 -0.774045 0.106476
v 1.79549 -0.765852 0.331634
v 1.765 0.830304 -0.57128
v 1.77343 -0.606694 -0.805119
v 1.81136 -0.551779 -0.568438
v 1.78135 -0.547748 -0.316644
v 1.8156 -0.538716 -0.101725
v 1.78445 -0.546832 0.130326
v 1.77643 -0.550629 0.322297
v 1.79617 -0.545585 0.550667
v 1.77304 -0.585814 0.795594
v 1.76955 -0.34759 -0.806421
v 1.79146 -0.332352 -0.356761
v 0.0265797 0.379974 0.8159
v 1.77482 -0.329412 0.327822
v 1.78875 -0.355532 0.578198
v 1.77951 -0.35321 0.803437
v 1.7642 -0.108315 -0.784911
v -0.229131 0.413889 0.767289
v 1.7575 -0.0740544 -0.0785431
v -0.69664 0.187356 0.810702
v 1.77059 -0.117971 0.576125
v 1.76963 -0.0849719 0.784894
v 1.79608 0.0984864 -0.33928
v 1.80018 0.153153 -0.128534
v 1.77279 0.118194 0.114113
v 1.76641 0.0702427 0.326969
v 1.79995 0.122236 0.561339
v 1.79873 0.139207 0.820049
v -1.78228 -0.284555 0.556006
v 1.7861 0.316287 -0.37527
v 1.79046 0.352532 -0.114494
v 1.79647 0.318063 0.101426
v 1.8167 0.32383 0.336369
v 1.77674 0.361835 0.54587
v 1.74079 0.371654 0.787
v 1.76636 0.596241 -0.809783
v 1.80092 0.565791 -0.579016
v 1.77153 0.54862 -0.351916
v 1.7707 0.548124 -0.0873827
v 1.78472 0.550986 0.112701
v 1.78639 0.580889 0.563859
v 1.8003 0.816476 -0.785861
v 1.79245 0.771069 -0.330421
v 1.77717 0.795368 -0.11164
v 1.79627 0.809044 0.105968
v 1.79953 0.811117 0.354943
v 1.76026 0.827702 0.566217
v 1.8086 0.817136 0.788468
v -1.79714 -0.292439 -0.333907
v 2 -0.782099 -0.395706
v 2 -0.610563 0.453827
v 1.73887 -0.105344 -0.461048
v 1.74968 -0.11098 0.240262
v 1.79637 -0.356592 -0.0130198
v 1.77361 -0.205049 0.114004
v -1.77387 -0.556798 -0.734173
v 2 -0.00906218 -0.590437
v 2 -0.546996 -0.423167
v 1.7518 0.00297303 -0.587051
v -0.438784 0.163805 -0.772053
v 1.64024 -0.807569 0.557251
v -0.502844 0.0935736 0.812613
v -0.510234 0.798717 0.067762
v -0.232661 0.0866031 0.809131
v 0.649851 0.634765 -1
v -1.25899 0.302418 -1
v -1.88409 -0.708758 -0.794827
v 1.82425 -0.808265 0.638766
v -1.69624 -0.684003 -0.824385
v -1.75459 -0.786542 -1
v 0.112044 0.898331 0.370724
v -2 -0.853891 0.81386
v 1.82223 0.513946 -1
v -1.85211 -0.785173 1
v -0.211673 -0.741994 -0.0267272
v 0.205714 0.0972529 0.797336
v -0.010739 0.055083 0.800646
v -1.88078 1 -0.79224
v -2 0.820079 0.875679
v -1.86564 0.802591 1
v -1.88725 1 0.779496
v 0.395267 -0.42648 1
v 0.336507 0.168384 1
v 1.37873 -1 -0.0519339
v 1.84693 -1 -0.747459
v 1.7797 -0.776662 -1
v 2 -0.323242 0.816687
v -1.82223 0.731003 -1
v 1.84526 -1 0.824832
v -1.53602 -0.7403 -1
v 0.214361 -0.462233 -1
v 0.226604 -1 -0.391471
v -0.419546 -0.0815339 1
v -0.443601 1 -0.1018
v 1.80771 1 0.409148
v 1.74035 1 0.5983
v -1.76801 -0.400769 -1
v 0.15691 0.610852 0.312205
v -0.898409 -1 -0.388359
v -0.891017 -0.400769 -1
v 1.36364 1 0.627123
v 0.927965 1 0.507914
v 1.88616 -0.00973601 1
v 0.469691 0.472769 1
v -2 -0.838383 0.20531
v 0.411891 -1 1
v 1.40274 -0.00571936 1
v 1.28956 -1 0.640499
v -1.42318 -1 0.435442
v -2 -0.727398 -0.566291
v -2 -0.70948 -0.255097
v -0.0315892 -1 0.691489
v -2 -0.695735 0.437873
v -2 -0.687999 0.835867
v -2 -0.6832 0.674926
v 0.709482 0.797946 -1
v 0.736027 -0.713243 1
v -0.985998 -1 0.721576
v -1.16043 1 -0.0129504
v -1.19821 -1 0.223325
v -2 -0.494371 -0.684111
v -2 -0.488701 -0.44757
v -2 -0.561045 0.0102968
v -2 -0.456846 -0.230492
v -2 -0.456846 0.222217
v -0.20644 -0.674049 1
v -2 -0.476542 0.688007
v -1.85972 -0.582453 1
v -2 -0.243003 -0.722002
v -2 -0.232944 -0.0426722
v -2 -0.188587 -0.24423
v -2 -0.249233 0.210034
v -2 -0.249858 0.700507
v -2 -0.113177 -0.456846
v -2 -0.00615859 -0.681089
v -2 -0.0102105 0.229917
v -2 -0.0239627 0.0144325
v -2 -0.0101697 0.443809
v -2 -0.124247 0.900474
v -2 -0.026751 0.72066
v 1.83194 0.834883 1
v -1.83732 0.127726 -1
v -1.66167 -1 0.179845
v -0.784805 0.0387742 0.800154
v -0.777933 -0.161003 0.819482
v 2 -0.236279 -0.719307
v -1.85872 -1 0.85439
v -2 0.222217 -0.6832
v -2 0.113177 -0.230492
v -2 0.204522 0.0146308
v 1.76801 -1 -1
v -2 0.102467 0.901839
v -2 0.222217 0.674926
v -1.76801 -1 -1
v -1.72494 -0.763319 -0.251844
v -0.147129 0.287438 0.801587
v -1.85285 -0.842458 -0.167632
v -2 0.339532 -0.456846
v -2 0.448571 -0.6832
v -2 0.339532 -0.113177
v -2 0.448571 0.222217
v -2 0.460218 0.450577
v -2 0.328089 0.901902
v -2 0.468427 0.856617
v 0.297439 0.791504 0.350599
v -2 0.674926 -0.456846
v -2 0.674926 -0.230492
v -2 0.701741 -0.0126693
v -2 0.717894 0.201574
v -2 0.639472 0.716225
v -1.86723 0.58395 1
v -2 0.813007 -0.721426
v -2 0.895801 -0.341149
v -2 0.911363 -0.120731
v -2 0.91273 0.10367
v -2 0.910008 0.334677
v -2 0.79224 0.674926
v -2 0.878328 0.490948
v -1.85089 1 -0.589621
v -1.88078 1 0.565886
v -1.77233 -1 -0.68836
v -1.78704 -0.208958 1
v -1.82384 0.0302849 1
v -1.8013 0.242467 1
v -1.77233 0.462006 1
v -1.77233 0.68836 1
v 2 -0.860367 0.835253
v -1.77891 1 -0.219027
v -1.80555 1 0.0336184
v -1.7987 1 0.240977
v -1.77233 1 0.462006
v -1.77233 1 0.68836
v -1.67518 -1 -0.553573
v 1.79663 0.570329 0.809164
v -1.6836 -1 -0.233046
v -1.69256 -1 -0.0227241
v -1.75643 -0.0933921 0.548955
v -1.66137 -1 0.488164
v -1.60595 -1 -0.721113
v -1.56475 -1 -0.413767
v 2 -0.392791 0.451594
v -1.6525 -0.645648 1
v -1.53602 -0.79224 1
v -1.7093 -0.582033 -1
v -1.77979 -0.109517 -0.353004
v -1.69411 -0.223885 -1
v -1.54019 -0.43244 -1
v -1.66609 -0.351843 1
v 2 0.423939 1
v -1.53602 -0.443411 1
v 2 -0.0287693 1
v -1.66388 0.00929731 -1
v 2 -1 -0.255124
v -2 -1 -0.489753
v -2 -0.261438 0.449863
v -2 -0.472014 0.448452
v -1.53602 -0.217057 1
v -1.66626 0.224259 -1
v 1.74491 -0.119432 -0.293323
v -1.79085 -0.548797 -0.562061
v -1.66388 0.462006 -1
v -1.55575 0.229673 1
v 2 0.0417924 -0.409301
v -1.62005 0.549261 1
v -0.141522 0.808248 0.349491
v -1.64447 0.89612 -1
v -1.55849 0.684171 -1
v -1.78513 0.0574464 0.355695
v -1.64447 1 -0.68836
v 1.53335 0.325142 -0.537912
v 2 -1 0.197585
v -2 0.117711 -1
v -2 -1 0.18931
v -1.65763 1 0.833222
v -1.53602 0.68836 1
v -2 0.113177 -0.456846
v -1.50415 0.879217 1
v -1.55505 1 -0.857323
v -1.53602 1 -0.443411
v -1.53602 1 -0.217057
v -1.53602 1 0.235652
v -1.83596 -0.358679 0.0936672
v -1.49528 1 0.879887
v -1.40732 -1 -0.550151
v -1.37052 -1 -0.728144
v -1.44759 -1 -0.23957
v -1.42761 -1 -0.00803839
v -1.42757 -1 0.235652
v -1.42757 -1 0.68836
v -1.8307 -1 -0.427758
v -0.632127 -0.82996 1
v 0.37653 0.814846 -0.0938857
v -1.39949 -0.709533 1
v -1.29971 -0.68836 -1
v 1.86541 -0.756115 0.835748
v -1.43131 -0.238617 -1
v -1.40781 0.0167435 -1
v -1.41833 -0.0415578 1
v -1.2916 -0.215347 1
v -1.4045 0.228924 -1
v -1.4176 0.466556 -1
v -1.40108 0.368565 1
v -2 -0.660857 0.197244
v 2 0.0422039 0.8416
v -1.40947 0.554645 1
v -1.40816 0.89612 -1
v -1.29971 0.669766 -1
v -1.42967 1 -0.694407
v -1.40816 1 -0.00929731
v -1.40851 1 0.460437
v -1.41222 1 0.708705
v 0.55168 -0.317762 1
v -1.29971 0.68836 1
v 0.537238 1 -0.0269217
v -1.29971 0.89612 1
v -1.27778 1 -0.857515
v 1.47463 0.175797 1
v -1.35393 0.113177 1
v -0.645001 -0.565886 1
v -1.28684 1 -0.224921
v -0.319725 -1 0.500917
v -0.776409 -1 0.294798
v -1.30087 1 0.863062
v 1.57126 0.111265 -1
v -1.21825 -1 -0.554773
v -1.19126 -1 0.00929731
v -1.19126 -1 0.462006
v -1.19126 -1 0.68836
v -1.0634 -1 -0.565886
v -1.0634 -1 -0.68836
v -1.0634 -1 -0.235652
v -1.17692 -0.845639 1
v -1.18039 -0.657677 1
v -1.02535 -0.810502 1
v -1.22316 -0.54382 -1
v -1.0634 -0.565886 -1
v -1.0634 -0.68836 -1
v -1.19126 -0.339532 -1
v -1.07222 -0.471185 1
v -1.19126 0.00929731 -1
v -1.09615 -0.240639 -1
v -1.17185 -0.00929731 1
v -1.0634 0.113177 -1
v -1.14794 0.229908 1
v -1.18044 0.46852 -1
v -1.17922 0.485154 1
v -1.16366 0.844432 -1
v -1.07945 0.675548 -1
v -1.17185 1 -0.68836
v -2 -0.782943 -0.0205906
v 2 0.666747 0.782943
v -1.1651 1 0.451164
v -1.17185 1 0.669766
v -1.73574 -0.843385 -0.783622
v 2 -0.782943 -1
v -0.133248 -0.110298 -0.758576
v -1.0348 0.695227 1
v 2 1 -0.782943
v -1.09313 0.860563 1
v -1.07846 1 -0.866632
v -2 -0.782943 -1
v -2 0.782943 -1
v 0.0998603 0.788292 0.150813
v -1.05398 1 -0.448517
v 2 1 0.782943
v -1.0634 1 -0.217057
v -1.05686 1 0.222854
v -1.0748 1 0.858668
v -0.898563 -1 -0.135079
v -0.954583 -1 0.176833
v -0.946026 -1 0.478522
v 1.89057 0.0560232 -0.708892
v 1.87051 -0.115351 -0.608696
v -0.827086 -1 -0.68836
v 1.88654 0.0565205 0.735542
v 0.520255 -0.882158 0.872904
v -0.828298 -0.703176 -1
v -0.831863 -0.678399 1
v -0.995476 -0.223053 1
v -0.831964 -0.429367 1
v -0.912994 -0.156491 -1
v -0.934695 0.0166089 1
v 0.278887 -1 0.322197
v -0.954948 0.235652 -1
v -0.944554 0.452701 -1
v -0.94246 0.374372 1
v -0.833558 0.191976 1
v -0.934417 0.561153 1
v -0.827086 0.669766 -1
v -0.875699 1 -0.328935
v 1.85446 0.365483 -0.558916
v -0.942635 1 0.0383138
v -0.926048 1 0.435999
v 1.87569 -0.0514853 0.114415
v 1.8687 -0.0813638 0.369563
v -0.953169 1 0.679796
v -0.791682 0.719235 1
v 1.90283 0.369796 0.170972
v -0.85641 0.869146 1
v 1.86867 0.131902 -0.520444
v -0.883041 1 -0.667235
v -0.827086 1 -0.113177
v 1.88936 -0.754673 -0.529119
v -0.846085 1 0.216126
v -0.841331 1 0.859678
v -0.743405 -1 -0.523111
v -0.718637 -1 -0.339532
v -0.705827 -1 9.75209e-05
v -0.697304 -1 0.464869
v -0.718637 -1 0.68836
v 1.54572 0.391471 1
v -2.77556e-16 1 0.287592
v -0.0204659 0.304714 1
v -1.30941 -0.391471 -1
v 0.932473 0.52926 1
v -0.608565 -0.862585 -1
v -0.590776 -1 -0.68836
v -0.529986 -1 -0.281162
v -0.618818 -1 0.213578
v 0.915097 0.876716 0.68021
v -0.731417 -0.525273 -1
v -0.590776 -0.68836 -1
v -0.728274 -0.341439 -1
v -0.535102 -0.280184 -1
v -0.699225 -0.235652 1
v -0.710808 -0.0288662 -1
v 1.87958 -0.0507279 -0.391518
v -0.663126 -0.0183537 1
v 1.88743 -0.383735 0.394279
v 1.88399 -0.611597 0.388641
v -1.88416 -0.72772 -0.415877
v -0.702552 0.48707 -1
v -0.590776 0.217057 -1
v -0.731191 0.374881 1
v -0.590776 0.235652 1
v -0.726857 0.561519 1
v -1.87868 -0.887692 -0.864173
v -0.572565 0.440033 1
v -0.699225 0.89612 -1
v -0.590776 0.669766 -1
v -0.714236 1 -0.480832
v -0.685614 1 -0.00571287
v -0.734775 1 0.395765
v -0.715653 1 0.659457
v -0.590776 0.68836 1
v 0.754963 0.059863 -0.875576
v 0.768596 -0.880577 0.0388958
v -0.624156 0.867488 1
v -0.569839 1 -0.855489
v -0.630076 1 -0.675606
v 0.237853 0.868054 0.674797
v -0.575178 1 0.208312
v -0.500203 -0.0621856 0.884018
v -0.577864 1 0.470417
v -0.605803 1 0.857859
v -0.287053 -0.67255 0.864547
v -1.22087 0.876889 -0.0334458
v -0.482327 -1 -0.565886
v 0.910534 0.87696 0.420215
v -0.482327 -1 0.339532
v 0.0903741 -1 0.84418
v -0.490283 -1 0.698848
v -0.844254 -1 0.833418
v -0.618557 -1 0.84418
v -1.55593 -1 0.816595
v -0.354466 -1 -0.68836
v -0.359593 -1 -0.418472
v -0.425502 -1 0.0187962
v 0.191776 1 0.791826
v -0.462915 -0.68836 1
v -1.38157 -1 -0.41136
v -0.512858 -0.516544 -1
v -0.354466 -0.68836 -1
v -1.82223 1 0.89612
v 2 0.009514 0.526589
v 2 0.343669 0.511366
v 2 0.298723 0.226297
v -0.371874 -0.412141 -1
v -0.354466 -0.443411 1
v -0.482327 0.00929731 -1
v -0.368364 -0.229569 1
v -0.368973 0.0439242 1
v -0.482327 0.462006 -1
v -0.363192 0.228597 -1
v -0.316103 0.459078 1
v -0.462915 0.89612 -1
v -0.348793 0.677319 -1
v -0.459687 1 -0.550243
v -0.464546 1 0.353955
v -2 -0.828219 0.604595
v -0.462915 1 0.669766
v 0.226305 1 -0.0517755
v 0.267157 -0.0418741 1
v -0.354466 0.68836 1
v 1.5644 1 -0.59621
v -0.39067 0.864203 1
v -0.34379 1 -0.881697
v -0.23631 0.0519399 -1
v 0.811467 1 -0.68458
v -0.30579 1 -0.406866
v -0.384886 1 -0.241747
v -0.354466 1 0.00929731
v -0.35316 1 0.471926
v 2 -0.264966 0.649473
v -0.369555 1 0.860659
v 2 -0.00467889 -0.0648922
v -0.242541 -1 -0.562169
v 2 0.226354 -0.0545199
v -2 0.508148 -0.305145
v -0.25743 -1 -0.246341
v -0.248113 -1 0.0847825
v -0.24505 -1 0.286923
v -2 -0.365524 0.0808672
v -0.240656 -1 0.695961
v -0.133661 -0.867773 -1
v -0.118155 -1 -0.68836
v -0.14438 -1 -0.431403
v -0.126608 -1 -0.116636
v 1.88139 -0.174147 0.838569
v -0.0729976 -1 0.470294
v -0.244402 -0.555747 -1
v 1.23572 0.601541 -1
v -0.118155 -0.68836 -1
v 0.285367 0.531966 -1
v -0.246017 -0.217057 -1
v -0.143003 -0.427026 -1
v 1.33863 -0.587957 1
v 0.411841 1 0.299247
v -0.118155 -0.443411 1
v -0.149774 -0.102995 -1
v -0.249576 -0.102035 1
v -0.538662 -0.164647 1
v -0.526845 -0.339532 1
v -0.118155 -0.217057 1
v -0.226604 0.217057 1
v -0.0981161 -0.00100731 1
v -0.11395 0.211675 -1
v 0.841171 0.286402 1
v 2 0.515599 -0.88413
v -0.118155 0.443411 -1
v -0.0575287 0.468087 1
v -0.250654 1 -0.757248
v -0.226604 0.89612 -1
v -0.112186 0.654626 -1
v -0.240277 1 -0.56123
v -0.251521 1 -0.113958
v -0.949503 0.684177 0.454991
v -0.232583 1 0.242206
v -0.226604 1 0.669766
v -0.0605426 0.69205 1
v -0.146008 0.859054 1
v -0.102425 1 -0.86194
v -0.118155 1 -0.669766
v 0.213129 0.688626 0.64965
v -0.118155 1 -0.443411
v -0.913432 0.45002 -0.210508
v -0.123395 1 -0.225351
v -0.10501 1 0.00531438
v -0.934032 -0.210992 0.495971
v -0.104476 1 0.455738
v -0.937707 -0.689576 0.702887
v 0.0147801 0.685091 0.696641
v -0.126848 1 0.863513
v 0.00692853 -1 -0.548253
v -0.00970624 -1 -0.339532
v -0.00970624 -1 0.00929731
v -0.936304 0.470922 0.479684
v -0.92963 0.442729 -0.409459
v -0.960851 -0.250068 -0.0111886
v -0.928271 -0.440443 0.473216
v -0.970605 -0.692848 -0.25233
v 0.118155 -1 -0.68836
v 0.704161 0.479444 0.704915
v 0.118155 -1 0.217057
v 0.126365 -1 0.420844
v 0.456628 0.665075 0.00206783
v 0.501336 0.447685 0.697044
v 0.00999797 -0.683354 1
v -0.00551047 -0.542362 -1
v 0.118155 -0.68836 -1
v 0.240161 0.641743 0.457059
v 0.00754132 -0.348514 -1
v -0.948553 0.441068 -0.0224567
v -0.941697 0.281368 0.444284
v 0.137015 -0.437553 1
v 0.0146306 0.043272 -1
v -0.953534 -0.0082855 -0.463177
v -0.958542 -0.463448 -0.0199253
v -0.941418 -0.456903 -0.702731
v 0.110703 -0.208679 1
v -0.956672 -0.665356 0.447121
v -0.958722 -0.712585 -0.462499
v 0.00762027 0.493556 0.672367
v 0.110205 0.132451 1
v 0.139644 0.23229 -1
v -1.67163 -0.440886 0.690431
v 0.118155 0.443411 -1
v 1.19 0.488762 0.683693
v -1.40241 0.674877 0.449041
v 0.00970624 0.89612 -1
v 0.106473 0.682539 -1
v 0.0296084 1 -0.585045
v 0.489116 0.485502 -0.209806
v 0.477442 -0.222643 0.44316
v 0.043551 1 0.67502
v 0.118155 0.68836 1
v 0.0906897 0.872409 1
v 0.131008 1 -0.883168
v 0.235893 0.681295 -0.711954
v -0.959254 0.235551 0.230739
v -0.924025 0.243721 -0.71357
v 0.118155 1 -0.443411
v 0.107085 1 -0.201583
v 0.118155 1 0.113177
v -0.95021 -0.0297392 0.0021535
v -0.929874 -0.70516 0.229449
v -0.938039 -0.663191 -0.0113835
v -0.94023 -0.665652 -0.674166
v 0.108622 1 0.882915
v 0.237657 -1 -0.56127
v 0.00203904 -0.699787 0.680692
v 0.226604 -1 -0.217057
v -0.943279 -0.00907482 0.229849
v 0.226604 -1 0.68836
v 0.339793 -0.869463 -1
v 0.354466 -1 -0.68836
v 0.351721 -1 0.00587994
v -1.69168 -0.686803 0.686338
v -1.40756 0.454688 -0.223972
v 0.71301 0.451243 -0.228124
v 0.731998 -0.222854 0.479656
v -1.41717 -0.221398 0.449781
v 0.236146 -0.687772 1
v 0.470211 0.438444 0.515367
v 0.482484 0.430196 -0.437303
v 0.353004 -0.690533 -1
v 0.471724 -0.253666 -0.0374458
v 0.235402 -0.238243 -1
v 0.481282 -0.456507 0.442882
v 0.283826 0.454857 -0.215643
v 0.23007 0.0264363 -1
v 0.00730509 0.476485 -0.212769
v 0.00674331 -0.23236 0.445825
v 0.354466 -0.217057 1
v -1.65236 0.492692 -0.198583
v -1.63544 -0.226739 0.438238
v 1.42586 0.446432 -0.228662
v -1.66288 -0.19034 -0.449029
v 1.42316 -0.219853 0.488487
v -1.66438 -0.443006 -0.227839
v 0.246017 0.443411 1
v 1.1945 0.488016 -0.209546
v 1.19845 -0.205596 0.442401
v -1.40181 0.475153 0.449682
v 0.221016 1 -0.763478
v -1.38572 0.449981 -0.441448
v 0.721717 0.442121 0.492202
v 0.717457 0.422975 -0.434586
v 0.252542 0.866333 -1
v 0.246017 1 0.443411
v -1.44431 -0.223944 -0.0169109
v 0.477062 0.452735 0.200097
v 0.474158 0.452171 -0.689218
v 0.484173 0.241659 0.455738
v 0.466231 0.450989 0.00910865
v 0.494872 0.241018 -0.437654
v 0.357981 0.675094 1
v 0.322761 0.858377 1
v 0.354466 1 -0.89612
v 0.469129 -0.0262973 -0.446077
v 0.354466 1 -0.669766
v 0.481982 -0.453901 0.00386927
v 0.357638 1 -0.214579
v 0.473201 -0.680107 0.424069
v 0.373973 1 0.042315
v 0.46766 -0.682171 -0.460532
v 0.24276 0.419847 0.438564
v 0.222563 0.450462 -0.435603
v 0.354466 1 0.68836
v 0.341735 1 0.864685
v 0.0364017 0.448166 -0.433351
v 0.461178 -1 -0.432433
v 0.466592 -1 -0.186461
v -0.00469188 0.0071783 -0.229513
v -1.68084 0.4474 0.441472
v 0.45204 -1 0.450812
v 0.0187977 -0.454272 0.47995
v -1.65089 0.450611 -0.425598
v 0.568838 -0.861746 -1
v 1.43828 0.438385 -0.450364
v 0.609904 -1 -0.70488
v -1.68472 -0.230698 -0.688639
v 0.590776 -1 -0.00929731
v 0.601778 -1 0.67227
v -0.439962 0.468409 -0.235466
v 1.19514 0.478215 0.439346
v 1.20585 0.442851 -0.419713
v 0.498387 -0.654031 1
v 0.462915 -0.443411 -1
v 0.590776 -0.68836 -1
v 1.18933 -0.228876 -0.0230785
v -0.470377 -0.202552 0.468247
v 0.462915 -0.217057 -1
v -1.42213 0.4513 -0.671337
v -0.704699 0.432742 0.645562
v -0.695347 0.266101 0.642221
v -1.40328 0.279231 0.433289
v 0.590776 -0.00929731 -1
v -1.42332 0.227326 0.00715393
v 0.488398 0.440819 -1
v 0.68466 0.240461 0.435551
v 0.722387 0.227833 0.224717
v 0.707506 0.203459 -0.0049335
v 0.697831 0.238757 -0.455407
v 0.585153 0.248695 1
v 0.729566 0.208759 -0.685942
v -1.43222 0.222748 -0.707405
v -0.683045 -0.0407491 0.662247
v 0.708522 0.00186944 0.443699
v 0.493084 0.795799 -1
v 0.715081 0.0161167 -0.690864
v -1.4194 0.0203838 0.210701
v 0.738829 -0.455882 0.00394742
v 0.511418 1 -0.524423
v -1.41569 0.00224642 0.0188841
v 0.709552 -0.648835 0.438763
v 0.709169 -0.704779 -0.0232985
v 0.705206 -0.682852 -0.457851
v -1.39378 -0.0244278 -0.471288
v 0.708323 -0.696184 -0.661534
v -1.41596 0.00124817 -0.682538
v 0.47049 0.214506 -0.0167239
v 0.604917 0.698578 1
v 0.45836 0.0253979 -0.0290741
v 0.563559 0.863612 1
v 0.604491 1 -0.852712
v -1.42136 -0.459761 0.00608964
v 0.496392 -0.021099 -0.674152
v 0.590776 1 -0.669766
v -1.42589 -0.478962 -0.695997
v -1.4205 -0.666296 0.431254
v 0.481041 -0.672581 0.212509
v -1.41222 -0.679999 0.236289
v 0.473455 -0.673906 0.0132189
v -1.44157 -0.686949 -0.00187794
v 0.497103 -0.693939 -0.694298
v 0.620732 1 0.240395
v 0.590776 1 0.462006
v -1.44708 -0.705547 -0.684787
v 0.591215 1 0.860775
v 0.237402 0.449839 -0.659535
v 0.7214 -1 -0.442403
v 0.699225 -1 -0.217057
v 0.717499 -1 0.223075
v 0.246312 -0.0226522 -0.452221
v 0.234085 -0.0263324 -0.677368
v 0.222241 -0.481501 -0.0259643
v 0.228937 -0.480096 -0.707933
v 0.238345 -0.66129 0.425387
v 0.236756 -0.701134 0.214779
v 0.23046 -0.677721 -0.0118235
v 0.224957 -0.670836 -0.459551
v 0.228725 -0.670097 -0.663195
v 0.820279 -0.857241 -1
v 0.827086 -1 -0.68836
v -0.00972565 0.451533 -0.652758
v 0.0148927 0.271942 0.484141
v -0.00242001 0.216019 -0.0273879
v -0.00291327 0.0299563 -0.00762185
v 0.00880618 0.226701 -0.677079
v 0.86614 -1 0.403162
v 0.00081974 0.0247387 0.197272
v -0.0123713 -0.0276845 -0.434909
v 0.838465 -1 0.639854
v -0.0103142 -0.00224957 -0.681408
v -1.6449 0.466628 0.254628
v 0.699225 -0.443411 -1
v 0.803538 -0.659626 -1
v 0.00109016 -0.646645 0.438532
v 0.6827 -0.455076 1
v -0.0327019 -0.728039 -0.0290227
v -0.00398303 -0.684844 0.219922
v -1.67736 0.434604 -0.67031
v 0.720012 -0.201763 -1
v -0.00839812 -0.679626 -0.480616
v -0.0244901 -0.687443 -0.669692
v 0.709346 -0.251648 1
v 0.724185 -0.0540408 1
v -1.66454 0.204579 -0.00720946
v -1.67853 0.214246 -0.694934
v 0.68524 0.228388 -1
v -0.242029 0.256555 0.678673
v -1.64859 -0.00772768 0.203551
v -1.66846 -0.0153342 0.0198309
v -1.67284 0.00468862 -0.684777
v 0.708044 0.479835 1
v 0.827086 0.443411 -1
v 1.42079 0.445403 0.273194
v 1.39938 0.43044 -0.682561
v 1.39155 0.219776 0.0378676
v 1.42955 0.243676 0.210065
v 1.39793 0.223558 -0.704823
v 1.41649 -0.0260405 0.45148
v 0.860187 0.650479 -1
v 1.41545 -0.00603444 -0.00737121
v 1.39823 0.0191676 -0.692625
v 0.707626 1 -0.427747
v 0.72846 1 -0.136862
v 0.732482 1 0.0717128
v 1.39587 -0.0275881 -0.448379
v 1.43858 -0.478135 0.00827383
v 1.39151 -0.459492 -0.688863
v 0.744619 1 0.444688
v 1.43579 -0.64571 0.429682
v 1.41621 -0.684861 0.0154949
v 1.41468 -0.687181 0.224281
v 0.73302 1 0.690886
v 1.40439 -0.66629 -0.683862
v 0.844487 0.702754 1
v 0.789551 0.862894 1
v 0.827086 1 -0.89612
v -1.64577 -0.43828 -0.013931
v -0.463863 0.46044 -0.459481
v 1.17877 0.438738 -0.649264
v 1.19475 0.215403 0.000239647
v 0.838422 1 0.278192
v -1.64745 -0.439353 -0.653267
v 1.17616 0.224212 -0.70826
v 1.15739 0.00739386 -0.0110608
v 0.846077 1 0.861207
v 0.912557 -1 -0.858106
v 1.16766 -0.0253029 -0.483621
v 1.17646 -0.00332703 -0.689864
v 1.18765 -0.433823 0.221227
v 0.935535 -1 -0.443411
v 0.926977 -1 -0.235647
v 1.18711 -0.458661 0.0195084
v 0.923937 -1 0.00991249
v 0.95359 -1 0.214071
v 1.19789 -0.470502 -0.65498
v -0.477659 -0.241825 -0.0184591
v 1.18544 -0.708062 0.445279
v -0.483039 -0.256571 -0.690659
v 1.18232 -0.686721 -0.00090532
v 1.19793 -0.673453 -0.708797
v -1.68071 -0.678327 0.448411
v -1.6969 -0.685749 0.214869
v 1.05245 -0.862244 -1
v -0.480007 -0.703898 -0.237792
v 1.05011 -1 -0.708927
v -1.64522 -0.685898 -0.0201978
v 1.11624 -1 0.484072
v 1.66562 0.708603 0.693845
v -0.241537 -0.237169 -0.208347
v 1.09074 -1 0.675778
v -0.48106 0.420214 0.252512
v -0.463854 0.462692 -0.682412
v 0.954371 -0.703766 1
v 0.935186 -0.476837 -1
v 1.0634 -0.68836 -1
v -0.467917 -0.0257645 -0.478767
v 0.943259 -0.456598 1
v -0.498977 -0.442701 -0.00559695
v -0.485765 -0.461682 -0.711368
v 1.04597 -0.340492 -1
v -0.467825 -0.703945 -0.461923
v 0.954948 -0.235652 1
v -0.700084 0.470717 -0.213636
v 0.911342 -0.00515951 -1
v -0.686684 -0.252248 0.446626
v -0.746364 -0.230582 0.00970333
v 0.939156 0.208398 -1
v -0.249707 0.447419 -0.211729
v 0.948953 0.0475575 1
v -0.281931 -0.218807 -0.0237394
v -0.237904 -0.230396 0.476829
v 1.0634 0.339532 1
v -0.277771 -0.237585 -0.641545
v -0.230691 -0.455106 -0.209363
v -0.241552 -0.661894 -0.244685
v 1.0634 0.443411 -1
v -0.497656 0.218161 0.208103
v -0.474791 0.204643 -0.0138538
v 0.894614 0.832244 -1
v -0.490667 -0.00991116 0.206211
v -0.480538 0.00402382 0.000519328
v 1.0634 0.669766 -1
v -0.498467 -0.680596 0.221874
v -0.490916 -0.662845 -0.00382921
v -0.474268 -0.693364 -0.669619
v 0.963239 1 -0.447557
v -0.688354 0.443072 0.470289
v 0.951205 1 -0.203447
v 0.949029 1 0.0479799
v -0.723992 0.425758 -0.427846
v -0.738738 0.263372 0.434797
v -0.715371 0.210562 -0.461678
v -0.711175 -0.00947363 -0.478262
v 1.08095 0.708781 1
v 1.02701 0.863703 1
v -0.243371 0.211868 -0.457268
v 1.06114 1 -0.728089
v -0.262318 0.0245464 -0.464332
v -0.257786 -0.683422 -0.454385
v 1.06686 1 0.302785
v 1.01627 1 0.692788
v 1.05002 1 0.875669
v 1.17245 -1 -0.866895
v -0.697521 0.226615 0.215792
v -0.71073 0.207109 0.0164448
v -0.725383 0.232048 -0.666431
v 1.17185 -1 -0.443411
v -0.712837 -0.0126964 0.213921
v 1.15058 -1 -0.215561
v -0.713517 0.00609045 0.0148716
v 1.17751 -1 0.0441727
v 1.16555 -1 0.296435
v -0.711517 -0.438002 -0.024524
v -0.717072 -0.476489 -0.723271
v -0.708501 -0.702552 0.223471
v -0.708139 -0.682518 0.0151355
v -0.715585 -0.699612 -0.69242
v -1.14162 0.699215 0.450402
v 1.27189 -0.859339 -1
v 1.27129 -1 -0.705308
v -0.242118 0.444817 0.239902
v -0.244003 0.455102 0.000549621
v 1.19126 -0.79224 1
v -0.22322 0.208873 -0.661386
v -0.229535 -0.0161645 0.216945
v 1.18639 -0.509075 -1
v -0.248716 -0.017853 0.00941941
v 1.26757 -0.664216 -1
v 1.20048 -0.478342 1
v 1.65563 -0.472937 0.657078
v 1.17185 -0.217057 -1
v 1.6617 -0.651002 0.672484
v -0.209595 -0.425425 0.222778
v 1.17449 -0.247538 1
v -0.239824 -0.666437 0.203244
v 1.15661 -0.00917706 -1
v -0.235903 -0.692005 -0.668431
v 1.17794 -0.00470952 1
v 1.17185 0.235652 -1
v -1.18917 0.472386 -0.234499
v 1.64337 0.463184 -0.228941
v 1.67015 -0.200795 0.434094
v -1.16902 -0.230446 0.452061
v -1.1715 0.492977 0.450636
v -1.16395 0.43402 -0.459254
v 1.29507 0.213305 1
v 1.68262 0.433537 -0.457477
v 1.20041 0.52154 1
v 1.6539 -0.25174 0.241694
v 1.65902 -0.447577 0.445488
v 1.65002 -0.256189 -0.0297027
v 1.3317 0.782418 -1
v -1.17543 -0.454579 0.424501
v 1.19344 1 -0.448036
v 1.18525 1 -0.225827
v 1.18466 1 0.0158538
v -1.20189 0.44402 -0.683304
v 1.19126 1 0.565886
v -1.18363 0.261113 0.436164
v -1.18304 0.21781 -0.454068
v 1.22721 1 0.804096
v 1.66331 0.202867 0.424127
v 1.64824 0.0178893 0.449772
v 1.32021 0.72152 1
v -1.17632 0.00356938 -0.461269
v 1.26961 0.873759 1
v 1.65653 -0.451436 0.218212
v 1.63698 -0.467591 -0.018708
v 1.64894 -0.477651 -0.678971
v 1.67491 -0.651659 0.423924
v -1.18428 -0.438599 0.216998
v -1.19061 -0.483629 0.0209043
v -1.1856 -0.675053 0.447963
v -1.16419 -0.674673 -0.437595
v 1.27178 1 0.245352
v 0.941721 0.672927 0.441104
v 1.41562 -1 -0.861314
v -1.17969 0.213287 0.210579
v 1.3821 -1 0.113078
v 1.64391 0.227684 0.220781
v 1.65329 0.222774 0.0270909
v -1.18589 -0.00659741 0.240554
v 1.38492 -1 0.451032
v -1.1858 0.00168707 0.00167732
v 1.64351 0.0362084 0.228227
v -1.20045 0.00294592 -0.719702
v 1.6568 -0.675028 0.221664
v 1.6645 -0.65091 -0.0109937
v 1.651 -0.658124 -0.669841
v -1.19137 -0.692829 -0.0178938
v 1.57616 -1 -0.706645
v 1.53602 -1 -0.462006
v 0.935136 -0.224459 0.448843
v 1.54705 -1 0.232751
v 0.960249 0.454465 -0.234969
v 1.53602 -1 0.669766
v 0.938753 -0.232148 -0.0263999
v 0.969361 -0.434561 0.451536
v 0.96275 0.468448 0.468855
v 1.3944 -0.450641 -1
v 1.49204 -0.712459 -1
v 1.45635 -0.445049 1
v 0.911647 -0.0088909 -0.449394
v 1.53602 -0.669766 1
v 1.39712 -0.228214 -1
v 0.928825 -0.457419 -0.0222643
v 1.41092 -0.21145 1
v 0.947381 -0.686633 -0.474497
v 0.925135 0.430015 0.245198
v 1.39982 0.00187712 -1
v 0.943399 0.424476 0.00189631
v 0.958018 0.437102 -0.646489
v 0.944853 0.0121142 0.229952
v 0.954205 -0.021383 -0.0154124
v 1.41309 0.235698 -1
v 0.947502 0.00542992 -0.705442
v 0.944464 -0.677784 -0.00554377
v 0.946148 -0.706167 0.219352
v 0.951425 -0.710022 -0.680702
v 0.937176 0.217895 0.209117
v 1.36534 0.460664 -1
v 0.947162 0.237119 -0.662801
v 1.42757 0.339532 1
v -2 0.682249 -0.851295
v 1.45564 0.519612 1
v 1.42757 1 -0.79224
v 1.42757 1 -0.462006
v 1.42757 1 -0.113177
v 1.39644 1 -0.279309
v 1.42141 1 0.110193
v 1.41054 1 0.351668
v 1.42757 1 0.79224
v 1.47787 0.86015 1
v 1.88585 0.17783 0.226822
v -1.86382 0.452192 -0.240011
v 1.79145 0.0662768 -0.855539
v 1.53602 1 0.462006
v 1.60579 1 0.691978
v 2 0.830381 0.226703
v 1.64447 -1 -0.113177
v -0.726333 -0.199617 -0.865096
v -0.722867 -0.862715 -0.206976
v -1.18615 0.231792 -0.865776
v 1.82372 -1 -0.231855
v 1.76624 -1 0.0107156
v 1.77233 -1 0.217057
v 1.78475 -1 0.467077
v 1.61111 -0.477487 -1
v 0.057542 1 -0.743913
v 1.66388 -0.565886 1
v 1.78358 -0.693668 1
v 1.82322 -0.448624 -1
v -0.40869 1 -0.731003
v 1.66388 -0.235652 1
v -1.25631 0.145002 -1
v 1.76114 -0.249222 -1
v 0.881311 -0.278294 -1
v 1.64446 -0.00141137 1
v 1.83871 -0.238824 1
v 1.77233 -0.00929731 -1
v 1.66388 0.217057 1
v 1.77138 0.229792 -1
v 1.61519 0.733762 -1
v 1.65468 0.700637 1
v 1.76723 0.472097 1
v 1.66388 1 -0.79224
v 1.66438 1 -0.238898
v 1.66388 1 -0.00929731
v -1.88002 0.229748 -0.884743
v 1.67103 1 0.226131
v 0.559611 -0.159486 1
v 2 -0.843036 -0.656848
v 2 -0.685311 -0.85196
v 2 -0.674926 -0.674926
v 1.41786 0.648444 -1
v 2 -0.674926 -0.222217
v 2 -0.823811 0.228867
v -0.895548 -0.865325 1
v 2 -0.674926 0.0041373
v 2 -0.800773 0.472568
v 2 -0.641273 0.21776
v -1.7886 0.831144 -0.813969
v 0.221725 1 -0.56973
v 0.368012 1 -0.43268
v -0.618665 -1 -0.15982
v 0.999466 -0.165117 -1
v -1.08969 0.292385 -1
v 2 -0.666652 0.688427
v -1.09118 -1 0.84418
v 2 -0.443871 -0.704961
v 1.45309 -0.847379 1
v 1.6796 -0.826432 1
v 0.764908 -1 0.808903
v 0.989385 -1 0.836254
v 2 -0.47467 -0.0117013
v 2 -0.448571 0.230492
v 2 -0.448811 0.693022
v 0.290535 0.731003 -1
v -1.693 -0.474875 1
v 1.36364 -0.731003 1
v 1.67816 -1 0.733355
v -1.82376 -0.407653 1
v -1.82655 1 -0.391471
v 0.567353 1 0.664455
v 0.554386 1 -0.270777
v 0.0772008 1 0.471553
v 2 -0.381537 -0.223627
v 1.48788 0.682323 1
v 2 -0.222217 -0.448571
v 0.645001 -1 0.452709
v -1.25101 1 0.213145
v -1.58868 1 0.640595
v 2 -0.207878 0.020562
v -1.57436 1 0.456432
v -1.59024 1 1.66533e-16
v -1.59024 1.66533e-16 1
v 2 -0.223906 0.24815
v 0.382087 -0.0451534 -1
v 0.416415 -1 0.669972
v 0.17238 -1 1.66533e-16
v -0.40869 0.226354 1
v -0.0445721 -1 0.243914
v 1.35393 -1 -0.226354
v -1.24061 -1 -0.263912
v -1.27504 -0.178024 -1
v 1.5878 -0.184454 -1
v 1.56165 -1 0.446332
v 2 -0.113177 -0.222217
v 2 -0.170661 0.465364
v 2 -0.0162535 0.232059
v 2 -0.1048 0.70475
v 2 0.14294 -0.871002
v 2 0.224862 -0.6578
v 2 0.0969996 -0.241275
v 2 0.230492 -0.448571
v 2 0.113177 0.113177
v 2 0.113177 0.339532
v 2 0.22236 0.692974
v 2 0.28507 -0.240453
v 2 0.456846 -0.448571
v 2 0.456846 0.0041373
v 2 0.456846 0.339532
v 2 0.462213 0.693506
v 2 0.6832 -0.79224
v 2 0.6832 -0.565886
v 2 0.704046 -0.233948
v 2 0.68975 0.0924985
v 2 0.6832 0.339532
v 2 0.6832 0.565886
v -1.77233 1 -1
v -1.99912 0.80937 1
v 2 -0.998561 -0.74021
v -2 -1 -0.716107
v -2 -1 -0.263398
v -2 -1 -0.0370439
v -2 -1 0.415665
v -2 -1 0.642019
v -2 -0.714297 1
v -2 -0.565886 -1
v -2 -0.452185 1
v -2 -0.339532 -1
v -2 -0.263398 1
v -2 -0.113177 -1
v -1.99932 -0.0180819 1
v 2 0.285012 0.0586572
v 0.593024 -0.806374 1
v -1.99797 0.21445 1
v -2 0.339532 -1
v 1.04532 -0.84418 1
v -2 0.415665 1
v -2 0.565886 -1
v -0.869705 0.0694369 -1
v -2 0.642019 1
v 0.0475509 -0.150186 -1
v 0.0601857 -1 -0.165587
v -2 1 -0.716107
v -2 1 -0.489753
v -1.36364 -0.513946 -1
v -2 1 -0.263398
v -2 1 -0.0370439
v -2 1 0.18931
v -0.763156 1 -0.84418
v -2 1 0.415665
v -2 1 0.642019
v -1.28042 1 -0.390616
v -1.27176 -0.409034 1
v -1.70003 -1 1
v -1.53602 -1 -1
v -1.68062 1 1
v -1.60832 1 -1
v -1.46372 -1 1
v -1.28582 -1 -1
v -1.41609 1 1
v -1.39967 1 -1
v -1.22741 -1 1
v -1.18712 1 1
v -1.16622 1 -1
v -0.991098 -1 -1
v -0.991098 -1 1
v -0.957076 1 1
v -0.899386 1 -1
v -0.754787 -1 -1
v -0.754787 -1 1
v -0.721827 1 1
v -0.67058 1 -1
v -0.518477 -1 -1
v -0.518477 -1 1
v -0.486381 1 1
v -0.453908 1 -1
v -0.282166 -1 -1
v -0.282166 -1 1
v -0.24882 1 1
v -0.220731 1 -1
v -0.0458559 -1 -1
v -0.0458559 -1 1
v -0.0106078 1 1
v 0.0148047 1 -1
v 0.190455 -1 -1
v 0.190455 -1 1
v 0.209867 1 1
v 0.250809 1 -1
v 0.426765 -1 -1
v 0.446177 1 1
v 0.490796 1 -1
v 0.663075 -1 -1
v 0.663075 -1 1
v 0.682488 1 1
v 0.754787 1 -1
v 0.883941 -0.998213 -1
v 0.899386 -1 1
v 1.0634 -1 -1
v 0.934816 1 1
v 0.991098 1 -1
v 1.13785 -1 1
v 1.29971 -1 -1
v 1.17857 1 1
v 1.22741 1 -1
v 1.37201 -1 1
v 1.53602 -1 -1
v 1.39142 1 1
v 1.46372 1 -1
v 1.60832 -1 1
v 1.62773 1 -1
v 1.62773 1 1
v 2 -1 -0.481478
v 2 -1 -0.0287693
v 2 -1 0.423939
v 2 -1 0.650294
v 2 -0.707832 1
v 2 -0.565886 -1
v 2 -0.481478 1
v 2 -0.339532 -1
v 2 -0.255124 1
v 2 -0.113177 -1
v 2 0.113177 -1
v 2 0.197585 1
v 2 0.339532 -1
v 2 0.650294 -1
v 2 0.650294 1
v 2 1 -0.565886
v 2 1 -0.339532
v 2 1 -0.113177
v 2 1 0.113177
v 2 1 0.339532
v 2 1 0.565886
v -2 0.507229 -0.0586572
v -2 -0.386303 -0.0471397
v 1.82448 1 -0.103103
v -1.8218 0.334379 -1
v 0.32534 0.529236 0.123452
v 2 -1 0.803576
v -1.59024 0.400769 1
v 2 -0.132945 0.869058
v 0.259345 -1 0.462031
v -0.513602 0.0396327 1
v -0.529362 1 0.0378526
v 0.746281 -0.0201086 -1
v 0.73546 -1 -0.00661942
v 2 0.472802 -0.228546
v 2 0.0476563 0.693667
v -1.60832 0.84418 1
v 2 -0.837463 -0.84676
v 1.89248 0.608053 0.222841
v 1.88502 -0.0172821 0.631353
v -1.89839 -0.0043273 -0.390385
v 1.78269 -0.336884 0.154611
v 1.88387 -0.879069 0.0748039
v 1.89091 -0.207529 -0.219414
v 1.84373 -0.719167 0.498758
v -0.946916 0.680756 -0.85127
v 0.481945 -0.851661 0.69242
v 0.470572 -0.861646 0.000687732
v -1.41638 0.688759 -0.862854
v 0.715043 -0.844376 0.684012
v 0.719616 -0.870944 0.485933
v -0.00110404 0.681186 -0.856357
v 1.17344 0.694814 -0.847895
v 0.00644447 0.239317 -0.878246
v -0.473349 0.678496 -0.854852
v -0.713436 0.676003 -0.85142
v -0.237614 -0.844499 0.469171
v -0.224677 -0.440203 -0.855935
v -0.237217 -0.874243 -0.441005
v 0.472161 0.869365 -0.709593
v -1.65205 0.420992 0.870637
v 0.198722 0.900366 -0.273853
v 0.198037 -0.275779 0.89823
v -0.0250654 0.903429 -0.285401
v -0.022638 -0.285421 0.903666
v -1.64914 0.87236 0.424141
v -1.66099 0.684775 0.857189
v 0.026448 -0.0447105 0.900929
v -1.431 0.849279 0.241187
v -1.67759 0.898216 0.156007
v -1.17125 -0.21725 -0.856718
v -0.256896 -0.511215 0.89681
v -0.221091 -0.240307 0.880516
v -0.237548 0.899102 -0.252838
v 0.947176 -0.835126 0.705833
v 0.952317 -0.881002 -0.674017
v -1.16182 0.871074 -0.237997
v 0.496392 -0.887727 -0.885164
v 0.732839 -0.880676 -0.883946
v 0.259293 -0.886668 -0.887807
v 0.0254273 -0.88528 -0.887056
v -0.684995 -0.887584 -0.885866
v -0.443526 -0.884589 -0.889271
v -0.20863 -0.884325 -0.888927
v -2 0.394051 -0.8416
v 1.6155 0.865088 -0.671153
v 2 -0.89612 0.100861
v 0.683573 -0.0520398 -0.865103
v -1.41805 -0.53194 -0.89077
v 0.697362 -0.878039 -0.072465
v 0.245057 -0.875863 0.178513
v -0.941696 0.698494 0.869772
v 1.41354 0.73298 0.882295
v 1.18569 0.756423 0.894932
v 0.00186006 -0.166348 0.899278
v 0.255727 -0.168136 0.896999
v -0.0102924 0.872211 0.865048
v -1.66202 0.895806 0.287011
v 1.43364 -0.654157 0.890517
v 0.256246 0.895409 -0.40734
v 0.948241 -0.728192 -0.872432
v -0.238605 -0.385009 0.895113
v -1.17928 0.688891 0.876662
v -1.17884 0.889393 -0.381179
v 0.947735 0.700658 0.867681
v 0.938893 0.871483 0.862435
v 0.118155 -0.0519399 1
v -0.951978 0.692605 -0.602003
v -0.939468 0.564364 0.689868
v -0.936909 -0.094138 0.711049
v -0.935391 -0.359608 -0.225125
v -0.902974 -0.224984 -0.413523
v -0.959921 -0.533019 -0.190135
v -0.940734 -0.23954 0.335763
v -0.946432 -0.211398 0.136117
v 0.466037 -0.578275 0.686867
v -0.956733 0.426149 -0.590196
v -0.981053 0.0790271 0.462775
v -1.41885 0.660421 -0.0849993
v -1.43456 0.675324 -0.605987
v -1.43204 0.688009 -0.316623
v 0.700565 0.686978 0.591886
v 0.716583 0.667329 -0.0660259
v 0.708401 0.324323 0.661896
v 0.697075 0.126894 0.682559
v 0.70923 -0.587894 0.682619
v 0.212983 -0.563047 0.673973
v -1.43894 -0.0933276 0.665947
v -0.0225175 0.66722 -0.292274
v -1.41989 -0.332338 0.684055
v 0.0143635 0.654211 -0.112442
v -1.42573 -0.564349 0.692648
v 1.42568 0.602609 0.707876
v 0.00838626 -0.084399 0.668778
v -1.65058 0.693098 0.574885
v 0.693937 0.676818 -0.310821
v -1.64148 0.681462 0.317528
v 0.20432 0.679255 -0.267506
v -0.00806959 0.707065 0.461698
v -1.66708 0.665108 0.161949
v -1.67437 0.646701 -0.0836697
v 1.1889 0.667505 -0.609182
v 0.23297 -0.320743 0.678035
v 1.16387 0.657033 0.366562
v -1.6494 -0.138326 0.665265
v -0.038006 -0.258052 0.670411
v 1.41934 0.670474 -0.0624149
v 1.42033 0.685006 -0.292679
v 1.41333 0.671594 -0.5155
v 1.17146 0.647464 0.138597
v -0.0382748 0.687607 -0.580702
v 1.40289 -0.537122 0.67123
v 1.18615 0.661724 0.558444
v 1.19019 0.667188 -0.126993
v 1.17728 -0.0536341 0.673908
v 1.18399 -0.311003 0.681681
v 1.1763 -0.59086 0.681994
v 0.46426 0.339158 -0.226919
v -0.475631 0.655364 -0.594691
v 0.464245 0.135043 -0.217768
v 0.468019 -0.0787468 -0.208301
v 0.482279 -0.224394 -0.321619
v 0.46422 -0.214833 -0.587461
v -0.488076 -0.125413 0.680308
v -0.504211 0.67551 -0.295156
v -0.492066 -0.535141 0.677904
v -0.473022 -0.338406 0.68237
v -0.00492436 0.787329 -0.222836
v -0.00394907 -0.216673 -0.344986
v 0.708245 0.151044 -0.21615
v 0.70529 -0.221909 -0.61113
v -1.43203 0.135102 -0.208521
v 1.41944 -0.565802 -0.2329
v -1.40631 -0.207083 -0.610887
v 0.219489 -0.198829 -0.606555
v -0.00624864 -0.21586 0.787587
v 0.464108 -0.474972 -0.584708
v -1.41475 -0.536402 -0.225687
v 0.700563 -0.57786 -0.238894
v 0.233392 -0.215616 -0.345142
v 0.0367713 -0.40307 -0.224272
v -1.64064 0.295809 -0.250883
v 0.00584889 -0.221419 -0.119109
v 0.252059 -0.216827 0.780133
v -1.42585 0.841206 -0.195142
v -1.65963 0.11687 -0.216908
v -1.66418 -0.118579 -0.264319
v 1.41858 -0.221781 -0.3268
v 1.40845 -0.246286 -0.594864
v 0.259943 -0.400172 -0.221503
v 0.245406 -0.233101 -0.107715
v 1.1919 0.328322 -0.231867
v 1.17395 0.111833 -0.197822
v 1.1643 -0.218939 -0.616925
v 1.18955 -0.546073 -0.234531
v -1.66359 -0.56692 -0.463728
v -1.42606 -0.55716 -0.466598
v -1.41314 0.427305 0.0682309
v 0.708721 0.473551 0.0260807
v 0.217084 0.157788 -0.467981
v 0.705632 -0.465909 -0.589245
v -0.482936 0.839054 -0.222085
v -1.65417 1 0.348829
v -1.67691 0.464235 0.0550495
v -0.00111854 0.469148 0.0484343
v 0.252914 0.0975857 0.46859
v 0.000588937 0.0616057 0.466733
v 0.0311449 0.457213 0.32291
v -1.43338 0.0762373 0.461215
v 0.00152897 -0.114209 1
v -0.479667 -0.199511 -0.537095
v -0.448349 -0.207844 -0.386995
v 1.41544 0.427992 0.0432642
v -1.65963 0.0882624 -0.448978
v -1.62914 -0.420197 -0.443163
v 1.1788 0.464851 0.0702845
v -0.457275 0.315216 -0.239893
v 1.18063 0.0565568 0.462784
v -0.485394 0.0995284 -0.192676
v -0.469689 -0.2279 0.850493
v -0.459089 -0.23453 0.314666
v -0.473492 -0.185351 0.121161
v -1.66216 0.786417 0.227594
v 0.722243 0.247754 0.852095
v -1.6771 1 0.127496
v 0.256705 0.250756 -0.642463
v 0.234872 1 -0.327929
v -0.485552 -0.461873 0.859843
v -0.720965 0.683968 -0.582768
v -0.233774 -0.344138 0.669304
v -0.718785 -0.550479 0.66944
v -0.218635 -0.175668 0.691952
v -0.22532 0.67426 -0.346931
v -0.703299 0.658393 -0.122306
v -0.704238 -0.276667 0.684393
v -0.245666 -0.555466 0.682711
v -0.226823 0.697592 -0.617422
v -0.481956 0.06431 0.46812
v -0.718902 -0.320942 -0.223253
v -0.728757 -0.198181 -0.598482
v -0.670937 -0.215616 -0.42021
v -0.726225 -0.559475 -0.229396
v -0.248559 0.141669 -0.230566
v -0.240901 -0.211377 0.162985
v -0.715017 0.460502 0.0510313
v -0.238998 -0.443063 0.789355
v -0.244846 -0.457847 0.0745283
v 0.818708 -1 -0.109305
v -0.699582 -0.565966 0.433796
v -0.704529 0.42351 -0.672668
v -0.230231 -0.5616 0.444536
v -0.237084 0.0643972 0.443926
v -0.237247 -0.323648 1
v -0.704333 0.0182343 -0.744192
v -0.229821 0.858179 0.0155027
v -1.19822 0.666442 -0.327137
v -1.17474 0.683847 -0.170686
v -1.1772 0.69291 0.0772822
v -1.18444 -0.570188 0.690122
v 1.65462 0.690334 -0.544313
v 1.65348 0.661059 -0.199309
v 1.65665 0.678492 0.12037
v -1.19174 0.682522 -0.568799
v 1.6705 -0.326666 -0.186988
v 1.71815 -0.274175 -0.594684
v 1.65405 -0.575541 -0.189231
v -1.20738 -0.223045 -0.571748
v 1.65224 0.0460881 -0.220363
v -1.18466 -0.609758 -0.224722
v 1.65601 0.415532 0.0599428
v -1.17265 0.452161 0.0643647
v 1.65455 -0.560845 -0.489226
v 1.66314 0.460606 0.311243
v -1.17956 0.00820438 0.46
v 1.67168 0.133007 -0.468199
v 0.941744 0.570033 0.681923
v -1.19586 -0.807193 -0.712919
v 0.94904 0.694992 -0.0643074
v 0.943685 -0.590592 0.685391
v 0.938829 0.668886 -0.595129
v 0.93737 -0.0549725 0.667102
v 0.942053 0.686018 -0.293809
v 0.942384 -0.29422 0.679456
v -1.16812 1 -0.313077
v 0.959787 0.0763736 -0.222092
v 0.935849 -0.1068 -0.187879
v 0.954581 0.258859 -0.195563
v 0.943987 -0.234164 -0.768449
v 0.957274 -0.33106 -0.208636
v 0.940901 -0.585088 -0.197446
v 0.9424 -0.459856 -0.594276
v 0.94108 0.0521893 0.4552
v 0.943894 0.219895 0.00677026
v -1.9046 0.928071 -0.402938
t 1126 68 60 59
t 1253 2105 166 158
t 2435 966 959 958
t 1559 2304 126 69
t 2002 568 627 2263
t 538 530 470 2093
t 517 2094 457 516
t 258 259 1481 1461
t 2281 250 1498 1524
t 249 1524 242 312
t 240 303 1501 309
t 2281 306 1537 1524
t 241 242 1529 305
t 790 1567 782 854
t 620 1549 1577 680
t 104 168 111 2335
t 612 1580 605 672
t 605 606 1584 666
t 87 161 2360 95
t 797 806 1739 805
t 773 837 1758 1751
t 669 1625 1626 676
t 670 732 1633 1625
t 141 935 58 990
t 674 675 1627 738
t 668 1626 1627 675
t 668 730 667 1627
t 547 1669 1670 605
t 495 496 1682 557
t 481 1686 1683 489
t 120 180 113 1623
t 89 155 1659 1651
t 89 1657 81 155
t 45 2345 2377 53
t 437 438 1706 972
t 374 375 1796 1770
t 367 1796 1797 374
t 368 429 1799 1796
t 343 1803 1763 404
t 443 1840 1841 503
t 921 928 9 11
t 426 487 1817 1815
t 407 476 2414 415
t 414 415 2414 1790
t 303 365 1812 1811
t 284 354 2412 292
t 291 292 2412 1784
t 428 1844 1846 489
t 425 486 142 1843
t 564 10 622 174
t 565 1495 1052 12
t 174 10 622 629
t 1119 629 623 10
t 410 471 409 1792
t 306 1810 1823 313
t 311 312 1824 374
t 312 1823 305 1824
t 298 360 1785 1829
t 903 970 1849 911
t 192 1864 1876 254
t 157 221 1892 1872
t 145 210 144 1893
t 932 1881 925 1899
t 926 981 1882 1881
t 180 188 1878 1897
t 184 1879 176 246
t 177 240 1884 1879
t 155 220 1909 1891
t 745 746 1930 813
t 738 1928 1930 746
t 734 1941 726 801
t 971 1955 11 1286
t 726 727 1935 794
t 1305 991 58 9
t 131 2224 123 2191
t 2049 979 980 1953
t 678 1491 1487 2287
t 974 377 369 1620
t 363 1016 2327 1632
t 48 114 57 115
t 804 1914 1566 2355
t 614 1554 1517 2321
t 434 433 1609 1787
t 373 1782 1609 2380
t 354 1784 1616 2384
t 229 1862 1473 2277
t 165 1546 1862 164
t 54 1954 1559 2345
t 2385 1789 413 1755
t 2374 1792 410 1757
t 2278 1785 290 1483
t 1866 984 1305 992
t 310 1482 1809 309
t 247 1864 1482 2280
t 955 1344 1889 2208
t 1015 893 1728 1889
t 1576 684 676 675
t 606 1584 599 1669
t 243 1878 1498 2281
t 797 1743 789 1933
t 370 1014 371 364
t 261 1351 1275 1021
t 564 10 1277 12
t 12 1052 10 1119
t 1179 76 2302 504
t 512 2302 76 571
t 12 1119 571 1495
t 1268 77 1023 18
t 1109 1765 26 20
t 1593 630 1574 1662
t 20 1761 1217 21
t 20 26 27 1765
t 215 278 1475 1292
t 21 1760 1067 22
t 140 895 663 768
t 21 1217 28 1761
t 21 1760 1761 28
t 22 1542 1069 23
t 8 58 1981 1027
t 22 1067 29 1760
t 22 1542 1760 29
t 23 1069 30 1542
t 509 510 2292 2331
t 591 592 642 650
t 1023 86 1010 18
t 1023 18 77 86
t 18 2359 1174 25
t 18 1010 1174 86
t 18 86 78 77
t 25 2378 2359 32
t 25 2359 1109 18
t 25 1109 2359 87
t 26 1736 33 27
t 26 25 33 1564
t 26 1736 1564 33
t 2253 698 1361 2411
t 27 1196 34 97
t 1021 1135 1351 1268
t 1135 18 1021 261
t 2036 2205 1009 2032
t 1436 2216 809 872
t 28 1760 1761 90
t 1097 2075 21 1187
t 29 1542 1760 91
t 1097 2075 1152 21
t 30 29 35 1510
t 31 1606 1083 32
t 32 1083 38 1606
t 32 1562 1606 38
t 32 94 2378 1741
t 33 1003 39 2350
t 33 97 96 39
t 33 1736 1564 96
t 33 97 40 1196
t 33 39 40 97
t 34 40 41 97
t 34 983 91 99
t 34 1560 97 41
t 34 91 98 99
t 35 983 42 2308
t 35 108 2308 42
t 37 1709 1089 38
t 37 38 1606 1709
t 38 1089 44 1709
t 38 1606 1709 102
t 38 2377 45 1159
t 38 1159 1562 2377
t 38 44 45 2377
t 38 102 1562 1606
t 38 1562 102 2377
t 39 1708 1091 40
t 39 40 97 1708
t 39 45 46 2350
t 39 104 2350 46
t 39 97 96 104
t 40 1707 47 41
t 40 1091 47 1708
t 40 1707 1708 47
t 1151 1092 48 1182
t 41 47 1182 1707
t 41 106 1560 97
t 41 1560 106 1151
t 1355 388 1402 16
t 42 48 49 2308
t 42 108 2308 49
t 43 1704 1102 44
t 44 2377 52 45
t 44 1102 52 1704
t 44 2377 1704 52
t 45 2349 54 46
t 45 46 2350 2349
t 45 52 53 2377
t 45 2377 2345 2349
t 46 1703 1104 47
t 45 53 54 2345
t 46 1703 2349 54
t 46 2349 104 2350
t 46 104 2349 112
t 47 1104 55 1703
t 47 1707 1708 113
t 47 55 56 120
t 48 49 2308 115
t 48 114 56 57
t 49 115 57 2224
t 49 115 108 2308
t 51 1697 1113 52
t 52 1113 60 1697
t 52 2377 1704 117
t 53 2345 61 1954
t 45 54 2349 2345
t 53 60 61 1602
t 54 2367 62 55
t 54 55 1703 119
t 53 2345 1954 54
t 54 2367 1559 62
t 54 2345 1703 2349
t 54 1703 2345 119
t 55 2367 63 56
t 55 62 63 2367
t 55 1703 119 120
t 56 63 64 1690
t 57 1116 65 1599
t 57 114 56 122
t 2224 1118 66 57
t 2224 115 57 123
t 59 60 1697 125
t 60 125 68 61
t 60 61 1602 125
t 61 68 69 125
t 61 1602 125 126
t 62 2304 70 63
t 62 2304 69 70
t 63 2303 71 64
t 63 64 1690 2303
t 63 70 71 2304
t 63 2303 2304 71
t 64 2300 72 65
t 64 71 72 2303
t 64 2300 2303 72
t 64 1690 2303 129
t 65 2298 73 66
t 65 72 73 2298
t 66 73 74 2298
t 2001 68 125 133
t 68 69 125 133
t 70 71 2304 135
t 70 134 2304 69
t 70 2304 134 135
t 71 72 2303 2386
t 71 135 2303 2304
t 71 2303 135 136
t 72 73 2298 2229
t 388 449 1402 16
t 72 2386 2300 2303
t 72 2300 2386 137
t 449 16 1415 1414
t 73 74 2298 139
t 73 2298 2229 138
t 2076 22 17 1152
t 77 1663 86 78
t 78 2360 86 79
t 1050 1957 1002 19
t 79 86 87 2360
t 79 145 2360 87
t 1279 1002 7 19
t 80 1659 1765 81
t 80 87 88 2341
t 80 1659 146 88
t 82 81 1657 1202
t 81 1765 89 1659
t 82 89 1657 81
t 82 1655 1760 83
t 82 89 90 1657
t 82 1655 1657 90
t 83 1760 91 1655
t 83 149 1655 91
t 84 91 92 2295
t 85 1654 1741 86
t 86 2360 2378 87
t 86 1741 94 1654
t 87 2341 95 88
t 87 2378 95 2360
t 87 153 161 2341
t 88 1651 1736 89
t 1659 147 154 155
t 88 95 96 2341
t 88 1651 154 96
t 88 1659 146 154
t 89 163 98 90
t 89 1736 97 1651
t 89 163 1651 97
t 81 147 1659 155
t 88 1651 1659 154
t 89 97 98 163
t 90 1655 1657 156
t 91 2295 99 92
t 91 157 98 99
t 91 149 1655 157
t 92 99 100 2295
t 92 84 2295 158
t 93 2337 101 94
t 94 2337 102 95
t 94 95 2360 160
t 94 101 102 2337
t 95 168 103 96
t 95 96 2341 162
t 95 102 103 2337
t 95 168 2337 103
t 87 161 95 2341
t 2360 153 160 161
t 97 1575 104 105
t 96 97 1651 1575
t 96 103 104 168
t 96 1575 168 104
t 96 162 1651 154
t 97 170 106 98
t 97 170 1575 105
t 97 1575 163 1651
t 99 2293 108 100
t 99 100 2295 2293
t 99 1560 107 1546
t 99 157 98 165
t 100 2308 108 99
t 101 1645 1709 102
t 102 1643 110 103
t 102 103 2337 1643
t 102 1709 110 1645
t 103 168 111 104
t 103 110 111 1643
t 103 168 1643 111
t 103 1643 168 2337
t 104 1639 1708 105
t 104 105 1575 1639
t 2335 169 168 177
t 104 169 1575 168
t 105 1636 1707 106
t 105 106 97 170
t 105 1708 113 1639
t 105 1639 170 1575
t 106 107 1546 2372
t 106 1707 2372 1636
t 106 171 1636 2372
t 106 98 170 171
t 107 2291 114 2308
t 107 2308 99 2291
t 107 1546 2372 172
t 108 173 2291 115
t 109 1631 1704 110
t 110 177 118 111
t 110 111 1643 177
t 110 1704 117 1631
t 110 118 176 117
t 111 2335 2345 112
t 111 2335 168 177
t 110 176 118 177
t 111 177 168 1643
t 112 1623 1703 113
t 112 2345 119 2335
t 112 1623 2335 119
t 112 169 2335 178
t 1636 113 180 179
t 2372 113 180 1636
t 113 1703 120 1623
t 2372 120 180 113
t 2372 120 121 180
t 180 1901 171 1636
t 2372 180 171 1636
t 114 181 123 115
t 114 115 2291 181
t 114 121 122 1621
t 114 181 1621 122
t 115 181 173 2291
t 115 173 181 182
t 116 1618 1697 117
t 117 1697 125 1618
t 117 118 176 184
t 118 1543 126 1559
t 118 125 126 1570
t 119 2361 128 120
t 118 2335 1543 119
t 119 2361 1543 127
t 119 1623 2335 186
t 120 2361 128 121
t 120 121 180 2361
t 119 127 128 2361
t 180 179 1623 187
t 121 128 129 2361
t 121 180 2361 188
t 122 129 130 1568
t 122 181 1621 189
t 124 2283 132 125
t 124 125 1618 2283
t 125 2283 133 126
t 125 132 133 2283
t 125 1618 2283 192
t 126 2282 135 127
t 126 133 134 2283
t 126 2284 2283 134
t 127 2282 135 128
t 2282 126 135 2284
t 126 127 135 2304
t 127 2361 1543 194
t 128 203 136 129
t 128 129 2361 195
t 128 135 136 2282
t 128 203 2282 136
t 130 137 138 1513
t 132 133 2283 200
t 134 135 2284 2348
t 135 136 2282 202
t 135 2348 2282 2284
t 135 2282 2348 202
t 136 137 129 2232
t 136 202 203 2282
t 137 129 2232 204
t 143 2440 151 144
t 36 58 990 1453
t 144 152 1893 209
t 144 151 152 2440
t 144 209 2440 152
t 145 2432 154 146
t 36 2063 1453 990
t 145 152 153 1893
t 146 1909 154 147
t 145 153 154 2432
t 147 154 155 1909
t 148 1892 1655 149
t 1021 1010 2078 1075
t 148 155 156 220
t 149 1655 157 1892
t 149 214 1892 157
t 1021 1023 18 1268
t 150 157 158 2422
t 151 216 159 152
t 151 152 2440 216
t 152 217 160 153
t 152 159 160 217
t 152 216 209 2440
t 152 209 216 217
t 153 2432 162 154
t 153 160 161 217
t 153 218 217 161
t 154 1891 1651 155
t 1909 212 219 220
t 153 161 162 2432
t 154 1891 219 162
t 155 1890 163 156
t 155 1651 163 1891
t 156 163 164 1890
t 157 166 2293 158
t 157 164 165 1872
t 158 157 166 2422
t 158 222 2422 166
t 158 150 2422 222
t 159 160 217 223
t 160 2430 168 161
t 160 161 217 224
t 160 159 2337 2430
t 161 226 168 162
t 161 162 2432 226
t 161 233 2430 168
t 161 224 218 217
t 161 218 224 225
t 162 163 1891 226
t 162 168 169 226
t 163 170 226 169
t 162 226 1891 219
t 163 1891 226 227
t 165 166 172 2293
t 165 2293 157 166
t 167 1905 1645 2430
t 167 2430 231 1905
t 504 1277 12 564
t 2430 1884 1643 168
t 2430 1645 176 1905
t 2430 232 1905 176
t 2430 231 1905 232
t 168 234 177 169
t 168 169 226 234
t 168 1643 177 1884
t 168 233 1884 177
t 168 1884 233 2430
t 169 1903 1639 170
t 169 234 177 178
t 169 234 170 226
t 170 1901 179 1636
t 170 1639 179 1903
t 170 235 1903 179
t 171 2437 181 172
t 171 172 1862 2437
t 1636 179 180 1901
t 172 237 181 173
t 172 173 166 237
t 171 180 181 2437
t 172 1862 2437 237
t 173 181 182 237
t 173 2273 237 182
t 173 237 230 166
t 173 230 237 2273
t 175 239 183 176
t 175 176 1905 239
t 511 504 564 1277
t 504 12 1052 564
t 1884 176 1879 239
t 177 176 1879 1884
t 177 184 1879 176
t 176 239 232 1905
t 177 184 185 1879
t 177 240 1879 185
t 240 1501 233 1884
t 177 240 233 1884
t 178 242 186 179
t 178 179 1903 242
t 178 241 185 186
t 178 234 177 241
t 179 180 1901 1897
t 179 242 235 1903
t 180 181 1878 1621
t 1897 1878 2281 250
t 180 1901 1897 2281
t 181 243 189 182
t 181 182 237 243
t 180 2437 1878 181
t 181 243 1878 189
t 182 189 190 251
t 182 252 251 190
t 182 243 2273 237
t 182 2273 243 244
t 183 1876 1618 184
t 558 616 615 50
t 184 1618 192 1876
t 185 1570 193 1864
t 185 240 1879 247
t 186 2434 195 187
t 186 1543 194 1859
t 186 2434 1859 194
t 186 241 185 248
t 187 2434 195 188
t 186 194 195 2434
t 188 195 196 2434
t 188 1878 1897 250
t 189 251 197 190
t 189 196 197 1863
t 189 243 1878 251
t 190 260 197 198
t 191 2426 199 192
t 191 192 1876 253
t 50 623 615 2189
t 192 2426 200 193
t 192 199 200 2426
t 193 2419 201 194
t 193 200 201 2426
t 193 2419 2426 201
t 194 2420 202 195
t 194 195 2434 256
t 194 201 202 2420
t 194 2434 1859 256
t 195 2421 203 196
t 195 196 2434 257
t 195 202 203 2421
t 195 2434 256 257
t 196 203 204 2421
t 197 204 205 1837
t 50 616 615 623
t 199 200 2426 263
t 200 201 2426 263
t 201 202 2420 2240
t 201 263 2419 2426
t 201 2419 263 264
t 202 203 2421 1371
t 2051 58 1981 11
t 202 2420 2240 265
t 203 204 2421 266
t 203 2421 1371 266
t 205 206 197 269
t 997 1986 2180 67
t 67 1946 943 944
t 208 1532 216 209
t 209 1506 1893 210
t 209 216 217 1532
t 210 1485 218 211
t 210 1893 218 1506
t 210 1485 1506 218
t 211 1531 219 212
t 211 218 219 1485
t 211 1531 1485 219
t 212 1530 220 213
t 212 219 220 1531
t 213 1505 1892 214
t 894 1015 1851 75
t 214 1475 221 215
t 214 1892 221 1505
t 214 1475 1505 221
t 894 2020 75 2011
t 2011 964 1209 75
t 215 221 222 1475
t 215 1292 1475 222
t 216 1503 223 217
t 76 12 1025 571
t 217 281 224 218
t 217 218 1506 281
t 217 223 224 1503
t 218 2276 226 219
t 218 219 1485 2276
t 218 224 225 281
t 218 281 1485 1506
t 219 1502 1891 220
t 218 225 226 2276
t 219 1502 2276 226
t 219 2276 1531 1485
t 220 1891 227 1502
t 220 290 1502 227
t 220 227 228 290
t 220 282 290 283
t 221 285 229 222
t 221 222 1475 285
t 221 228 229 1484
t 221 1475 1505 284
t 222 229 230 285
t 222 285 1292 1475
t 511 76 1326 1462
t 224 2275 233 225
t 224 225 281 287
t 225 2274 233 226
t 225 226 2276 2274
t 224 232 233 2275
t 225 281 287 288
t 226 1483 234 227
t 226 227 1502 1483
t 226 233 234 2274
t 226 1483 289 234
t 226 2274 1502 2276
t 226 1502 2274 289
t 227 2278 235 228
t 227 234 235 1483
t 227 2278 1483 235
t 227 1483 290 1502
t 228 2277 236 1862
t 228 235 236 2278
t 228 2277 2278 236
t 228 2277 1862 229
t 76 1462 1474 1326
t 231 294 238 232
t 231 232 224 294
t 1474 76 1025 571
t 232 1501 239 1884
t 232 233 2275 1501
t 232 294 295 224
t 232 2275 224 295
t 233 296 240 234
t 1884 239 240 1501
t 233 296 1501 240
t 233 2275 1501 296
t 234 1529 1903 235
t 234 235 1483 1529
t 234 240 241 296
t 234 297 296 241
t 234 1483 289 297
t 235 1537 1901 236
t 235 236 2278 1537
t 235 1903 242 1529
t 235 298 1529 242
t 235 1529 2278 1483
t 235 2278 1529 298
t 236 237 1473 2281
t 236 1901 2281 1537
t 236 299 1537 2281
t 236 1537 2277 2278
t 236 2277 1537 299
t 238 1525 245 239
t 1501 239 309 302
t 240 239 309 1501
t 239 245 246 1525
t 240 246 309 239
t 240 303 248 241
t 240 241 296 303
t 240 246 247 309
t 303 1812 296 1501
t 240 303 296 1501
t 305 1829 298 1529
t 242 305 298 1529
t 240 247 248 303
t 241 304 303 248
t 241 303 297 296
t 241 297 303 304
t 242 312 305 248
t 241 248 305 304
t 242 248 305 241
t 2281 1897 250 1524
t 1524 1498 306 313
t 243 307 251 244
t 243 244 2273 307
t 243 307 1498 251
t 245 2280 253 246
t 246 2280 254 1864
t 246 253 254 2280
t 239 302 1525 309
t 246 2280 1864 247
t 248 1497 256 249
t 248 255 256 1470
t 248 1497 1470 256
t 249 320 257 250
t 249 256 257 1497
t 249 320 1497 257
t 250 257 258 320
t 250 1498 1524 313
t 251 258 259 1481
t 251 307 1498 314
t 252 251 259 2272
t 253 2271 262 254
t 253 254 2280 316
t 254 2271 263 255
t 254 262 263 2271
t 255 318 264 256
t 255 263 264 2271
t 255 318 2271 264
t 256 319 265 257
t 256 257 1497 319
t 256 264 265 318
t 256 319 318 265
t 256 1497 1470 319
t 257 320 266 258
t 257 265 266 319
t 257 320 319 266
t 257 319 320 1497
t 1461 1481 321 322
t 258 266 267 320
t 258 321 320 267
t 259 2272 269 260
t 259 1837 268 1461
t 259 268 269 2272
t 262 263 2271 325
t 263 264 2271 325
t 264 265 318 326
t 264 325 318 2271
t 264 318 325 326
t 265 266 319 327
t 265 326 319 318
t 265 319 326 327
t 266 267 320 328
t 266 327 320 319
t 266 320 327 328
t 267 328 321 320
t 267 321 328 329
t 268 269 2272 331
t 271 1836 1532 272
t 272 1532 280 1836
t 273 2405 281 274
t 273 334 342 2405
t 274 1835 1531 275
t 274 1835 335 2405
t 275 1834 1530 276
t 275 1531 282 1835
t 275 1834 1835 282
t 276 2412 283 277
t 276 1530 283 1834
t 277 283 284 2412
t 277 338 2412 284
t 278 284 285 2394
t 278 339 2394 285
t 279 1833 1503 280
t 280 341 287 281
t 280 281 273 341
t 280 1503 287 1833
t 281 287 288 341
t 281 342 341 288
t 273 342 281 2405
t 273 334 341 342
t 2405 1832 1502 282
t 2405 1835 335 343
t 282 344 290 283
t 282 283 1834 344
t 282 1502 290 1832
t 282 344 1832 290
t 282 1834 1835 344
t 283 2412 291 284
t 283 1834 344 345
t 284 2394 292 285
t 284 291 292 2412
t 284 346 354 2394
t 285 292 293 2394
t 285 347 2394 293
t 285 339 2394 347
t 286 2403 294 287
t 286 287 1833 348
t 287 2403 2275 288
t 287 288 341 349
t 287 294 295 2403
t 287 1833 348 349
t 288 2402 296 289
t 288 289 2405 2402
t 288 2275 296 2403
t 288 2404 2403 296
t 288 349 342 341
t 288 342 349 350
t 2278 1785 297 298
t 289 290 1832 1785
t 289 296 297 2402
t 289 1785 351 297
t 289 2402 1832 2405
t 289 1832 2402 351
t 2278 290 1785 298
t 290 352 344 1832
t 290 1832 1785 352
t 1784 2412 353 354
t 291 298 299 353
t 292 2398 300 293
t 292 293 2394 2398
t 292 1473 300 1784
t 293 2398 347 2394
t 293 347 2398 355
t 294 2417 301 295
t 294 295 2403 2417
t 295 1812 302 1501
t 295 296 2403 1812
t 295 301 302 2417
t 1501 302 303 1812
t 296 358 1812 303
t 296 1812 2404 2403
t 296 2404 1812 358
t 297 1829 304 1529
t 1785 352 359 360
t 297 359 303 304
t 297 1785 351 359
t 298 1827 1537 299
t 298 299 353 1827
t 1529 304 305 1829
t 299 368 307 300
t 299 300 361 368
t 299 1537 306 1827
t 299 353 1827 361
t 299 306 307 368
t 300 1632 368 307
t 300 361 368 362
t 300 362 292 1784
t 300 2398 362 1632
t 301 1825 1525 302
t 301 302 2417 1825
t 302 1525 309 1825
t 303 309 310 1811
t 303 365 1811 310
t 304 1824 311 305
t 304 366 303 310
t 304 359 303 366
t 306 305 1823 367
t 305 306 1827 367
t 305 311 312 1824
t 306 312 1823 305
t 1810 368 1823 375
t 306 312 313 1823
t 313 1810 1823 375
t 306 1827 367 368
t 307 1498 314 1810
t 307 1620 1810 314
t 307 1632 368 369
t 1024 1268 1108 77
t 307 314 315 1620
t 308 2413 316 309
t 308 309 1825 2413
t 1871 141 880 872
t 309 316 317 2413
t 1871 141 872 1994
t 309 1825 2413 371
t 309 2413 317 1809
t 310 365 1811 372
t 311 2408 319 312
t 311 373 2408 374
t 311 1470 319 1782
t 311 2408 1782 319
t 311 366 310 373
t 312 2408 320 313
t 312 319 320 2408
t 311 374 2408 312
t 1824 367 373 374
t 313 320 321 2408
t 307 306 1810 368
t 314 1619 322 315
t 314 315 1620 1619
t 314 321 322 1806
t 314 1619 1806 322
t 314 1620 1810 376
t 942 1871 141 880
t 315 322 323 1619
t 1871 942 141 1982
t 315 1620 1619 377
t 316 2392 324 317
t 316 317 2413 379
t 1871 141 1994 1982
t 317 2392 325 318
t 317 324 325 2392
t 318 325 326 2392
t 319 2397 327 320
t 319 326 327 2397
t 320 382 328 321
t 320 321 2408 382
t 320 327 328 2397
t 320 382 2397 328
t 322 1619 1806 384
t 417 1270 142 418
t 418 478 1270 142
t 324 325 2392 386
t 142 485 478 1270
t 325 2392 386 387
t 326 327 2397 389
t 327 328 2397 389
t 326 2397 388 389
t 397 458 1425 1029
t 328 389 382 2397
t 564 10 174 1277
t 329 330 322 391
t 1528 1277 174 629
t 564 570 1277 174
t 330 331 323 392
t 570 174 1406 1528
t 1589 1528 1406 174
t 1589 1528 174 629
t 1528 629 1119 12
t 332 1804 1836 333
t 12 629 1277 1528
t 333 1780 341 334
t 12 1025 571 1119
t 333 1836 341 1804
t 1025 571 1119 1574
t 334 1763 342 335
t 334 341 342 1780
t 335 1803 1835 336
t 335 342 343 1763
t 1763 396 403 404
t 336 1802 1834 337
t 1442 1528 629 1119
t 336 1835 344 1803
t 337 406 345 338
t 337 1834 345 1802
t 338 345 346 406
t 338 399 406 346
t 339 346 347 2329
t 339 408 2329 347
t 340 1778 1833 341
t 545 1407 1030 1508
t 341 402 349 342
t 341 1833 349 1778
t 341 402 1778 349
t 342 349 350 402
t 342 403 402 350
t 343 1777 1832 344
t 344 405 352 345
t 344 345 1802 405
t 344 1832 352 1777
t 344 405 1777 352
t 345 1802 405 406
t 346 2329 354 347
t 346 353 354 414
t 346 399 406 407
t 491 1031 552 207
t 347 354 355 2329
t 347 2391 2329 355
t 348 1757 356 349
t 348 349 1778 1757
t 207 559 618 552
t 349 2374 2404 350
t 349 350 402 410
t 349 356 357 1757
t 349 2374 1757 357
t 349 410 402 1778
t 349 1778 1757 410
t 350 2375 358 351
t 350 351 343 411
t 350 2404 358 2374
t 350 2375 2374 358
t 350 410 403 402
t 350 403 410 411
t 351 1755 359 352
t 351 352 1777 1755
t 351 358 359 419
t 351 1755 412 359
t 351 411 412 343
t 351 1777 343 412
t 352 2385 360 353
t 352 359 360 1755
t 352 2385 1755 360
t 352 413 405 1777
t 352 1777 1755 413
t 353 2384 361 1784
t 353 360 361 2385
t 353 2384 2385 361
t 354 2330 363 355
t 354 355 2329 2330
t 353 2384 1784 354
t 491 1031 207 1018
t 354 362 363 2327
t 355 2383 2330 363
t 355 2330 2391 2329
t 355 2391 2330 416
t 356 417 364 357
t 356 357 1757 417
t 357 1775 1812 358
t 357 358 2374 1775
t 207 618 559 967
t 357 417 2374 1757
t 358 419 365 359
t 358 1812 365 1775
t 358 419 1775 365
t 358 1775 2375 2374
t 358 2375 1775 419
t 359 1800 1829 360
t 359 360 1755 1800
t 359 365 366 2382
t 359 1755 412 420
t 360 1799 1827 361
t 360 361 2385 1799
t 360 1829 367 1800
t 360 1800 2385 1755
t 361 2401 368 362
t 361 362 1616 2401
t 361 1827 368 1799
t 361 422 1799 368
t 361 1799 2384 2385
t 361 2384 1799 422
t 362 2327 369 1632
t 354 363 2330 2327
t 362 368 369 2401
t 362 423 2401 369
t 362 1616 2401 423
t 362 2327 1632 363
t 363 2327 2383 2330
t 363 2383 2327 424
t 364 426 371 365
t 364 365 1775 426
t 1014 432 370 371
t 365 2382 372 366
t 365 371 372 426
t 365 426 419 1775
t 366 1797 373 367
t 366 372 373 2382
t 366 1797 2382 373
t 1796 428 1797 435
t 1799 422 428 429
t 367 373 374 1797
t 374 1796 1797 435
t 368 2401 375 369
t 368 1823 375 1796
t 368 422 1799 429
t 367 1796 1799 428
t 369 375 376 2401
t 369 430 2401 376
t 369 423 2401 430
t 369 430 1016 423
t 370 1771 378 371
t 371 378 379 1771
t 372 2380 380 1782
t 372 373 2382 2380
t 372 379 380 1737
t 372 426 371 433
t 373 435 382 374
t 372 2380 1782 373
t 373 382 434 381
t 373 2380 1797 2382
t 373 1797 2380 434
t 1770 1796 435 436
t 375 1796 1770 436
t 373 434 382 435
t 367 368 1799 1796
t 375 382 383 1770
t 374 382 1770 435
t 376 437 384 377
t 376 383 384 444
t 376 437 444 384
t 378 2322 386 379
t 378 379 1771 2322
t 379 2322 387 380
t 379 380 1737 2322
t 379 386 387 2322
t 380 2328 2397 381
t 380 387 388 2322
t 380 2328 2322 388
t 380 1737 2322 441
t 381 442 389 382
t 434 382 435 442
t 381 2397 389 2328
t 381 442 2328 389
t 381 382 434 442
t 382 383 443 390
t 382 435 442 443
t 383 443 390 444
t 384 437 444 445
t 386 387 2322 1972
t 387 388 2322 448
t 387 2322 1972 448
t 388 389 2328 2365
t 388 448 2328 2322
t 388 2328 448 449
t 389 382 442 1017
t 389 2365 442 2328
t 389 442 2365 450
t 382 1017 443 442
t 382 443 1017 390
t 393 1856 1804 394
t 394 1818 1780 395
t 394 1804 402 1856
t 395 1780 403 1818
t 396 1029 404 397
t 396 403 404 1794
t 396 1029 1794 404
t 397 1854 405 398
t 397 404 405 1029
t 397 1854 1029 405
t 398 2414 406 399
t 398 405 406 1854
t 398 459 1854 406
t 399 406 407 2414
t 399 460 2414 407
t 400 407 408 2399
t 400 1370 2399 408
t 401 463 409 402
t 0 1351 1024 1275
t 402 463 410 403
t 402 409 410 463
t 403 1793 411 404
t 403 404 1794 1793
t 403 410 411 463
t 403 464 463 411
t 404 2410 412 405
t 404 405 1029 466
t 404 411 412 1793
t 404 2410 1793 412
t 404 1794 1793 465
t 405 2410 413 406
t 405 412 413 2410
t 405 466 1854 1029
t 406 2414 414 407
t 406 413 414 1852
t 406 459 1854 467
t 407 2399 415 408
t 407 414 415 2414
t 407 468 476 2399
t 408 415 416 2399
t 408 2409 2399 416
t 408 1370 2399 469
t 409 417 1792 470
t 1757 417 1792 409
t 1002 2068 2184 1279
t 410 411 463 471
t 1757 1792 410 409
t 410 411 1792 418
t 409 471 463 470
t 411 471 464 463
t 411 464 471 472
t 2385 1789 420 421
t 412 413 473 1789
t 412 419 420 1768
t 412 1789 1768 420
t 412 2410 1793 473
t 413 2407 2384 414
t 2385 413 1789 421
t 413 2407 1789 421
t 413 473 1789 474
t 1790 2414 475 476
t 414 2384 422 2407
t 414 475 2407 422
t 415 2393 423 416
t 415 416 2399 2393
t 415 422 423 1790
t 416 423 424 2395
t 416 2236 2395 424
t 416 2393 2409 2399
t 416 2409 2393 477
t 417 142 425 418
t 417 418 1792 1270
t 418 1817 1775 419
t 418 419 411 478
t 2068 1265 1279 1002
t 418 478 142 425
t 418 411 1792 478
t 419 479 426 420
t 419 420 1768 479
t 419 1775 426 1817
t 419 479 1817 426
t 419 411 478 479
t 420 1846 1800 421
t 420 421 1789 1846
t 420 426 427 2406
t 420 479 480 1768
t 420 1789 1768 480
t 421 1844 428 422
t 421 422 2407 1844
t 421 1800 428 1846
t 1846 481 488 489
t 421 1846 2407 1789
t 422 2415 429 423
t 422 423 1790 2415
t 422 428 429 1844
t 422 1844 475 2407
t 422 475 1844 482
t 423 2395 430 424
t 423 429 430 2415
t 423 483 2415 430
t 423 1790 2415 483
t 424 1018 2395 430
t 424 2236 2395 484
t 425 431 432 1843
t 142 431 1843 485
t 425 431 1843 142
t 426 2406 2380 427
t 426 432 433 1815
t 427 488 434 428
t 427 428 1846 488
t 427 2380 434 2406
t 427 488 2406 434
t 428 489 435 429
t 428 429 1844 489
t 428 1846 488 489
t 421 2407 1846 1844
t 429 2415 436 430
t 429 435 436 489
t 429 490 489 436
t 429 1844 489 490
t 430 436 437 2415
t 430 491 2415 437
t 430 483 2415 491
t 430 437 438 1706
t 430 491 1018 483
t 431 493 439 432
t 431 432 1843 493
t 580 2210 1290 270
t 432 493 440 433
t 432 439 440 493
t 433 441 1787 494
t 433 434 2406 494
t 433 440 441 493
t 434 1841 442 435
t 434 433 1787 494
t 434 1841 1787 442
t 434 494 488 2406
t 434 488 494 495
t 435 442 443 1841
t 436 443 444 1840
t 436 490 489 497
t 1110 498 1706 972
t 1110 972 1706 438
t 437 444 445 504
t 438 445 446 972
t 439 2400 447 440
t 439 440 493 499
t 440 2400 448 441
t 440 441 493 500
t 440 447 448 2400
t 441 2396 449 442
t 441 448 449 2400
t 441 2396 2400 449
t 442 443 1841 502
t 442 449 450 2396
t 442 1841 1787 502
t 443 503 451 444
t 443 444 1840 503
t 443 503 450 451
t 444 504 452 445
t 444 451 452 503
t 444 504 503 452
t 444 1840 503 504
t 445 512 453 446
t 445 452 453 512
t 448 449 2400 508
t 449 450 2396 509
t 449 508 2396 2400
t 449 2396 508 509
t 451 452 503 511
t 451 2418 503 450
t 451 503 2418 511
t 452 511 504 503
t 452 504 511 1179
t 453 454 446 513
t 455 1700 1856 456
t 456 1699 463 457
t 456 1856 463 1700
t 457 463 464 1699
t 457 516 1699 464
t 458 1696 466 459
t 458 1029 466 1695
t 458 1696 1695 466
t 459 1693 467 460
t 459 466 467 1696
t 459 1693 1696 467
t 460 1535 468 461
t 460 467 468 1693
t 460 1535 1693 468
t 461 468 469 1535
t 461 1492 1535 469
t 462 523 470 463
t 462 463 1700 523
t 463 523 471 464
t 463 470 471 523
t 464 471 472 523
t 464 524 523 472
t 464 516 1699 524
t 465 525 473 466
t 465 466 1695 525
t 466 534 474 467
t 466 473 474 525
t 466 534 525 474
t 466 525 526 1695
t 466 1696 1695 526
t 467 474 475 534
t 467 1693 1696 527
t 468 529 476 469
t 468 469 1535 529
t 468 475 476 1601
t 468 1535 1693 528
t 469 476 477 529
t 469 529 1492 1535
t 470 471 523 531
t 471 472 523 531
t 470 523 530 531
t 472 2332 479 473
t 472 473 465 2344
t 472 2332 478 479
t 472 531 524 523
t 472 524 531 532
t 473 2346 480 474
t 473 474 525 533
t 473 479 480 2332
t 473 2344 525 465
t 473 525 2344 533
t 474 542 481 475
t 474 480 481 2346
t 474 542 2346 481
t 474 533 534 525
t 476 2309 2395 477
t 476 477 529 2309
t 476 482 483 1557
t 477 2395 484 2309
t 477 2339 2309 484
t 477 529 2309 537
t 1270 1689 485 478
t 478 1687 486 479
t 478 485 486 1689
t 478 539 1689 486
t 479 1598 487 480
t 479 480 540 1598
t 479 486 487 1687
t 479 1598 1687 487
t 479 1687 2332 478
t 479 2332 1687 540
t 480 1683 488 481
t 480 481 2346 541
t 480 487 488 1598
t 480 1683 1598 488
t 480 540 1598 541
t 1686 550 542 1683
t 481 482 475 542
t 481 488 489 1683
t 489 550 1686 1683
t 481 541 542 2346
t 482 2370 490 483
t 482 483 1557 2370
t 482 489 490 1686
t 482 543 1686 490
t 482 475 542 543
t 483 2297 491 484
t 483 484 2309 2297
t 483 490 491 2370
t 483 1557 2370 544
t 484 2297 2339 2309
t 484 2339 2297 545
t 485 1684 492 486
t 485 486 1689 1684
t 486 548 493 487
t 486 487 1687 548
t 486 492 493 1684
t 486 547 539 1689
t 486 1689 1684 547
t 487 549 494 488
t 487 488 1598 549
t 487 493 494 548
t 487 548 1598 1687
t 488 1682 495 489
t 488 489 1683 1682
t 488 549 1683 1598
t 489 495 496 1682
t 482 481 1686 542
t 489 1683 1682 550
t 490 2370 497 491
t 490 489 497 551
t 490 543 1686 551
t 491 497 498 1681
t 491 207 1681 498
t 491 552 2297 2370
t 491 2297 552 1031
t 492 1680 499 493
t 492 493 1684 1680
t 493 499 500 1680
t 493 1684 1680 554
t 494 500 501 1595
t 495 2368 502 496
t 495 556 2368 557
t 495 501 502 1556
t 495 2368 1556 502
t 496 2368 503 497
t 496 497 551 557
t 496 502 503 2368
t 497 2371 504 498
t 497 503 504 2368
t 497 551 557 558
t 498 504 505 565
t 498 505 506 1507
t 498 559 207 1681
t 499 500 1680 2314
t 500 2314 2396 501
t 500 499 2400 2314
t 500 1680 2314 561
t 501 2292 509 502
t 501 2396 509 2314
t 501 2292 2314 509
t 502 2292 510 2294
t 503 564 511 504
t 503 504 2368 564
t 503 564 2294 511
t 504 2302 512 505
t 504 2371 564 1052
t 505 1476 512 506
t 505 506 1507 1476
t 1264 20 1217 1059
t 506 512 513 1476
t 506 1464 1476 513
t 27 1217 1077 20
t 506 1507 1476 566
t 508 509 2314 568
t 508 2314 507 568
t 502 509 510 2292
t 509 568 2292 2314
t 509 2292 568 569
t 510 511 2294 570
t 510 2294 2331 570
t 511 1179 504 76
t 511 570 564 2294
t 511 564 570 1277
t 513 1464 1476 572
t 514 1677 522 515
t 515 1676 523 516
t 515 522 523 1677
t 516 523 524 1676
t 517 1675 525 518
t 518 1674 526 519
t 518 525 526 1675
t 519 1673 527 520
t 519 526 527 1674
t 520 527 528 1673
t 520 579 1673 528
t 521 528 529 2290
t 521 588 2290 529
t 522 1672 530 523
t 523 590 531 524
t 523 530 531 1672
t 523 590 1672 531
t 524 531 532 590
t 524 583 590 532
t 525 2344 533 524
t 525 1671 524 533
t 526 593 534 527
t 526 527 585 593
t 526 525 534 1671
t 526 593 1671 534
t 527 534 535 593
t 527 585 593 586
t 528 2290 536 529
t 528 587 535 536
t 528 579 1673 587
t 529 536 537 2290
t 529 588 2290 537
t 530 2338 538 531
t 530 531 1672 589
t 531 2338 539 532
t 531 538 539 2338
t 531 589 590 1672
t 532 2343 540 533
t 532 533 524 2353
t 532 539 540 2338
t 532 2343 2338 540
t 532 583 590 591
t 533 2354 541 534
t 533 534 1671 592
t 533 540 541 2343
t 533 2353 1671 524
t 533 1671 2353 592
t 534 601 542 535
t 534 541 542 2354
t 534 601 2354 542
t 534 592 593 1671
t 535 542 543 601
t 536 2306 544 537
t 536 537 2290 2306
t 536 587 535 595
t 537 544 545 2306
t 537 2347 2306 545
t 537 2306 588 2290
t 537 588 2306 596
t 538 1670 546 539
t 539 1669 547 540
t 539 540 2338 1669
t 539 546 547 1670
t 1670 598 604 605
t 540 606 548 541
t 540 541 599 606
t 540 547 548 1669
t 540 606 1669 548
t 540 1669 2343 2338
t 540 2343 1669 599
t 541 607 549 542
t 541 542 2354 600
t 541 548 549 606
t 541 607 606 549
t 541 599 606 600
t 542 608 550 543
t 542 549 550 607
t 542 608 607 550
t 542 600 601 2354
t 543 2369 551 544
t 543 550 551 608
t 543 602 608 551
t 544 603 552 545
t 544 545 2306 603
t 544 551 552 2369
t 544 603 2369 552
t 544 543 2369 603
t 545 552 140 603
t 545 603 2347 2306
t 547 2363 554 548
t 547 548 1669 2363
t 547 553 554 2389
t 548 606 555 549
t 548 554 555 2363
t 548 1669 2363 606
t 549 555 556 606
t 549 607 606 556
t 551 2369 558 552
t 552 610 559 618
t 552 140 603 610
t 552 558 559 2369
t 552 610 2369 559
t 552 603 2369 610
t 553 1665 560 554
t 554 1592 561 1595
t 554 560 561 1665
t 554 2363 1592 555
t 556 562 563 1554
t 556 557 1554 563
t 557 2189 564 50
t 558 1591 565 559
t 557 564 2371 50
t 558 1591 50 565
t 559 610 2369 617
t 559 610 617 618
t 560 1523 567 561
t 560 561 1665 1523
t 561 627 568 562
t 561 562 620 627
t 561 567 568 1523
t 561 627 1523 568
t 561 1665 1523 620
t 562 2301 2294 563
t 562 568 569 627
t 562 2301 627 569
t 562 620 627 621
t 563 622 570 564
t 563 564 557 622
t 563 2294 570 2301
t 563 622 2301 570
t 563 557 1554 622
t 564 570 174 622
t 564 622 2189 557
t 565 1495 50 1052
t 565 1591 50 1495
t 565 12 571 1495
t 565 1591 1495 624
t 566 1476 572 1468
t 566 625 1468 572
t 567 568 1523 1569
t 568 1569 627 1523
t 569 570 2301 628
t 569 2301 627 628
t 570 628 622 2301
t 572 625 1468 631
t 573 1660 581 574
t 574 1590 582 575
t 574 581 582 1660
t 575 642 583 576
t 575 582 583 1590
t 576 1658 584 577
t 576 583 584 642
t 576 1658 635 584
t 577 1656 585 578
t 577 584 585 1658
t 577 1656 1658 585
t 578 1588 586 579
t 578 585 586 1656
t 578 1588 1656 586
t 579 2279 587 580
t 579 586 587 1588
t 579 638 1588 587
t 580 587 588 2279
t 580 647 2279 588
t 581 2340 589 582
t 582 2340 590 583
t 582 589 590 2340
t 583 642 591 584
t 583 590 591 2340
t 583 642 2340 591
t 584 1586 592 585
t 584 591 592 642
t 584 1586 643 592
t 584 1658 635 643
t 585 652 593 586
t 585 592 593 1586
t 585 652 1586 593
t 585 1656 1658 644
t 586 593 594 652
t 586 1588 1656 645
t 587 2279 595 588
t 587 594 595 1553
t 587 638 1588 646
t 588 595 596 2279
t 588 647 2279 596
t 589 2326 597 590
t 589 590 2340 648
t 590 2326 598 591
t 590 591 2340 649
t 590 597 598 2326
t 591 2325 599 592
t 650 651 2325 592
t 591 598 599 2326
t 591 2325 2326 599
t 591 649 642 2340
t 591 642 649 650
t 592 1551 600 593
t 592 593 1586 1551
t 592 599 600 2325
t 592 1551 2325 600
t 592 651 1586 643
t 593 660 601 594
t 593 600 601 1551
t 593 660 1551 601
t 593 1551 652 1586
t 594 1518 602 595
t 594 601 602 660
t 594 1518 660 602
t 594 586 652 653
t 595 655 603 596
t 595 596 2279 655
t 595 602 603 1518
t 596 655 647 2279
t 597 1652 604 598
t 598 599 2326 1584
t 598 604 605 1652
t 598 657 1652 605
t 599 2324 606 600
t 599 600 2325 2324
t 605 1669 1584 606
t 599 658 1584 606
t 599 1584 2325 2326
t 599 2325 1584 658
t 600 1648 607 601
t 600 601 1551 659
t 600 606 607 2324
t 600 1648 2324 607
t 600 2324 1551 2325
t 600 1551 2324 659
t 601 660 608 602
t 601 607 608 1648
t 601 660 1648 608
t 601 659 660 1551
t 602 603 1518 609
t 602 608 609 660
t 609 1518 660 661
t 603 662 609 610
t 603 1518 609 662
t 603 662 655 1518
t 604 665 611 605
t 604 605 1652 665
t 606 666 658 1584
t 606 612 1580 605
t 605 665 657 1652
t 606 2323 613 607
t 606 607 2324 2323
t 606 612 613 1580
t 605 666 665 1580
t 606 666 605 1580
t 607 1646 614 608
t 607 613 614 2323
t 607 1646 2323 614
t 607 2323 1648 2324
t 608 668 615 609
t 608 609 660 668
t 608 614 615 1646
t 608 668 1646 615
t 608 660 1648 668
t 609 668 661 660
t 609 661 668 669
t 610 616 617 1578
t 610 662 609 670
t 611 1577 619 612
t 612 619 620 1577
t 613 2321 621 1554
t 613 614 2323 2321
t 613 620 621 1549
t 614 1579 622 615
t 613 2321 1554 614
t 614 1579 1517 622
t 614 2321 1646 2323
t 614 1646 2321 674
t 615 668 1646 675
t 616 615 623 1576
t 617 623 624 1548
t 617 610 1578 677
t 618 624 625 1491
t 619 620 1577 679
t 621 689 628 622
t 621 689 620 627
t 622 1579 1517 682
t 615 1576 2189 623
t 615 622 2189 1579
t 615 1576 1579 2189
t 615 1579 675 1646
t 615 675 1579 1576
t 623 624 1548 685
t 624 685 630 625
t 624 623 630 685
t 625 630 631 685
t 625 686 685 631
t 626 627 620 2223
t 627 628 621 689
t 627 620 2223 688
t 622 689 682 1517
t 622 682 689 1490
t 629 1206 691 1490
t 623 630 685 692
t 623 691 684 683
t 623 684 691 692
t 630 631 685 693
t 630 685 692 693
t 631 693 686 685
t 631 686 693 694
t 632 1644 1660 633
t 633 1642 641 634
t 633 1660 641 1644
t 634 2342 642 635
t 634 641 642 1642
t 635 1641 643 636
t 635 642 643 2342
t 636 707 644 637
t 636 643 644 1641
t 636 707 1641 644
t 637 1640 645 638
t 637 644 645 707
t 638 2289 646 639
t 638 645 646 1640
t 638 701 1640 646
t 639 646 647 2289
t 640 2364 649 641
t 640 641 1644 703
t 641 2364 649 642
t 640 648 649 2364
t 641 1644 703 704
t 642 2342 651 643
t 642 649 650 2364
t 642 705 2364 650
t 643 1637 651 644
t 643 644 1641 706
t 642 650 651 2342
t 643 1637 706 651
t 644 714 652 645
t 644 651 652 1637
t 644 714 1637 652
t 644 706 707 1641
t 645 652 653 714
t 646 2289 654 647
t 646 701 1640 709
t 647 654 655 2289
t 647 710 2289 655
t 647 639 2289 710
t 648 2334 656 649
t 648 649 2364 711
t 649 2334 657 650
t 649 650 2364 712
t 649 656 657 2334
t 650 720 658 651
t 650 651 2342 713
t 650 657 658 2334
t 650 720 2334 658
t 650 712 705 2364
t 651 721 659 652
t 651 652 1637 713
t 651 658 659 720
t 651 721 720 659
t 651 713 1637 706
t 652 722 660 653
t 652 659 660 721
t 652 722 721 660
t 652 713 714 1637
t 653 660 661 722
t 654 661 662 1545
t 655 662 663 724
t 655 725 724 663
t 656 1635 1652 657
t 656 657 718 1635
t 657 666 665 1584
t 657 658 719 666
t 657 1652 665 1635
t 657 718 1635 719
t 658 659 720 666
t 658 666 720 719
t 659 660 721 667
t 659 721 666 667
t 659 666 721 720
t 660 722 668 661
t 660 722 667 668
t 660 667 722 721
t 661 1633 669 662
t 661 662 1545 1633
t 661 668 669 730
t 662 724 670 663
t 662 669 670 1633
t 662 724 1633 670
t 662 1545 1633 724
t 663 670 2288 724
t 663 725 724 2288
t 664 1630 671 665
t 664 665 1635 1630
t 665 1628 672 1580
t 665 671 672 1630
t 665 1635 1630 727
t 666 2333 673 667
t 667 1627 674 668
t 667 722 729 730
t 667 673 674 2333
t 667 1627 2333 674
t 2333 667 721 729
t 668 674 675 1627
t 668 722 667 730
t 669 675 676 1626
t 669 731 1625 1633
t 670 1578 677 1625
t 670 732 1625 677
t 673 1544 681 1517
t 673 680 681 1572
t 674 2362 682 675
t 674 737 2362 738
t 673 2333 1544 674
t 674 2362 1544 682
t 674 1627 2333 737
t 623 683 684 1576
t 675 682 683 2362
t 623 684 676 1576
t 669 1625 1578 670
t 677 2287 685 1491
t 677 678 2288 2287
t 677 684 685 1571
t 677 732 1625 740
t 677 2287 1491 678
t 678 2287 2387 2288
t 678 2387 2287 741
t 679 680 672 742
t 680 2299 689 681
t 681 2299 689 682
t 682 2286 690 683
t 682 689 690 2299
t 682 2286 2299 690
t 682 2362 1544 745
t 683 754 691 684
t 683 684 2362 746
t 683 754 2286 690
t 684 747 692 685
t 684 691 692 754
t 684 747 754 692
t 685 2285 693 686
t 685 692 693 2285
t 686 693 694 2285
t 687 688 680 750
t 688 689 680 751
t 688 680 750 751
t 689 690 2299 752
t 689 751 2299 680
t 689 2299 751 752
t 690 752 2286 2299
t 690 2286 752 753
t 692 693 2285 756
t 692 747 754 755
t 693 694 2285 757
t 695 1938 1644 696
t 696 1927 704 697
t 696 1644 704 1938
t 697 2453 705 698
t 697 704 705 1927
t 698 1936 706 699
t 698 705 706 2453
t 699 1937 707 700
t 699 706 707 1936
t 699 1937 1936 707
t 700 774 708 701
t 700 707 708 1937
t 701 2442 709 702
t 701 708 709 774
t 701 766 774 709
t 702 709 710 2442
t 702 776 2442 710
t 703 2454 712 704
t 703 704 1938 769
t 704 2454 712 705
t 703 711 712 2454
t 704 1938 769 770
t 706 1925 1637 707
t 706 705 713 2453
t 706 1925 2453 713
t 707 781 714 708
t 707 708 773 781
t 707 1637 714 1925
t 707 781 1925 714
t 707 1937 1936 773
t 708 714 715 781
t 708 773 781 774
t 709 2442 716 710
t 709 715 716 1917
t 709 766 774 775
t 710 716 717 2442
t 710 776 2442 717
t 711 2451 718 712
t 712 786 720 705
t 712 705 2454 778
t 712 718 719 2451
t 712 786 2451 719
t 705 2452 720 713
t 705 713 2453 2452
t 712 719 720 786
t 705 787 786 720
t 705 778 771 2454
t 705 771 778 779
t 713 1916 721 714
t 713 714 1925 1916
t 713 720 721 2452
t 713 1916 2452 721
t 713 2452 1925 2453
t 714 789 722 715
t 714 721 722 1916
t 714 789 1916 722
t 714 1916 781 1925
t 716 2446 724 717
t 716 717 2442 2446
t 716 1545 724 1912
t 717 724 725 2446
t 717 784 2446 725
t 717 2446 776 2442
t 717 776 2446 784
t 718 1935 1635 719
t 718 719 785 1935
t 666 1922 727 728
t 719 720 786 1922
t 719 1635 727 1935
t 719 786 1935 727
t 719 1935 786 785
t 720 2449 728 721
t 720 721 2452 2449
t 666 720 1922 728
t 720 787 1922 728
t 720 1922 787 786
t 721 1933 729 722
t 721 722 1916 1933
t 721 728 729 2449
t 721 1933 2449 729
t 721 2449 1916 2452
t 722 1932 730 723
t 722 723 715 789
t 722 729 730 1933
t 722 789 1933 1932
t 722 1933 789 1916
t 723 2455 731 724
t 723 724 1912 2455
t 723 730 731 1932
t 723 715 789 790
t 724 2444 732 725
t 724 725 2446 2444
t 724 731 732 2455
t 724 1912 2455 791
t 725 732 733 2444
t 725 792 2444 733
t 725 2444 784 2446
t 725 784 2444 792
t 794 1747 786 1935
t 727 794 786 1935
t 727 795 735 728
t 727 728 1922 795
t 727 1630 735 1941
t 726 794 793 1941
t 727 794 726 1941
t 728 2448 736 729
t 728 729 2449 2448
t 728 735 736 795
t 728 795 787 1922
t 729 2456 737 730
t 729 730 1933 2456
t 729 736 737 2450
t 729 2456 2450 737
t 729 2448 1933 2449
t 729 1933 2448 796
t 730 1939 1626 731
t 730 731 1932 1939
t 730 737 738 2456
t 730 1939 2456 738
t 722 1932 1933 730
t 730 1932 1933 797
t 731 2455 739 732
t 731 1626 739 1939
t 731 1932 1939 798
t 732 799 740 733
t 732 733 2444 799
t 732 739 740 2455
t 732 799 2455 740
t 733 807 740 741
t 733 799 792 2444
t 733 792 799 800
t 734 1931 742 735
t 734 735 1941 1931
t 735 742 743 1931
t 735 1941 1931 802
t 736 1914 744 1544
t 737 1930 745 738
t 736 2450 1914 737
t 737 1930 1914 745
t 737 2456 2450 804
t 738 739 1939 1928
t 738 745 746 1930
t 738 1939 2456 805
t 739 746 747 1928
t 739 1939 1928 806
t 740 747 748 1918
t 741 748 749 2439
t 742 2443 750 743
t 742 743 1931 2443
t 743 2443 751 744
t 743 750 751 2443
t 743 1931 2443 810
t 744 2445 752 745
t 744 751 752 2443
t 744 2445 2443 752
t 745 2441 753 746
t 745 812 2441 813
t 745 752 753 2445
t 745 2441 2445 753
t 745 1930 1914 812
t 746 821 754 747
t 746 747 1928 813
t 746 753 754 2441
t 746 821 2441 754
t 747 1928 813 814
t 748 2439 756 749
t 748 755 756 1895
t 749 756 757 2439
t 749 741 2439 816
t 751 752 2443 818
t 752 753 2445 819
t 752 818 2445 2443
t 752 2445 818 819
t 753 754 2441 820
t 753 819 2441 2445
t 753 2441 819 820
t 754 755 747 822
t 754 820 821 2441
t 756 757 2439 1334
t 757 2439 1334 824
t 760 1759 1938 761
t 761 834 770 762
t 761 1938 770 1759
t 762 770 771 834
t 762 827 834 771
t 763 1758 772 764
t 763 771 772 2358
t 763 1758 828 772
t 764 829 773 765
t 764 772 773 1758
t 764 829 1758 773
t 765 1756 774 766
t 765 773 774 837
t 766 2320 775 767
t 766 774 775 1756
t 766 831 1756 775
t 767 775 776 2320
t 769 1754 777 770
t 770 834 778 771
t 770 777 778 1754
t 771 2358 779 772
t 771 778 779 834
t 771 835 834 779
t 772 1751 780 773
t 1758 829 836 837
t 772 779 780 2358
t 772 1751 836 780
t 772 1758 828 836
t 773 1748 781 774
t 773 780 781 1751
t 773 829 1758 837
t 772 1751 1758 836
t 774 839 782 775
t 774 775 1756 839
t 774 781 782 1748
t 775 2320 783 776
t 775 782 783 839
t 775 839 831 1756
t 776 783 784 2320
t 776 840 2320 784
t 777 2357 2451 778
t 778 2357 786 779
t 778 779 834 842
t 778 2451 786 2357
t 779 851 787 780
t 779 780 2358 844
t 779 786 787 2357
t 779 851 2357 787
t 779 842 835 834
t 779 835 842 843
t 780 1615 788 781
t 780 781 1751 1615
t 780 787 788 851
t 780 1615 851 788
t 780 844 1751 836
t 781 853 789 782
t 781 788 789 1615
t 781 853 1615 789
t 781 1751 1615 845
t 783 782 1567 846
t 782 789 790 853
t 783 790 1567 782
t 783 2319 791 784
t 783 784 2320 2319
t 783 790 791 1567
t 784 791 792 2319
t 784 848 2319 792
t 784 2319 840 2320
t 784 840 2319 848
t 785 1747 793 1935
t 786 1746 1922 787
t 786 787 2357 1746
t 1935 793 794 1747
t 787 851 795 788
t 787 1922 795 1746
t 787 851 1746 795
t 787 1746 851 2357
t 788 789 1615 1743
t 788 795 796 2356
t 788 1615 851 852
t 789 861 797 790
t 796 1933 1743 797
t 789 861 1743 797
t 789 1743 853 1615
t 790 2381 798 791
t 790 791 1567 2381
t 790 797 798 861
t 790 862 861 798
t 782 846 853 854
t 791 2318 799 792
t 791 792 2319 2318
t 791 798 799 2381
t 791 1567 2381 855
t 792 799 800 2318
t 792 856 2318 800
t 792 2318 848 2319
t 792 848 2318 856
t 793 1742 1941 794
t 894 2011 75 1923
t 794 859 802 795
t 794 795 1746 859
t 794 1941 802 1742
t 794 859 858 802
t 795 2356 803 796
t 795 802 803 859
t 795 859 851 1746
t 796 1739 804 797
t 796 797 1743 1739
t 796 803 804 2356
t 796 1739 2356 804
t 806 861 1739 869
t 797 804 805 1739
t 805 806 1739 869
t 797 1739 861 1743
t 798 2381 806 799
t 790 854 861 862
t 799 864 807 800
t 799 800 2318 864
t 799 863 806 807
t 1923 964 2011 75
t 800 864 856 2318
t 801 1738 1931 802
t 1970 1923 964 2011
t 802 1931 810 1738
t 802 859 858 866
t 803 2355 811 1914
t 803 804 2356 2355
t 803 810 811 1611
t 804 2379 812 805
t 803 2355 1914 804
t 804 2379 1566 812
t 804 2355 1739 2356
t 804 1739 2355 868
t 805 2379 813 806
t 805 812 813 2379
t 798 797 806 861
t 806 813 814 2379
t 807 814 815 1610
t 807 863 806 870
t 807 815 816 1512
t 809 2305 817 810
t 809 810 1738 2305
t 810 2305 818 811
t 810 817 818 2305
t 810 1738 2305 873
t 811 818 819 2305
t 812 2313 821 813
t 812 819 820 2317
t 813 2313 821 814
t 813 2379 2313 814
t 812 820 821 2317
t 812 2313 2317 821
t 814 2307 822 815
t 814 821 822 2313
t 814 2307 2313 822
t 815 2316 823 816
t 815 822 823 2307
t 816 823 824 2316
t 817 818 2305 880
t 1612 1290 758 580
t 818 819 2305 881
t 818 2305 880 881
t 819 820 2317 883
t 820 821 2317 883
t 1071 2149 2145 702
t 821 822 2313 884
t 1772 2149 1071 702
t 821 883 2313 2317
t 821 2313 883 884
t 822 884 2307 2313
t 822 2307 884 885
t 1080 2134 2130 461
t 1492 2134 1080 461
t 825 1732 1759 826
t 826 890 834 827
t 826 1759 834 1732
t 826 897 1732 834
t 2153 832 2157 759
t 827 2336 835 828
t 827 834 835 890
t 834 890 897 835
t 828 1729 836 829
t 48 1092 1107 24
t 828 835 836 2336
t 828 1729 891 836
t 56 1107 1116 24
t 829 1730 837 830
t 1107 56 48 24
t 829 836 837 1729
t 829 1730 1729 837
t 1030 1407 768 1508
t 830 837 838 1730
t 831 2315 839 832
t 831 838 839 1728
t 831 902 1728 839
t 768 1508 1037 618
t 832 839 840 2315
t 832 903 2315 840
t 833 1726 1754 834
t 768 1407 1037 1508
t 834 897 842 835
t 834 1754 842 1726
t 835 2336 843 836
t 835 842 843 897
t 835 898 897 843
t 835 890 897 898
t 836 1725 844 837
t 836 843 844 2336
t 836 1725 899 844
t 836 1729 891 899
t 837 908 845 838
t 837 838 900 908
t 837 844 845 1725
t 837 908 1725 845
t 837 1730 1729 900
t 838 845 846 908
t 838 900 908 901
t 839 2315 847 840
t 840 847 848 2315
t 840 903 2315 848
t 841 2352 850 842
t 842 2352 851 843
t 842 843 897 905
t 841 849 850 2352
t 843 2351 851 844
t 843 844 2336 907
t 842 850 851 2352
t 843 2351 2352 851
t 843 905 898 897
t 843 898 905 906
t 844 907 852 845
t 844 845 1725 907
t 844 851 852 2351
t 844 907 2351 852
t 844 907 1725 899
t 845 908 853 846
t 845 852 853 908
t 845 907 908 1725
t 846 853 854 908
t 847 854 855 1563
t 848 855 856 918
t 848 919 918 856
t 849 1720 1747 850
t 849 850 912 1720
t 850 1724 1746 851
t 850 851 2352 1724
t 850 1747 858 1720
t 850 1724 1720 858
t 850 912 1720 913
t 851 1746 859 1724
t 851 852 1724 859
t 851 1724 2351 2352
t 852 1719 860 853
t 853 924 861 854
t 853 854 908 916
t 853 860 861 1719
t 853 924 1719 861
t 854 1717 862 855
t 854 855 1563 1717
t 854 861 862 924
t 855 918 863 856
t 855 862 863 1717
t 855 918 1717 863
t 855 1563 1717 918
t 856 863 864 918
t 856 919 918 864
t 857 1716 1742 858
t 858 921 866 859
t 858 859 1724 921
t 858 1742 866 1716
t 858 921 1716 866
t 858 1724 1720 921
t 859 923 867 860
t 859 860 852 923
t 859 866 867 921
t 859 922 921 867
t 859 921 922 1724
t 859 852 1724 922
t 860 1714 1739 861
t 860 861 1719 1714
t 860 923 867 868
t 860 923 1719 852
t 861 1715 869 862
t 861 862 924 1715
t 861 1739 869 1714
t 861 1714 924 1719
t 862 926 869 863
t 862 863 1717 926
t 862 926 925 869
t 862 924 1715 925
t 863 927 870 864
t 863 864 918 927
t 863 869 870 926
t 863 926 918 1717
t 864 870 871 927
t 864 927 919 918
t 865 1713 1738 866
t 866 1604 873 867
t 866 1738 873 1713
t 866 921 1716 1184
t 867 873 874 1604
t 867 929 922 921
t 868 2376 876 869
t 868 869 1714 2376
t 868 1566 875 1561
t 868 2376 1561 875
t 868 923 867 930
t 868 875 876 2376
t 869 876 877 1712
t 869 926 925 932
t 870 933 878 871
t 870 871 927 933
t 870 877 878 939
t 871 878 879 2296
t 872 141 2305 873
t 872 873 1713 141
t 873 2312 881 874
t 873 2305 881 141
t 874 2311 882 875
t 874 881 882 2312
t 874 2311 2312 882
t 1982 996 990 808
t 875 2310 883 876
t 875 882 883 2311
t 875 2310 2311 883
t 875 2376 1561 937
t 876 938 884 877
t 876 877 1712 938
t 876 883 884 2310
t 876 938 2310 884
t 877 884 885 938
t 877 1712 938 939
t 878 2296 886 879
t 878 885 886 939
t 879 886 887 2296
t 879 2256 2296 887
t 880 881 141 942
t 881 882 2312 943
t 881 2312 942 943
t 882 883 2311 944
t 882 943 2311 2312
t 882 2311 943 944
t 883 944 2310 2311
t 883 2310 944 945
t 887 2256 2296 949
t 888 1908 896 889
t 889 2435 897 890
t 889 896 897 1908
t 889 2435 1908 897
t 890 2429 898 891
t 890 897 898 2435
t 890 952 2435 898
t 891 1907 899 892
t 891 898 899 2429
t 892 1906 900 893
t 892 899 900 1907
t 892 1906 1907 900
t 831 1728 902 1015
t 893 900 901 1906
t 894 902 903 1851
t 894 75 1851 903
t 896 1888 904 897
t 897 2435 905 898
t 897 904 905 1888
t 898 2429 906 899
t 898 905 906 2435
t 898 959 2435 906
t 899 1887 1725 900
t 899 906 907 2429
t 899 1887 2429 907
t 900 1886 908 901
t 900 1725 908 1887
t 900 1886 1887 908
t 900 1906 1907 961
t 901 1869 909 902
t 901 908 909 1886
t 901 1869 1886 909
t 902 1849 910 903
t 902 909 910 1869
t 902 1849 1869 910
t 903 910 911 1849
t 903 964 970 1969
t 903 75 1851 964
t 904 2428 913 905
t 905 2428 913 906
t 905 906 2435 2428
t 904 912 913 2428
t 906 2427 914 907
t 906 907 2429 2427
t 906 913 914 2428
t 906 966 2428 914
t 906 2428 966 2435
t 906 966 959 2435
t 907 1870 915 908
t 907 908 1887 1870
t 907 914 915 2427
t 907 1870 2427 915
t 907 2427 1887 2429
t 908 1868 916 909
t 908 909 1886 1868
t 908 915 916 1870
t 908 1868 1009 916
t 908 1008 1886 1887
t 908 1886 2205 1868
t 909 1861 917 910
t 909 916 917 1868
t 909 968 1869 1886
t 910 917 918 1861
t 910 1849 1869 969
t 911 918 919 975
t 911 976 975 919
t 912 971 920 913
t 912 913 2428 971
t 913 2438 921 914
t 913 914 2428 1006
t 913 920 921 1013
t 913 2428 971 1013
t 914 2431 922 915
t 914 921 922 2438
t 914 1006 966 2428
t 915 973 923 916
t 915 922 923 2431
t 915 973 2431 923
t 916 1904 924 917
t 916 917 1868 1007
t 916 923 924 973
t 916 979 973 924
t 916 1868 1009 1007
t 917 1882 925 918
t 917 924 925 1904
t 917 1882 980 925
t 918 975 927 919
t 918 925 926 1882
t 918 926 927 975
t 919 976 975 927
t 920 11 928 921
t 920 921 1013 11
t 921 2438 929 922
t 921 928 1184 9
t 922 2431 929 923
t 923 1900 930 924
t 923 978 929 930
t 923 973 2431 978
t 924 1899 1715 925
t 924 930 931 1900
t 924 1899 1900 931
t 925 1715 932 1899
t 1881 980 1899 987
t 926 981 933 927
t 926 927 975 981
t 926 932 933 1881
t 926 981 1881 933
t 927 989 933 934
t 927 981 976 975
t 927 976 981 982
t 929 1866 1184 935
t 929 977 2438 984
t 929 935 936 1866
t 930 2433 938 931
t 930 1561 937 1860
t 930 2433 1860 937
t 930 978 929 985
t 931 2433 938 932
t 930 937 938 2433
t 932 2436 939 933
t 932 938 939 2436
t 932 1881 1899 987
t 933 939 940 2436
t 933 981 1881 988
t 935 2423 943 936
t 935 942 943 2423
t 935 990 991 58
t 936 2424 944 937
t 936 943 944 2423
t 936 2424 2423 944
t 937 2424 945 938
t 937 938 2433 993
t 937 944 945 2424
t 937 2433 1860 993
t 938 2425 946 939
t 938 945 946 2425
t 938 2433 993 994
t 939 947 995 2202
t 939 946 947 2425
t 939 2202 2425 947
t 940 939 948 995
t 941 948 949 1767
t 942 943 2423 2249
t 943 2423 2249 956
t 2288 895 1629 768
t 944 945 2424 998
t 2288 1702 1629 895
t 944 997 2424 2423
t 945 946 2425 999
t 946 947 2425 999
t 947 999 2202 2425
t 947 2202 999 1000
t 2249 943 956 67
t 1301 1296 1258 244
t 1300 315 244 252
t 1301 1300 315 244
t 967 1565 1455 1327
t 1455 566 967 506
t 1565 1455 566 967
t 1889 1344 962 963
t 369 1016 377 974
t 2040 1396 1349 1016
t 438 1449 972 1399
t 438 972 446 1399
t 1399 506 972 446
t 1455 1449 1399 972
t 1455 1399 506 972
t 328 1356 1318 1366
t 1357 329 328 390
t 1366 1357 328 390
t 974 1349 1301 1342
t 1348 377 974 315
t 1349 1348 377 974
t 34 1560 41 983
t 983 41 1151 1560
t 29 34 983 91
t 0 1024 1351 1108
t 1 1101 1028 2106
t 2 1126 1276 2001
t 2 1042 2069 2001
t 3 2108 1034 1388
t 4 950 1105 1039
t 32 1562 38 1003
t 1003 38 1159 1562
t 1088 38 1003 32
t 1159 1088 38 1003
t 25 32 1003 2378
t 1003 1076 32 25
t 952 1004 1317 1012
t 963 1343 969 1155
t 963 1343 1005 1344
t 22 2076 23 1404
t 22 1069 1404 23
t 18 1345 1064 1168
t 913 914 1006 2438
t 914 1173 966 1006
t 1006 2028 1173 966
t 916 917 1007 1904
t 1309 975 980 1861
t 908 1870 1008 1887
t 908 2205 1009 1868
t 25 1078 1076 1065
t 2015 2205 2032 1008
t 30 2079 1081 1068
t 31 2080 1083 2082
t 32 1075 1076 1088
t 929 984 1184 1866
t 1866 1305 9 991
t 908 1009 1870 916
t 34 1079 1169 1086
t 908 1008 1870 1009
t 35 1093 1087 2081
t 2032 1009 973 1008
t 1158 85 31 1010
t 1010 31 32 1741
t 32 1075 31 1010
t 1287 971 1286 13
t 1287 971 1013 1286
t 42 1106 1094 1093
t 1090 47 1091 24
t 45 2204 1103 1190
t 46 1103 1091 1104
t 49 1117 1107 1106
t 917 980 1904 925
t 917 1007 1904 980
t 1308 980 979 1007
t 979 2049 980 1308
t 53 1114 1112 1103
t 913 2438 1013 921
t 913 1006 1013 2438
t 1341 977 1013 1006
t 1013 2438 977 1314
t 1341 1013 977 1314
t 61 1112 1954 1423
t 64 1123 1116 1132
t 27 33 1196 1736
t 66 2092 1124 1118
t 69 1128 1127 1121
t 70 1129 1128 1122
t 71 1130 1129 1123
t 1024 1268 1351 1108
t 31 1161 1051 1160
t 37 1160 2082 1166
t 43 1166 1096 1172
t 51 1172 2188 1175
t 66 1139 1178 1125
t 74 1140 2108 1034
t 73 1134 1146 1145
t 74 1035 1188 1146
t 1014 432 371 364
t 1347 1398 1014 1394
t 1347 370 1014 1398
t 100 1164 1171 1162
t 2020 1915 894 1015
t 691 1442 629 692
t 115 2035 1176 49
t 123 1216 2191 1176
t 920 11 971 1955
t 1016 2194 1349 1342
t 1396 1367 1016 424
t 139 2200 1189 1191
t 1018 430 424 1016
t 1017 1356 1366 2195
t 134 1142 1194 1193
t 1017 451 1416 1366
t 136 2233 1195 2034
t 1416 1048 450 1017
t 137 1195 2229 2033
t 1416 1017 450 451
t 1450 1445 1018 484
t 1031 491 484 1018
t 139 1188 1197 1225
t 1450 1018 1396 1449
t 80 1200 1150 1149
t 742 1718 1711 1019
t 83 1063 1203 1152
t 1020 1962 183 1214
t 1020 183 1962 1259
t 84 1203 2110 1379
t 85 1161 1044 1158
t 93 1161 1160 1210
t 1064 2072 261 18
t 261 1021 1075 1064
t 1064 261 1021 18
t 894 2020 1015 75
t 75 1209 1022 964
t 2020 1015 75 1022
t 198 1260 1227 1219
t 2007 964 1022 1209
t 132 1220 1181 1180
t 1024 77 1044 1023
t 1158 85 1010 1023
t 1044 1023 77 85
t 1021 1158 1023 1024
t 76 12 1528 1025
t 1474 76 1326 1025
t 12 1528 1025 1119
t 2025 1474 1326 1025
t 2177 1453 990 1027
t 58 990 1453 1027
t 1264 1111 1065 1077
t 1264 1111 1077 20
t 2074 1111 20 1150
t 215 1248 1247 1246
t 215 1246 2118 1248
t 159 1252 1328 1210
t 417 1444 142 1270
t 417 1270 470 1444
t 1792 471 470 478
t 260 1302 1271 1260
t 396 1425 1029 397
t 199 1261 1221 1220
t 1794 457 464 465
t 1030 768 618 1508
t 1031 1030 552 207
t 1031 545 552 1030
t 2231 1508 545 1031
t 208 1244 2111 2117
t 210 1243 1245 2043
t 211 1283 1240 1245
t 223 1255 1250 1252
t 231 1255 1254 1295
t 300 1099 1098 2273
t 307 1098 974 244
t 323 1350 1311 1302
t 262 2120 1262 1261
t 326 1304 1280 1316
t 1029 1695 457 465
t 207 618 1030 552
t 272 1288 1320 1243
t 274 1322 1284 1283
t 277 1323 1324 1285
t 647 655 596 1036
t 1694 647 1036 655
t 8 990 1027 1982
t 691 1442 1589 629
t 363 1446 1342 1339
t 768 1037 1629 618
t 768 895 1629 1037
t 618 1058 1565 1037
t 385 1352 1359 1350
t 324 1353 1303 2120
t 389 1316 1356 16
t 391 1358 1405 1368
t 333 1331 1372 1320
t 335 2004 1382 1322
t 337 1374 1323 1333
t 332 1330 1336 2246
t 340 1386 1336 1335
t 416 1393 1395 1447
t 970 2170 2016 1041
t 356 1394 1338 1340
t 370 1347 1346 1397
t 2 1276 1042 2001
t 446 1399 1408 1352
t 59 1042 1943 2001
t 386 1400 1354 1353
t 452 1403 1417 1462
t 424 1445 1396 1047
t 1395 424 1047 1445
t 450 1048 1416 1460
t 394 1421 1381 1372
t 394 1380 1421 1372
t 1415 1048 450 1460
t 395 1381 1424 1332
t 400 1428 2130 1376
t 1204 1168 18 2072
t 401 1386 1392 1435
t 401 1435 1387 1386
t 469 1080 1443 2235
t 409 1439 1392 1338
t 2184 2183 1000 1049
t 2184 1050 1002 19
t 431 1454 1398 1397
t 439 1397 1401 1454
t 506 1455 1464 1399
t 1001 1956 1050 1049
t 447 1457 1401 1400
t 2184 1050 1001 1002
t 507 1467 1466 1456
t 508 1459 1469 1516
t 508 1459 1516 1467
t 512 1463 1519 1474
t 456 1478 1431 1421
t 456 1430 1478 1421
t 564 10 12 1052
t 455 1429 1437 2244
t 1052 623 10 1119
t 564 50 10 1052
t 1052 623 50 10
t 462 1435 1440 1493
t 462 1493 1437 1435
t 529 1547 1499 1492
t 566 1565 1520 1455
t 507 1514 1458 1457
t 567 1968 1522 507
t 568 1516 1526 2002
t 273 1321 1053 1320
t 286 1337 1335 1054
t 1055 948 1956 1957
t 515 1486 1534 1478
t 756 1727 1056 1373
t 520 2193 1538 1489
t 756 823 1373 1056
t 1877 823 1056 1819
t 687 1070 1019 1634
t 1001 1049 1050 2184
t 522 1045 1494 1493
t 2184 1000 1001 1049
t 1021 1158 2078 1010
t 596 1036 1558 1499
t 1021 1023 1158 1010
t 1010 2078 31 1158
t 618 1037 1565 1508
t 625 1058 1581 1565
t 567 1573 1515 1514
t 628 2263 1587 2003
t 982 1977 976 1057
t 1218 1433 976 2050
t 574 1540 1596 1534
t 576 1597 1541 1536
t 578 14 1297 2254
t 580 2038 270 1538
t 573 1539 1550 2241
t 581 1613 1550 1045
t 633 1605 1666 1596
t 1710 1058 678 1629
t 635 1667 1607 1597
t 639 2213 2012 1608
t 632 1603 1614 2242
t 640 1691 1614 1613
t 656 1617 1622 1698
t 749 1329 1733 1710
t 1060 1290 270 580
t 758 1290 1060 580
t 1231 864 1061 1865
t 1915 1902 1062 831
t 756 1727 1731 1056
t 696 1679 1749 1666
t 698 1750 2411 1667
t 703 1773 1692 1691
t 800 1857 1791 1788
t 734 1711 1786 1705
t 821 1808 1819 1875
t 760 1764 1762 1822
t 761 1764 1826 1749
t 1772 1071 710 702
t 1776 1071 1694 710
t 760 1762 1774 1838
t 769 1845 1774 1773
t 1306 1073 265 266
t 840 1441 1921 1848
t 1281 2030 1073 266
t 1280 1073 265 1306
t 1241 212 1074 148
t 1074 147 148 212
t 1074 147 212 1240
t 871 1865 1867 1791
t 825 1839 1838 1896
t 826 1839 1911 1826
t 830 1898 1902 1831
t 833 1845 841 1919
t 833 1919 1847 1845
t 865 1940 1934 1858
t 934 1325 1944 1942
t 941 2027 2256 1944
t 1492 1080 469 461
t 1233 1447 355 1339
t 1233 347 355 2391
t 1384 347 1233 2391
t 947 1950 1956 1989
t 888 1040 2158 1920
t 1043 2011 2161 5
t 896 1967 1920 1919
t 928 1934 1940 8
t 997 67 2180 956
t 1001 1956 1957 1050
t 957 1040 1971 2169
t 961 1998 2014 2000
t 964 1969 1970 2170
t 965 1971 1975 2171
t 970 1973 1969 1978
t 970 1041 2016 1418
t 971 1975 1979 2173
t 979 2055 986 1953
t 1983 2163 1095 1002
t 1095 2178 1983 1002
t 43 1096 1988 1172
t 2082 1186 43 1096
t 1355 388 16 1304
t 1098 1342 974 1301
t 1342 1296 1301 1098
t 1098 1016 369 974
t 1098 369 1016 1632
t 1339 1293 1099 293
t 1342 1293 1296 1099
t 293 355 1099 1339
t 1099 1339 363 1342
t 1339 363 355 1099
t 1287 2428 971 1100
t 2028 2009 2428 1100
t 1287 971 13 1100
t 1186 1988 1102 43
t 998 2180 2181 2065
t 1157 2110 2106 84
t 2026 1012 966 2028
t 1347 1394 2417 1340
t 1347 2417 301 1340
t 1340 2417 356 1394
t 1902 1915 2046 831
t 1902 893 831 2046
t 8 928 141 1940
t 141 1940 1713 872
t 618 625 566 1565
t 1449 1396 2040 1018
t 1449 2040 438 1018
t 1098 1099 1342 1296
t 1098 1099 363 1342
t 1204 79 78 18
t 1109 1345 18 1204
t 26 1065 1109 1111
t 141 942 990 1982
t 141 990 8 1982
t 1099 1293 2273 293
t 1099 1293 1296 2273
t 1098 1296 244 2273
t 1017 1356 328 1366
t 1356 328 389 1017
t 389 1017 450 1048
t 1016 1349 974 1342
t 1098 1342 1016 974
t 1342 1016 363 1098
t 363 424 1016 1367
t 438 1449 1110 972
t 1018 1110 1706 438
t 1455 1449 972 1110
t 491 207 1110 1018
t 1110 1327 1455 1449
t 1111 1149 2074 2073
t 223 1295 286 1054
t 294 1960 286 1295
t 210 273 1283 1053
t 274 1961 1283 273
t 1054 279 1250 1291
t 286 1335 279 1054
t 1053 1320 1243 272
t 273 1320 1053 272
t 2252 1328 151 1249
t 159 1249 151 1328
t 145 1239 1385 144
t 1105 950 1910 1039
t 951 1039 1910 950
t 892 1959 1038 891
t 892 1959 1898 1038
t 886 887 1055 1880
t 1880 887 1055 1951
t 1335 1337 340 1386
t 348 1386 340 1337
t 1320 333 1321 1372
t 334 1372 1321 333
t 1133 69 1193 2022
t 30 2018 35 2021
t 200 201 2104 1193
t 2105 1164 158 1247
t 2105 1164 166 158
t 934 1325 941 1944
t 2066 998 999 2181
t 1347 1394 1014 2417
t 2417 1014 356 1394
t 1394 417 1014 356
t 1150 1765 1109 20
t 1149 80 79 1109
t 1111 1109 20 1150
t 2273 1099 1098 1296
t 1574 571 1119 630
t 1119 630 692 1442
t 1449 1110 1018 438
t 1018 207 1110 1449
t 140 1558 895 1407
t 1558 895 663 140
t 1990 1558 895 663
t 10 2189 622 629
t 10 629 623 2189
t 1490 691 629 623
t 2189 622 629 1490
t 2189 623 1490 629
t 941 1148 940 1767
t 1265 1002 995 1148
t 1265 2178 1002 1148
t 1151 2308 48 42
t 983 1151 42 2308
t 1094 48 42 1151
t 29 983 35 1510
t 2016 1418 1155 969
t 2208 963 2007 1005
t 907 1887 2427 1870
t 2207 973 966 1008
t 2207 973 1008 2032
t 1159 2350 45 39
t 1003 1159 39 2350
t 39 1085 1159 1003
t 2204 45 39 1159
t 25 1003 33 1564
t 33 1078 1003 25
t 1085 1078 1003 33
t 1218 1433 2050 2192
t 2165 953 1167 1963
t 1151 1169 41 983
t 1151 1169 1092 41
t 29 1067 1081 1170
t 983 1170 34 29
t 983 34 1170 1169
t 914 915 2427 1173
t 915 1173 973 2427
t 914 977 1173 1006
t 1006 1341 977 1173
t 1173 1341 977 973
t 1174 2359 32 25
t 1174 1010 32 1741
t 32 1075 1010 1174
t 32 1076 1075 1174
t 1076 32 25 1174
t 504 12 565 1052
t 504 2371 1052 565
t 558 2371 565 50
t 2054 1177 977 1314
t 2054 977 1177 2053
t 452 504 1179 512
t 504 1179 512 2302
t 1179 512 2302 76
t 943 2423 956 944
t 2064 997 956 991
t 2064 956 997 2180
t 1151 1092 1182 41
t 48 1092 24 1182
t 24 56 48 1182
t 866 1604 1713 873
t 873 935 1604 1713
t 1996 1185 2166 1965
t 1186 1988 43 1096
t 952 1004 1012 1995
t 952 1012 959 1995
t 45 1190 1103 1112
t 1102 44 1112 1190
t 1112 1190 44 45
t 1196 97 40 34
t 34 1079 1196 27
t 34 1079 1086 1196
t 1086 40 34 1196
t 1205 2126 1378 339
t 1384 2126 1205 339
t 2208 1966 1015 955
t 1015 2208 1022 1966
t 1966 955 2208 1999
t 1022 1966 2208 1999
t 1455 1110 972 967
t 1455 972 506 967
t 967 1327 1455 1110
t 974 1098 1301 244
t 1301 244 315 974
t 1589 174 1206 629
t 1366 328 1017 390
t 974 1016 377 1349
t 2011 1209 1043 75
t 75 1043 1022 1209
t 1141 1209 1022 1043
t 5 2011 1209 1043
t 5 1043 1209 1141
t 831 1915 1015 894
t 1014 370 431 1398
t 1347 370 308 301
t 1347 1014 370 2417
t 1347 370 301 2417
t 2259 140 2347 545
t 596 655 140 1558
t 1558 663 655 140
t 1450 1031 484 1018
t 484 545 1031 2231
t 1396 1018 424 1016
t 424 484 1018 1445
t 1217 27 1077 1079
t 982 1057 976 1218
t 2175 1057 1218 1165
t 1289 982 976 1218
t 1647 1058 686 1710
t 1721 2024 1638 689
t 1721 2024 689 1722
t 1694 1036 1226 655
t 1694 655 1226 1701
t 1612 1547 1036 588
t 647 1036 596 588
t 1224 2031 138 1225
t 1061 927 864 1231
t 1977 927 1231 1980
t 1356 1318 1306 328
t 1256 1212 1232 182
t 1256 182 1232 1258
t 1384 1292 1233 347
t 1235 399 1428 2220
t 1236 276 1323 1333
t 2042 1911 1826 827
t 2042 827 891 890
t 1038 2042 1828 828
t 2044 167 2234 1254
t 2043 146 1240 211
t 928 1934 8 1238
t 1238 920 1979 1981
t 8 141 58 990
t 18 1345 1168 1204
t 2178 1984 1148 1163
t 1980 1977 982 1057
t 2175 1057 982 1218
t 2057 2175 982 1218
t 1555 604 597 2037
t 1555 597 1552 2037
t 1710 686 678 1058
t 1977 927 1061 1231
t 1977 927 919 1061
t 2074 20 1264 1059
t 2074 1111 1065 1264
t 2074 1111 1264 20
t 1265 2178 1279 1002
t 1181 1180 1042 132
t 1042 1180 2001 132
t 1024 77 1023 1268
t 1021 1023 1268 1024
t 1021 1351 1024 1268
t 1040 1992 1269 2169
t 142 485 1270 1444
t 1444 538 485 1270
t 1029 1695 458 1432
t 517 457 465 516
t 1029 1432 457 1695
t 996 1272 2179 2063
t 1276 1126 1943 2001
t 1276 1943 1042 2001
t 76 1528 12 1277
t 511 76 1277 1528
t 1277 570 1528 174
t 511 1277 570 1528
t 1031 1508 1030 207
t 1031 545 1030 1508
t 207 618 1508 1030
t 2184 1002 1279 19
t 1111 2073 1204 1149
t 1204 1065 1168 2073
t 1065 2073 1204 1111
t 1955 1981 11 2051
t 2051 1286 13 2052
t 1011 1286 2052 13
t 1011 1286 1314 2052
t 1286 11 1314 2052
t 2028 1287 1011 1100
t 2028 1341 1287 1006
t 2028 2428 1287 1100
t 2028 1006 1287 2428
t 2028 1287 1341 1011
t 2059 1305 991 36
t 36 2064 991 2059
t 2057 982 1289 1218
t 2057 982 981 1289
t 2199 2203 1289 981
t 2199 1218 1289 2050
t 1113 60 1126 1120
t 1113 1126 60 59
t 1085 2204 39 1159
t 1085 2204 1088 1103
t 1085 39 2204 1103
t 1088 2204 1159 38
t 1170 1067 1079 28
t 1079 34 1170 28
t 1290 1608 2012 270
t 1612 2085 758 1290
t 1060 2145 270 1290
t 758 2145 1060 1290
t 1612 2085 1290 639
t 2012 1608 1290 639
t 1149 79 1204 1109
t 79 1154 1149 1204
t 1612 1036 647 588
t 1511 553 15 1438
t 1438 611 553 15
t 578 14 1600 1297
t 1489 519 2193 1297
t 2193 1297 519 578
t 1993 950 957 1992
t 1993 1991 950 1992
t 993 2065 998 2066
t 993 2065 2066 2060
t 2062 2057 988 1390
t 2062 2057 989 988
t 2054 1314 1305 2052
t 1305 2059 984 2054
t 2054 2059 2052 1305
t 1981 2176 58 2051
t 36 1305 991 58
t 969 1418 970 2016
t 1343 2015 1005 1344
t 962 2015 968 1343
t 962 2015 1343 1344
t 1998 953 960 1995
t 2036 1009 1308 2032
t 1308 2049 2036 2032
t 1308 2049 1309 2036
t 2049 1309 2036 2048
t 2056 1309 980 2049
t 2056 2048 1309 2049
t 2014 2015 2032 1008
t 2026 2032 1008 2014
t 968 1309 975 1343
t 968 2036 1343 2015
t 1309 975 1343 2048
t 961 2014 2015 2000
t 954 1998 961 2000
t 954 1998 2000 1996
t 986 2060 994 1312
t 986 2084 1312 2055
t 2202 1312 994 2060
t 1391 2055 1312 2084
t 2205 1009 2032 1008
t 963 1005 2016 2007
t 963 2016 964 2007
t 957 2009 958 1993
t 2054 1011 1314 2052
t 958 2009 966 1012
t 1993 958 1012 2009
t 1317 1004 1993 1012
t 1317 1991 1993 1004
t 951 1993 958 1317
t 951 1993 1317 1991
t 70 1122 1121 62
t 69 1121 1120 61
t 42 1094 1151 1087
t 30 1081 29 1069
t 30 1068 1081 1069
t 1087 1092 1094 1151
t 983 1169 41 34
t 1087 1169 1092 1151
t 1076 1088 1003 32
t 1159 1085 1088 1003
t 1085 2204 1159 1088
t 68 1120 1126 60
t 38 1088 1083 32
t 38 1088 1089 1083
t 1081 35 983 1087
t 1081 983 1169 1087
t 1081 1170 983 29
t 1081 983 1170 1169
t 1003 1078 1076 25
t 1085 1078 1076 1003
t 1075 1010 1064 1021
t 1174 1075 1010 1064
t 1174 1076 1075 1064
t 72 1132 1123 64
t 71 1123 1122 63
t 2224 1118 57 1107
t 49 1107 48 1094
t 64 1116 1115 56
t 64 1116 1123 1115
t 1114 55 2185 1115
t 63 1115 2185 55
t 63 1115 1122 2185
t 1090 41 1182 1092
t 1090 1182 24 1092
t 1196 1084 40 33
t 1086 40 1084 1091
t 1079 1196 1427 1086
t 1077 27 1196 1079
t 1077 1196 1427 1079
t 52 1113 51 1102
t 52 1112 1113 1102
t 44 1102 43 1089
t 1059 21 1217 1067
t 28 1067 1217 21
t 28 1067 1079 1217
t 934 1980 1325 1942
t 1326 76 1528 1025
t 159 1252 1249 1328
t 749 741 1329 1710
t 749 741 816 1329
t 1867 1329 816 1791
t 1324 1285 1072 277
t 1538 1434 1066 520
t 664 1622 15 1705
t 1624 611 1438 15
t 1600 1297 2193 578
t 1596 1534 1046 574
t 1203 1152 17 83
t 636 1607 1668 14
t 1241 1202 1063 148
t 82 1097 21 1761
t 81 1150 1201 1097
t 1519 572 1365 1383
t 1612 639 647 1694
t 1071 1612 1694 639
t 1074 212 1284 1240
t 1384 1370 408 1393
t 1080 1384 1393 1370
t 1223 203 1371 2030
t 1073 2030 1223 1371
t 1731 757 1334 1744
t 1820 1731 1334 1744
t 1109 1111 1204 1149
t 1694 1612 1036 647
t 452 1179 1462 1417
t 1474 1179 1417 1462
t 1179 1462 1474 76
t 2062 1265 995 1148
t 995 2068 1265 2062
t 1006 2028 1341 1173
t 1173 2207 1341 973
t 2047 973 1341 2207
t 1177 2028 1341 1011
t 1177 1341 2028 2047
t 2036 1309 1308 1007
t 968 2036 1309 1343
t 2036 1309 1343 2048
t 2036 1309 1007 968
t 1173 2028 1341 2207
t 2047 2207 1341 2028
t 966 2028 1173 2207
t 966 2028 2207 2026
t 2047 2026 2207 2028
t 1155 1005 1343 2015
t 1155 2036 2015 1343
t 1344 2015 1005 2000
t 955 2000 962 1344
t 955 2000 1344 1999
t 1999 1344 1005 2000
t 962 2015 1344 2000
t 2052 1305 58 11
t 2052 1305 11 1314
t 2059 2052 1305 36
t 36 2052 1305 58
t 2014 2015 1008 961
t 2164 951 1317 1991
t 1004 1991 2164 1317
t 966 2028 1012 2009
t 1993 958 1317 1012
t 1109 1065 1345 1111
t 1345 1065 1168 1204
t 1065 1204 1345 1111
t 25 1065 1345 1109
t 25 1065 1076 1345
t 1094 1092 48 1151
t 1087 1169 1151 983
t 1085 1088 1003 1076
t 1174 1076 1064 1345
t 1076 1174 25 1345
t 1059 1217 21 20
t 1086 1084 40 1196
t 1115 1104 55 24
t 56 1115 55 24
t 261 2072 1351 1135
t 0 1351 2072 1108
t 1108 1135 1351 2072
t 1108 1268 1351 1135
t 0 2072 1351 261
t 1167 1004 2164 952
t 1442 1119 629 692
t 1436 1801 1795 809
t 1062 831 1766 1769
t 278 1324 1072 277
t 278 1324 1377 1072
t 521 1538 1066 520
t 521 1538 1375 1066
t 84 1203 17 83
t 84 1203 1379 17
t 671 1705 664 15
t 637 1668 14 636
t 619 1624 611 1438
t 589 1613 581 1045
t 579 1600 2193 578
t 1202 1097 82 81
t 149 1241 1063 148
t 575 1596 1046 574
t 1911 952 1959 1963
t 904 1967 896 1919
t 904 1967 1919 1924
t 417 409 1338 1439
t 417 1394 1439 1338
t 396 1424 1332 395
t 396 1332 1424 1382
t 2251 1360 718 2196
t 1622 1705 1360 2196
t 726 1783 718 1360
t 726 1783 1360 1705
t 2253 2197 1667 2411
t 1607 1361 1668 2197
t 699 1752 1361 698
t 699 1752 1668 1361
t 1241 1284 1074 212
t 1241 1284 212 213
t 1119 630 1442 1574
t 618 1058 625 1565
t 1612 1071 2085 639
t 571 572 1365 1519
t 132 133 1222 1183
t 1207 1156 84 1157
t 1207 1156 92 84
t 2195 1356 1048 1017
t 389 1017 1048 1356
t 16 389 1048 1356
t 2194 1342 1016 1367
t 363 1367 1016 1342
t 1446 1367 363 1342
t 1367 1047 2194 1342
t 1446 1367 1342 1047
t 355 1447 363 1339
t 1447 1339 1446 363
t 215 1248 1292 1247
t 215 1292 222 1247
t 400 1370 408 1384
t 1384 2130 400 1370
t 1384 1080 2130 1370
t 202 203 1371 1223
t 1234 202 1371 1223
t 1234 1223 1371 1073
t 199 200 1263 1222
t 1247 1207 150 1246
t 1247 1207 158 150
t 756 757 1334 1731
t 756 1334 1056 1731
t 1820 1334 1731 1056
t 755 756 1373 1727
t 755 1373 1740 1727
t 1305 9 58 11
t 1305 9 11 984
t 521 1375 2134 1066
t 2134 521 2138 1375
t 278 1377 1997 1072
t 1997 278 2122 1377
t 84 1379 2110 2106
t 84 1379 2106 17
t 1593 1383 1365 1594
t 145 1239 2043 1385
t 1744 757 1334 2269
t 1820 1744 1334 2269
t 1022 2167 1966 1999
t 2007 1999 1141 1022
t 1388 74 1035 1188
t 2108 1188 74 1388
t 56 1116 1115 24
t 975 1309 981 1389
t 1309 975 2048 1389
t 2057 1389 981 2056
t 2062 1390 988 2061
t 2061 1391 1312 2060
t 2061 1391 987 1312
t 1963 1167 952 953
t 67 944 997 1986
t 67 1946 944 1986
t 504 76 12 1277
t 511 504 1277 76
t 22 1069 1067 1404
t 1667 1666 1596 634
t 570 174 1206 1406
t 1589 1406 1587 1206
t 570 1527 1406 1206
t 1558 140 2259 1407
t 545 2259 140 1407
t 545 2259 1407 1504
t 2249 1409 1945 943
t 2249 1409 943 67
t 1945 1873 1816 881
t 1945 1873 881 1946
t 1412 485 142 1444
t 1412 485 1444 1500
t 1981 58 2176 1027
t 1100 965 971 2171
t 1100 2009 965 2171
t 2179 1985 996 956
t 1272 2179 1985 996
t 2078 31 1051 2080
t 1175 1181 1042 59
t 1175 59 124 1181
t 2074 1111 1150 1149
t 1149 80 1109 1150
t 1111 1109 1150 1149
t 1970 2011 1209 5
t 1970 5 1209 2168
t 1418 2048 1155 969
t 978 1422 1420 2053
t 1420 978 973 1308
t 1420 973 2032 1308
t 1177 1341 2047 2053
t 985 1422 2058 2060
t 61 1423 1954 1121
t 1120 61 1121 1423
t 1264 20 1077 1217
t 1427 1196 1084 1086
t 1077 1196 2186 1427
t 1091 47 1104 24
t 1102 44 1190 1089
t 1418 1433 976 970
t 2050 1041 2192 1433
t 1418 1433 970 1041
t 1871 1994 872 1436
t 626 1634 619 2017
t 626 1634 2017 1573
t 2020 1043 75 2011
t 2020 1043 1022 75
t 2020 2161 1043 2011
t 840 2262 1921 1441
t 2019 1842 1441 840
t 618 1629 1058 1037
t 2365 389 1048 16
t 2383 1367 363 1446
t 1395 1367 1446 1047
t 1233 2391 355 1447
t 750 1718 1070 1798
t 2147 1798 750 1070
t 68 69 1193 1133
t 68 1193 1183 1133
t 30 1156 2018 1082
t 30 2018 2021 1082
t 1028 1157 2106 23
t 1156 1028 30 23
t 1028 23 1156 1157
t 1280 1234 1371 1073
t 1263 200 2104 1193
t 971 2171 1975 2173
t 268 259 1461 330
t 2272 330 323 322
t 256 319 1470 318
t 625 686 1491 685
t 259 1481 1461 322
t 267 1461 321 329
t 1461 329 322 321
t 255 318 1482 254
t 2271 325 318 317
t 260 259 2272 252
t 252 315 251 2272
t 259 2272 1481 322
t 2272 322 315 314
t 2281 2273 1473 300
t 2273 300 293 292
t 229 285 1484 292
t 2271 324 317 316
t 234 233 296 2274
t 234 289 2274 296
t 686 749 1487 685
t 2285 756 749 748
t 243 2273 2281 307
t 571 1468 1495 630
t 1468 630 625 624
t 255 1470 1482 318
t 1470 318 1782 310
t 251 307 314 315
t 244 315 307 251
t 1862 1473 236 237
t 229 292 1484 1473
t 236 1473 2277 299
t 1473 299 1784 291
t 225 288 287 2275
t 2275 295 2403 287
t 225 2274 281 288
t 2274 288 2405 281
t 1475 284 278 277
t 66 131 57 65
t 2298 138 131 130
t 512 1476 2302 571
t 1476 571 1468 565
t 886 878 939 948
t 2296 948 941 940
t 391 384 390 453
t 385 453 446 445
t 816 824 879 2316
t 824 879 2316 886
t 138 130 1513 205
t 131 206 198 197
t 127 194 1543 126
t 2284 201 194 193
t 682 745 1544 681
t 2299 752 745 744
t 623 685 684 692
t 621 681 1549 620
t 620 689 681 680
t 251 314 1498 1481
t 1481 321 314 313
t 563 622 1554 562
t 2301 628 622 621
t 1864 1482 254 255
t 247 310 309 1482
t 254 1482 2280 317
t 1482 1809 317 318
t 247 303 309 310
t 296 303 297 358
t 228 291 290 2277
t 2277 298 291 290
t 289 1785 297 1483
t 224 294 287 286
t 221 284 1505 1484
t 1484 291 284 283
t 224 281 1503 287
t 1485 281 274 273
t 2331 2294 2292 569
t 502 2368 1556 2294
t 509 2331 2292 569
t 2294 569 2301 562
t 62 2367 1559 2304
t 62 2304 1559 69
t 875 937 1561 874
t 2311 944 937 936
t 812 2379 1566 2317
t 2317 882 875 874
t 126 193 1570 125
t 2283 200 193 192
t 131 197 190 189
t 685 692 2285 747
t 692 2285 747 755
t 2285 755 748 747
t 681 744 1572 680
t 680 751 744 743
t 1491 1487 685 686
t 678 741 2287 1487
t 685 1487 1571 748
t 1487 748 741 740
t 544 536 543 603
t 2306 603 596 595
t 654 646 653 716
t 2289 716 710 709
t 107 99 1546 172
t 1490 690 683 682
t 1579 622 1490 682
t 1579 683 682 1490
t 620 687 680 679
t 624 1491 1548 685
t 1491 678 1487 686
t 610 677 2288 670
t 603 655 662 663
t 603 655 663 140
t 768 2288 663 610
t 2325 658 651 650
t 595 587 1553 654
t 2279 654 647 646
t 2279 646 639 638
t 2281 307 300 299
t 12 1119 1495 1052
t 1495 624 623 630
t 1119 1495 623 630
t 250 313 1524 320
t 249 312 242 248
t 1497 319 312 311
t 559 565 566 617
t 559 618 617 566
t 565 566 617 624
t 566 624 618 617
t 246 309 1525 2280
t 2280 316 309 308
t 1878 1498 250 251
t 243 307 2281 1498
t 1498 313 1810 306
t 239 309 1525 246
t 1501 303 302 309
t 1501 1812 296 295
t 2306 595 588 587
t 220 282 1531 1502
t 1502 289 1832 2405
t 217 280 1532 1503
t 1503 286 1833 279
t 220 1505 1530 283
t 1505 283 277 276
t 65 72 2298 2300
t 72 2298 2300 137
t 2298 137 130 129
t 217 1506 1532 280
t 1506 280 273 272
t 501 562 1595 500
t 2314 568 562 561
t 498 505 1507 565
t 1507 559 565 566
t 498 559 1507 967
t 967 566 559 1507
t 65 57 1599 130
t 57 130 123 122
t 483 476 1557 544
t 2309 544 537 536
t 476 529 1601 536
t 35 983 2308 1510
t 35 100 1510 2308
t 108 2291 2293 99
t 1560 2308 99 107
t 983 1560 2308 99
t 874 936 1604 873
t 2312 943 936 935
t 871 878 2296 933
t 871 934 933 2296
t 2296 940 934 933
t 847 839 846 910
t 2315 910 903 902
t 30 29 1510 1542
t 30 92 1542 1510
t 1510 99 92 91
t 381 442 1609 380
t 2328 449 442 441
t 815 823 2316 2307
t 815 878 1610 2316
t 823 2316 2307 885
t 2316 885 878 877
t 811 874 1611 810
t 2305 881 874 873
t 1512 878 871 870
t 791 783 1567 855
t 2319 855 848 847
t 362 354 1616 423
t 2330 423 416 415
t 783 2319 839 847
t 2319 847 840 839
t 130 137 1513 129
t 130 197 1568 1513
t 137 1513 129 204
t 1513 204 197 196
t 128 195 2361 2282
t 2282 202 195 194
t 2283 199 192 191
t 684 747 746 754
t 683 746 2362 2286
t 2286 753 746 745
t 114 122 123 181
t 115 182 181 123
t 122 123 181 189
t 123 189 182 181
t 680 750 743 742
t 2287 740 733 732
t 670 2288 724 732
t 2288 732 725 724
t 114 2291 2372 181
t 2291 181 173 172
t 2289 709 702 701
t 1554 1517 621 622
t 614 674 2321 1517
t 621 1517 1549 681
t 1517 1544 681 682
t 595 654 1553 1518
t 1518 661 654 653
t 591 650 649 2325
t 2325 657 650 649
t 2295 157 150 149
t 1523 626 620 619
t 242 305 1524 1537
t 1524 312 306 305
t 241 305 1529 304
t 248 305 304 311
t 1525 308 1825 301
t 2290 587 580 579
t 241 1529 297 304
t 1529 1829 298 297
t 533 541 2354 2343
t 533 592 2353 2354
t 541 2354 2343 599
t 2354 599 592 591
t 220 1530 1531 282
t 1530 282 1834 275
t 1531 2405 1835 274
t 216 208 1251 279
t 1532 279 1836 271
t 2303 136 129 128
t 63 128 2367 2304
t 2304 135 128 127
t 503 564 2368 2294
t 2294 570 564 563
t 2314 567 561 560
t 2297 552 545 544
t 2297 545 552 1031
t 484 545 2297 1031
t 232 238 239 294
t 232 295 294 239
t 238 239 294 301
t 239 301 295 294
t 473 480 2346 2332
t 473 533 2344 2346
t 480 2346 2332 540
t 2346 540 533 532
t 1535 528 521 520
t 57 123 115 114
t 2308 115 108 2291
t 242 1537 298 305
t 1537 305 1827 298
t 876 938 2376 2310
t 2310 945 938 937
t 873 141 881 2312
t 141 881 2312 942
t 870 927 926 933
t 33 1003 2350 1564
t 33 96 1564 2350
t 2350 103 96 95
t 2351 914 907 906
t 384 445 444 390
t 390 452 445 444
t 831 902 839 2315
t 894 831 2315 902
t 2322 448 441 440
t 2379 877 2313 814
t 2313 884 877 876
t 2313 876 2379 2317
t 2317 883 876 875
t 2305 880 141 872
t 807 870 864 863
t 799 2318 2381 863
t 2318 863 856 855
t 775 2320 831 839
t 2320 839 832 831
t 1542 91 84 83
t 129 203 196 195
t 323 385 1619 322
t 322 391 385 384
t 1559 1543 126 127
t 119 186 2335 1543
t 126 1543 1570 193
t 1543 193 1859 185
t 1517 674 1544 682
t 674 737 2333 1544
t 681 1544 1572 744
t 1544 1914 744 745
t 654 716 653 1545
t 1545 723 1912 715
t 650 720 705 712
t 99 1560 1546 98
t 99 165 98 1546
t 106 1546 98 171
t 1546 1862 171 172
t 95 161 160 168
t 168 2337 2430 160
t 617 677 1578 1548
t 1548 684 677 676
t 613 673 1580 1549
t 1549 680 673 672
t 613 2323 1580 673
t 2323 673 667 666
t 606 2323 658 666
t 2323 666 659 658
t 95 2360 160 161
t 2341 162 154 153
t 1551 659 652 651
t 594 653 652 660
t 2326 656 649 648
t 587 594 1553 586
t 587 646 1588 1553
t 594 1553 586 653
t 1553 653 646 645
t 583 642 1590 2340
t 2340 649 642 641
t 562 1554 1592 621
t 1554 614 1517 622
t 532 591 590 2343
t 2343 598 591 590
t 532 2353 583 591
t 2353 591 584 583
t 536 595 535 543
t 543 602 595 594
t 495 501 1556 494
t 495 556 494 1556
t 501 1556 1595 562
t 1556 562 556 555
t 476 482 1557 475
t 476 536 1601 1557
t 482 1557 475 543
t 1557 543 536 535
t 472 532 531 2332
t 2332 539 532 531
t 472 2344 524 532
t 62 1954 61 1559
t 54 119 2345 1559
t 61 1559 1602 126
t 1559 119 1543 127
t 446 506 972 445
t 34 99 98 1560
t 1560 106 1546 98
t 1560 1546 106 107
t 34 99 1560 983
t 868 1566 1561 867
t 868 930 867 1561
t 874 1561 1604 936
t 1561 936 1860 929
t 32 2378 94 1562
t 1562 2350 95 103
t 1562 102 95 94
t 1562 95 102 103
t 32 2378 1562 1003
t 1003 1562 2350 95
t 847 910 846 1563
t 1563 917 910 909
t 843 906 905 2351
t 2351 913 906 905
t 843 2336 898 906
t 2336 906 899 898
t 390 451 444 443
t 2322 447 440 439
t 377 384 385 437
t 377 438 437 385
t 384 385 437 445
t 385 445 438 437
t 389 1017 442 450
t 1017 450 443 442
t 1017 443 450 451
t 26 25 1564 1109
t 26 88 1109 1564
t 1564 95 88 87
t 369 376 377 430
t 376 377 430 437
t 377 430 437 438
t 369 430 377 1016
t 1016 438 430 377
t 1914 1566 811 812
t 804 868 2355 1566
t 811 1566 1611 874
t 1566 874 1561 867
t 363 424 2327 1016
t 1016 430 424 423
t 782 854 853 790
t 782 1567 846 854
t 1567 854 847 846
t 779 851 843 842
t 779 2358 835 843
t 2358 843 836 835
t 351 358 419 2375
t 351 412 411 419
t 354 346 414 415
t 2329 415 408 407
t 2329 407 400 399
t 122 189 1621 1568
t 1568 196 189 188
t 319 2408 1782 2397
t 2397 388 2328 380
t 125 1570 1618 192
t 1570 192 1864 184
t 677 740 1625 1571
t 1571 747 740 739
t 673 680 1572 672
t 673 736 1628 1572
t 680 1572 672 743
t 1572 743 736 735
t 118 2335 177 185
t 2335 185 178 177
t 673 2333 1628 736
t 2333 736 729 728
t 666 728 721 720
t 653 715 714 722
t 652 714 713 721
t 2334 718 712 711
t 2398 363 355 354
t 2398 354 362 363
t 293 355 2398 1099
t 1099 363 355 2398
t 646 709 1640 653
t 653 715 709 708
t 642 705 1642 2364
t 2364 712 705 704
t 104 112 169 2335
t 642 2342 1642 705
t 2342 705 698 697
t 98 170 164 163
t 1575 169 163 162
t 94 160 1654 93
t 2337 167 2430 159
t 675 683 684 2362
t 605 611 672 665
t 1577 679 672 671
t 610 616 1578 609
t 610 670 609 1578
t 1578 676 1625 669
t 1579 682 675 674
t 1579 675 682 683
t 605 611 612 672
t 605 666 1584 665
t 605 1580 665 672
t 1580 1628 672 673
t 91 157 1655 98
t 98 164 157 156
t 609 669 662 661
t 605 1584 657 665
t 1584 666 658 657
t 94 2360 1654 160
t 2360 160 153 152
t 586 645 1656 652
t 585 644 1658 1586
t 1586 651 644 643
t 582 641 1660 581
t 2340 649 641 640
t 1588 645 638 637
t 582 1590 1660 641
t 1590 641 634 633
t 2341 154 146 145
t 558 2369 1591 559
t 558 616 50 1591
t 559 617 2369 1591
t 1591 616 50 623
t 1591 623 617 616
t 1595 1592 561 562
t 555 613 2363 1592
t 561 1592 1665 620
t 1592 620 613 612
t 528 587 1673 535
t 535 594 587 586
t 535 594 593 601
t 524 583 1676 590
t 524 583 576 575
t 498 504 565 2371
t 498 559 1681 565
t 500 1595 1680 561
t 1595 555 1592 562
t 494 555 549 548
t 1598 548 541 540
t 57 1116 1599 56
t 57 122 56 1599
t 64 1599 1690 129
t 1599 129 122 121
t 475 542 535 534
t 474 534 533 2346
t 2346 541 534 533
t 471 470 478 531
t 470 531 538 478
t 470 538 531 530
t 468 528 1693 1601
t 1601 535 528 527
t 464 524 1699 523
t 60 1602 1697 125
t 1602 125 118 117
t 465 524 517 516
t 531 590 589 2338
t 2338 597 590 589
t 2377 118 53 2345
t 2345 118 2335 111
t 442 502 1787 441
t 2396 509 502 501
t 2349 2350 2377 111
t 2350 111 104 103
t 416 423 2395 2393
t 416 477 2393 2395
t 423 2395 1790 483
t 2395 483 2309 476
t 33 1736 96 97
t 96 1575 104 97
t 866 921 1184 867
t 866 867 1184 1604
t 1604 935 929 1184
t 867 929 923 922
t 555 606 2363 613
t 852 922 915 914
t 32 94 1741 1606
t 1606 101 94 93
t 845 852 908 907
t 852 908 907 915
t 842 905 1726 2352
t 2352 913 905 904
t 839 902 1728 846
t 846 909 902 901
t 842 897 1726 905
t 835 2336 890 898
t 2336 898 891 890
t 1782 1609 380 381
t 373 434 2380 1609
t 380 1609 1737 441
t 1609 441 442 1787
t 807 870 806 1610
t 1610 877 870 869
t 810 1611 1738 873
t 1611 873 867 866
t 25 87 2359 2378
t 2378 1564 87 95
t 2378 94 2360 86
t 2378 2360 94 95
t 25 2378 1564 87
t 803 2355 859 867
t 2355 867 860 859
t 788 795 2356 851
t 788 852 851 2356
t 795 2356 851 859
t 2356 859 852 851
t 782 846 1748 853
t 1615 852 845 844
t 778 842 1754 2357
t 2357 850 842 841
t 782 839 1748 846
t 1784 1616 361 362
t 354 415 414 1616
t 361 1616 2384 422
t 1616 422 415 414
t 778 834 1754 842
t 534 593 592 2354
t 2354 600 593 592
t 350 411 410 2375
t 2375 418 411 410
t 2358 835 828 827
t 350 343 403 411
t 343 411 404 403
t 1109 87 80 79
t 18 86 79 78
t 322 384 1806 321
t 329 322 321 390
t 2361 195 188 187
t 2361 195 187 186
t 318 380 1809 317
t 2392 387 380 379
t 117 184 1631 1618
t 1618 191 1876 183
t 1619 384 377 376
t 307 369 1620 974
t 369 376 1620 377
t 114 121 1621 2372
t 114 181 2372 1621
t 121 1621 180 188
t 1621 1878 188 189
t 674 738 2362 675
t 2362 745 738 737
t 676 739 1626 675
t 2362 746 739 738
t 180 187 1623 2361
t 113 180 179 1623
t 180 187 1897 179
t 672 742 735 734
t 113 179 1639 1623
t 1623 186 179 178
t 1626 1625 731 739
t 1625 739 732 731
t 669 731 730 1626
t 1626 738 1939 730
t 1023 85 1010 86
t 1023 86 77 85
t 86 2359 1741 1174
t 86 85 1663 77
t 1627 737 730 729
t 1580 666 1628 673
t 672 1628 1630 735
t 1628 735 728 727
t 1630 734 1941 726
t 110 176 1645 1631
t 1631 183 176 175
t 1098 1016 363 1632
t 1632 1016 2327 369
t 669 661 730 731
t 1633 731 724 723
t 661 668 730 722
t 661 723 722 730
t 667 729 722 721
t 665 666 1635 727
t 719 1922 727 666
t 1635 726 1935 718
t 2372 181 172 171
t 645 708 707 714
t 113 1636 1639 179
t 1636 1901 171 170
t 644 707 706 1637
t 1637 713 1925 706
t 2364 712 704 703
t 112 1639 169 178
t 1639 178 1903 169
t 645 637 707 708
t 1640 708 701 700
t 637 700 699 707
t 643 1641 2342 706
t 1641 706 699 698
t 641 1642 1644 704
t 1642 704 697 696
t 110 1643 1645 176
t 1643 176 1884 2430
t 640 1644 632 703
t 1644 703 1938 695
t 553 2389 604 611
t 2389 611 605 604
t 1645 175 1905 167
t 284 354 292 2394
t 2394 354 347 346
t 2394 346 339 338
t 609 615 616 668
t 609 669 668 616
t 615 616 668 675
t 616 675 669 668
t 608 668 1648 1646
t 1646 674 668 667
t 90 156 1657 163
t 601 660 659 1648
t 1648 667 660 659
t 88 89 1659 1651
t 1651 162 1891 154
t 598 657 2326 1652
t 1652 664 1635 656
t 86 152 1663 1654
t 1654 159 152 151
t 1655 156 1892 148
t 578 637 14 1656
t 1656 644 637 636
t 81 155 1659 89
t 82 148 1202 1657
t 81 1657 147 155
t 1657 155 148 147
t 577 636 2211 1658
t 1658 643 636 635
t 1659 154 147 146
t 581 1660 1614 640
t 1660 640 1644 632
t 86 78 1663 152
t 2360 152 145 144
t 1663 151 144 143
t 557 622 615 614
t 554 612 2389 1665
t 1665 619 612 611
t 558 551 615 616
t 2369 616 610 609
t 556 550 607 614
t 550 614 608 607
t 554 2363 2389 612
t 2363 612 606 605
t 551 2369 602 609
t 2369 609 603 602
t 543 602 601 608
t 542 601 600 607
t 547 1670 604 605
t 598 1584 605 1669
t 1670 604 598 597
t 526 585 1675 1671
t 1671 592 585 584
t 523 582 1677 1672
t 1672 589 582 581
t 527 1673 1674 586
t 1673 586 579 578
t 526 1674 1675 585
t 1674 585 578 577
t 1675 584 577 576
t 523 1676 1677 582
t 1676 582 575 574
t 522 514 1550 581
t 1677 581 574 573
t 497 504 2371 2368
t 497 558 557 2371
t 504 2371 2368 564
t 2371 50 558 557
t 495 557 2368 496
t 2368 563 557 556
t 1680 560 554 553
t 491 497 1681 2370
t 491 552 2370 1681
t 497 1681 551 558
t 1681 558 552 551
t 551 557 615 550
t 495 1682 494 556
t 1682 556 550 549
t 493 548 1684 554
t 481 542 541 1683
t 1683 549 542 541
t 492 1684 2217 553
t 1684 553 547 546
t 2370 551 544 543
t 482 489 1686 481
t 482 543 542 1686
t 481 542 1683 1686
t 1686 550 543 542
t 486 1687 539 547
t 1687 547 540 539
t 485 1689 538 546
t 1689 546 539 538
t 56 63 1690 2367
t 56 121 120 1690
t 63 1690 2367 128
t 1690 128 121 120
t 2367 128 120 119
t 467 527 1696 534
t 1693 527 520 519
t 1695 525 518 517
t 459 519 2041 1696
t 1696 526 519 518
t 52 117 1704 1697
t 1697 124 1618 116
t 463 1699 1700 523
t 1699 523 516 515
t 462 455 1494 522
t 1700 522 515 514
t 56 121 114 2372
t 47 55 120 1703
t 47 1707 113 120
t 47 113 1708 1703
t 1703 119 1623 112
t 2377 118 111 110
t 1704 116 1631 109
t 445 452 512 504
t 445 505 504 512
t 441 501 500 2396
t 2396 2400 2314 500
t 437 445 972 498
t 48 2372 107 106
t 430 437 1706 491
t 437 1706 491 498
t 1018 1110 491 1706
t 430 491 1706 1018
t 1110 498 491 1706
t 41 106 97 1707
t 1151 1182 48 106
t 1182 48 106 2372
t 1707 113 1636 105
t 1707 1636 113 2372
t 46 1708 104 112
t 1708 112 1639 104
t 424 484 2395 1018
t 1018 491 484 483
t 38 44 2377 1709
t 1704 2377 1709 110
t 2377 110 103 102
t 1709 109 1645 101
t 407 476 415 2399
t 2399 476 469 468
t 2399 468 461 460
t 2376 938 931 930
t 869 876 1712 2376
t 869 932 1715 1712
t 876 1712 2376 938
t 1712 938 932 931
t 866 1184 1716 1713
t 1713 935 1184 928
t 1719 924 923 1714
t 1714 930 924 923
t 2376 1715 1714 931
t 1715 931 1899 924
t 858 921 1720 1716
t 1716 928 921 920
t 862 854 924 925
t 1717 925 918 917
t 854 917 916 924
t 853 916 908 1719
t 1719 923 916 915
t 1720 920 913 912
t 1724 921 914 913
t 837 900 1729 1725
t 1725 907 1887 899
t 834 897 1732 1726
t 1726 904 897 896
t 838 1728 1730 901
t 831 893 1728 1015
t 829 892 1038 1729
t 1729 899 892 891
t 830 893 829 1730
t 1730 900 893 892
t 833 1732 825 896
t 1732 896 889 888
t 28 27 34 1761
t 28 90 1761 34
t 34 98 90 89
t 27 89 1765 1736
t 1736 96 1651 88
t 1736 1651 96 97
t 372 379 1737 371
t 372 433 371 1737
t 2322 1737 1771 440
t 1737 440 433 432
t 805 869 1739 2379
t 2379 876 869 868
t 802 866 1742 1738
t 1738 872 1713 865
t 372 2380 426 433
t 2380 433 2406 426
t 799 863 2381 806
t 798 862 806 2381
t 806 869 863 862
t 798 1939 806 797
t 798 862 861 806
t 797 861 1739 806
t 806 869 862 861
t 1743 861 860 1739
t 1739 868 1714 860
t 31 1741 85 93
t 1741 93 1654 85
t 1010 31 1741 85
t 794 858 1747 1742
t 1742 865 1716 857
t 790 2381 854 862
t 2381 862 855 854
t 1743 860 853 852
t 790 854 853 861
t 794 1746 1747 858
t 1746 858 1724 850
t 1747 857 1720 849
t 359 365 2382 419
t 359 420 419 2382
t 365 2382 419 426
t 2382 426 420 419
t 773 781 1748 1751
t 774 838 837 1748
t 781 1748 1751 845
t 1748 845 838 837
t 2384 421 2407 413
t 772 773 1758 1751
t 1751 844 837 836
t 770 834 1759 1754
t 1754 841 1726 833
t 412 1789 420 1755
t 774 765 837 838
t 1756 838 831 830
t 765 773 837 829
t 765 830 829 837
t 2374 417 418 1792
t 1758 836 829 828
t 761 826 760 1759
t 1759 833 1732 825
t 770 761 1759 834
t 346 407 406 414
t 342 403 1780 402
t 1760 90 1655 82
t 27 1761 1765 89
t 1761 89 82 81
t 342 1763 1780 403
t 1763 403 396 395
t 26 1765 1109 88
t 1765 88 1659 80
t 321 383 382 390
t 328 321 382 390
t 320 382 2408 2397
t 2397 389 382 381
t 2392 386 379 378
t 297 351 2402 358
t 205 197 1837 268
t 197 269 260 259
t 503 510 2294 502
t 2400 507 2314 499
t 941 948 1767 940
t 948 1767 995 1001
t 1767 1001 1002 995
t 412 419 1768 411
t 412 473 1793 1768
t 419 1768 411 479
t 1768 479 473 472
t 375 382 1770 374
t 374 1770 1796 435
t 382 1770 435 443
t 1770 443 436 435
t 1771 439 432 431
t 375 368 1796 436
t 2401 436 430 429
t 368 2401 422 429
t 2401 429 423 422
t 364 1775 417 425
t 1775 425 1817 418
t 345 352 353 405
t 345 406 405 353
t 352 353 405 413
t 353 413 406 405
t 344 405 1803 1777
t 1777 412 405 404
t 341 402 1804 1778
t 1778 409 402 401
t 341 1780 1804 402
t 1780 402 1818 394
t 311 1470 1782 310
t 311 373 310 1782
t 318 1782 1809 380
t 1782 373 1609 381
t 311 366 304 310
t 310 372 366 365
t 297 359 358 303
t 303 365 359 358
t 292 2412 1784 354
t 299 1784 353 361
t 1784 354 1616 362
t 1785 359 352 351
t 288 350 349 2404
t 2404 357 2374 349
t 286 294 2403 1960
t 287 349 348 2403
t 294 2403 1960 356
t 2403 356 349 348
t 288 2402 342 350
t 2402 350 343 342
t 274 273 2405 1961
t 274 335 1961 2405
t 281 273 341 342
t 2405 342 335 334
t 1609 442 434 1787
t 434 495 494 1787
t 1787 501 495 494
t 433 2406 1815 494
t 2406 494 488 487
t 420 426 2406 479
t 420 480 479 2406
t 426 2406 479 487
t 2406 487 480 479
t 1789 480 474 473
t 415 2414 1790 476
t 422 1790 475 482
t 1790 482 476 475
t 414 475 1852 2407
t 2407 481 475 474
t 172 165 1862 237
t 166 237 230 229
t 411 478 472 471
t 409 410 463 471
t 409 471 470 1792
t 417 1792 470 1270
t 411 1793 464 472
t 1793 472 465 464
t 403 1794 1818 464
t 368 1823 1796 367
t 1799 429 428 1796
t 367 428 1797 1796
t 1796 435 429 428
t 367 428 1800 1797
t 1797 434 428 427
t 1014 425 432 364
t 1014 432 425 431
t 367 1799 1800 428
t 1799 428 422 421
t 1800 427 1846 420
t 344 1802 1803 405
t 1802 405 398 397
t 343 1763 403 404
t 1803 404 397 396
t 333 394 1331 1804
t 1804 401 1856 393
t 314 376 1810 1806
t 1806 383 376 375
t 1482 310 1809 318
t 310 372 1811 1809
t 317 1809 2413 379
t 1809 379 372 371
t 307 1498 1810 306
t 307 369 368 1810
t 306 368 1823 1810
t 1810 375 369 368
t 309 1811 1825 371
t 1811 371 365 364
t 302 1812 2417 364
t 1812 364 1775 357
t 2412 353 346 345
t 287 341 1833 349
t 283 2412 1834 345
t 2412 345 338 337
t 280 273 1836 341
t 273 341 334 333
t 194 201 2420 2419
t 194 256 1859 2420
t 201 2420 2419 264
t 2420 264 256 255
t 433 494 1815 493
t 2415 497 491 490
t 937 993 1860 2424
t 2424 997 993 992
t 432 1815 1843 493
t 1815 493 487 486
t 429 2415 1844 490
t 2415 490 483 482
t 425 1817 478 486
t 1817 486 479 478
t 414 406 1852 475
t 2414 475 468 467
t 403 464 1818 463
t 2414 467 460 459
t 402 1818 1856 463
t 1818 463 457 456
t 313 375 1823 312
t 2408 382 375 374
t 1823 367 1824 374
t 2408 382 374 373
t 2413 378 371 370
t 1823 374 1824 312
t 306 368 367 1823
t 305 1823 367 1824
t 1823 374 1796 367
t 305 367 1829 1824
t 1824 373 367 366
t 305 1827 1829 367
t 1827 367 1799 360
t 298 352 1785 360
t 1829 366 1800 359
t 2417 364 357 356
t 283 290 291 344
t 283 345 344 291
t 290 291 344 352
t 291 352 345 344
t 282 344 1835 1832
t 1832 351 1777 343
t 280 341 1836 1833
t 1833 348 1778 340
t 276 337 1333 1834
t 1834 344 1802 336
t 1835 343 1803 335
t 272 333 1288 1836
t 1836 340 1804 332
t 197 259 1863 1837
t 1837 267 1461 258
t 196 258 257 2421
t 2421 266 258 257
t 195 202 2421 2420
t 195 257 256 2421
t 202 2421 2420 265
t 2421 265 257 256
t 193 255 1864 192
t 2426 263 255 254
t 192 254 253 2426
t 2426 262 254 253
t 190 252 251 197
t 197 259 260 252
t 182 189 251 243
t 182 244 243 251
t 436 497 489 1840
t 1840 503 497 496
t 1841 502 496 495
t 428 434 435 488
t 428 489 488 435
t 434 435 488 495
t 435 495 489 488
t 947 995 2202 1000
t 939 2202 2436 2425
t 2425 999 2202 994
t 938 945 2425 2424
t 938 994 993 2425
t 945 2425 2424 998
t 2425 998 994 993
t 936 992 1866 935
t 2423 997 992 991
t 935 942 2423 990
t 935 991 990 2423
t 942 2423 990 996
t 2423 996 991 990
t 486 485 478 142
t 425 486 478 142
t 431 1843 485 492
t 1843 492 486 485
t 934 989 933 940
t 940 995 989 988
t 181 237 2437 243
t 927 988 981 933
t 927 988 982 981
t 421 1844 1846 428
t 1844 489 482 481
t 427 1846 2406 488
t 1846 488 481 480
t 914 2427 966 1173
t 2427 1173 973 966
t 1849 969 964 963
t 1851 1022 963 964
t 1851 902 903 1849
t 1851 964 1849 903
t 1015 902 1851 963
t 1022 1015 1851 963
t 406 413 1852 2410
t 406 467 1854 1852
t 413 1852 2410 474
t 1852 474 467 466
t 2410 473 466 465
t 402 463 1856 401
t 1854 466 459 458
t 401 393 1437 462
t 1856 462 1700 455
t 165 157 1872 229
t 2422 229 222 221
t 157 2422 214 221
t 2422 221 215 214
t 756 748 1895 823
t 2439 823 816 815
t 186 1543 1859 185
t 186 248 185 1859
t 193 1859 1864 255
t 1859 255 248 247
t 930 1561 1860 929
t 930 985 929 1860
t 936 1860 1866 992
t 1860 992 985 984
t 910 969 1869 1861
t 1861 975 969 968
t 1546 165 1862 172
t 165 229 1872 1862
t 1862 229 1473 237
t 906 2427 959 966
t 2427 966 960 959
t 161 233 225 224
t 2432 226 219 218
t 724 716 1912 791
t 2446 791 784 783
t 189 251 1878 1863
t 1863 258 251 250
t 185 247 1879 1864
t 1864 247 1482 255
t 178 241 177 185
t 185 248 241 240
t 933 988 1881 932
t 2436 2202 988 987
t 923 978 2431 929
t 929 984 978 977
t 1866 984 9 1305
t 177 240 234 233
t 914 977 922 2431
t 914 2431 1173 977
t 2431 977 973 1173
t 909 1868 917 1861
t 1868 917 1861 1007
t 1868 968 1009 1007
t 902 963 1889 1869
t 1869 968 963 962
t 1870 915 916 973
t 1870 1009 973 916
t 1870 1008 973 1009
t 905 2435 1888 2428
t 2009 966 2428 958
t 164 228 1890 170
t 170 235 228 227
t 2429 959 953 952
t 170 234 227 226
t 2430 231 224 223
t 164 1872 1890 228
t 1872 228 221 220
t 153 218 1893 217
t 153 2432 1893 218
t 2432 218 211 210
t 745 812 1914 744
t 2445 819 812 811
t 188 250 1897 187
t 2434 257 250 249
t 187 249 186 2434
t 2434 256 249 248
t 176 183 246 239
t 1876 253 246 245
t 1621 181 1878 189
t 181 243 2437 1878
t 1878 243 1498 251
t 176 183 184 246
t 1884 240 239 1879
t 176 1879 239 246
t 1879 246 240 239
t 932 938 2436 2433
t 932 987 1899 2436
t 938 2436 2433 994
t 2436 994 987 986
t 931 1899 1900 2433
t 2433 993 986 985
t 180 2437 1901 2281
t 2437 2281 237 236
t 925 980 1881 1882
t 1881 987 981 980
t 917 1861 1882 918
t 917 1861 980 1882
t 918 1882 926 975
t 176 1884 232 239
t 1884 1501 233 232
t 2438 914 1006 977
t 2438 1006 1013 977
t 901 962 1906 1886
t 1886 968 962 961
t 900 961 1907 1887
t 1887 1008 961 960
t 897 2435 1908 1888
t 1888 965 958 957
t 893 1906 901 1889
t 901 1889 1906 962
t 955 1344 962 1889
t 1015 893 1889 955
t 963 1015 1889 2208
t 2435 958 952 951
t 155 163 1890 1891
t 163 1890 1891 227
t 155 212 1909 220
t 1891 226 1502 219
t 152 159 217 216
t 159 217 216 223
t 1892 220 1505 213
t 145 152 1893 144
t 209 1239 210 144
t 152 1893 209 217
t 1893 217 1506 209
t 748 755 1895 747
t 755 1895 747 822
t 1895 822 815 814
t 744 811 736 743
t 2443 818 811 810
t 2452 787 780 779
t 716 709 1917 783
t 2442 783 776 775
t 2442 775 767 766
t 187 1897 186 249
t 1897 249 1524 242
t 186 248 242 241
t 183 239 1962 245
t 925 980 1904 1899
t 1899 986 980 979
t 924 979 973 1900
t 1900 985 979 978
t 179 1901 235 242
t 1901 242 1537 235
t 170 235 234 1903
t 1903 241 1529 234
t 913 920 1013 971
t 920 1013 971 11
t 916 979 924 1904
t 916 1904 1007 979
t 1904 1007 979 980
t 1905 238 232 231
t 1906 961 955 954
t 1907 960 954 953
t 889 951 888 1908
t 1908 957 951 950
t 148 213 212 220
t 154 1909 2432 219
t 1909 219 212 211
t 2440 216 209 208
t 747 821 814 813
t 745 813 2441 746
t 2441 821 813 812
t 2443 817 810 809
t 741 748 2439 740
t 741 807 740 2439
t 748 2439 1918 815
t 733 807 799 740
t 733 807 800 799
t 732 2444 2455 799
t 2444 799 792 791
t 716 1545 1912 715
t 716 783 1917 1912
t 723 1912 715 790
t 1912 790 783 782
t 705 779 778 786
t 705 2452 771 779
t 2452 779 772 771
t 1544 737 1914 745
t 737 804 2450 1914
t 744 1914 736 811
t 1914 804 1566 812
t 728 2448 787 795
t 2448 795 788 787
t 715 789 782 781
t 1916 788 781 780
t 712 778 2454 2451
t 2451 785 2357 777
t 709 775 774 1917
t 1917 782 775 774
t 705 771 1927 2454
t 2454 778 771 770
t 705 697 1927 771
t 2453 771 763 762
t 747 1918 1928 814
t 1918 814 807 806
t 743 736 1931 810
t 736 810 803 802
t 729 736 2450 2448
t 729 796 2448 2450
t 736 2450 795 803
t 2450 803 796 795
t 727 1922 786 794
t 1922 794 1746 786
t 707 773 1936 1925
t 1925 780 773 772
t 2454 777 770 769
t 704 1927 1938 770
t 1927 770 762 761
t 1939 806 805 1928
t 1928 813 806 805
t 738 805 2456 1930
t 1930 812 805 804
t 1931 809 1738 801
t 739 731 1939 806
t 2455 806 799 798
t 735 795 1941 802
t 731 2455 1932 798
t 2455 798 791 790
t 730 1933 2456 797
t 1932 797 790 789
t 1916 789 788 1933
t 788 1743 796 1933
t 1935 1747 786 785
t 1936 772 764 763
t 1937 773 765 764
t 703 1938 2264 769
t 1938 769 1759 760
t 2456 804 797 796
t 1939 805 806 797
t 727 1630 1941 726
t 726 794 1935 793
t 1786 793 801 726
t 1941 801 1742 793
t 2052 58 2051 11
t 1286 2051 11 2052
t 2051 36 58 2052
t 1985 6 996 2162
t 2175 1980 982 1057
t 981 2056 1390 2057
t 2056 1390 987 981
t 1309 2056 981 1389
t 2056 1309 2048 1389
t 2056 981 980 1309
t 978 2055 1422 979
t 2055 986 1422 979
t 2055 1422 986 2084
t 979 1953 986 980
t 2055 1953 2049 2056
t 986 1312 1953 2055
t 1953 2056 2055 1391
t 1391 2055 1953 1312
t 1420 978 1308 2055
t 1308 2055 978 979
t 1954 1112 1114 1423
t 1954 1423 1114 2185
t 1114 1112 1954 53
t 2185 1114 1954 62
t 1114 1954 54 53
t 62 1114 1954 54
t 1024 77 1108 2107
t 77 2107 1153 1108
t 920 11 1955 1981
t 1981 1979 1955 920
t 1979 2051 1981 1955
t 1984 1148 941 1983
t 1984 2178 1148 1983
t 1113 2090 1943 59
t 2202 999 1000 1958
t 1000 999 2182 1958
t 921 2438 11 9
t 9 2438 11 984
t 921 2438 1184 929
t 929 2438 1184 984
t 294 1295 1257 2091
t 1257 294 238 231
t 1257 294 231 1295
t 301 1257 294 238
t 1257 301 294 2091
t 470 1444 1270 538
t 2093 1552 530 1496
t 538 1552 530 2093
t 1432 457 1695 517
t 1432 1479 457 2094
t 1432 2094 457 517
t 841 1845 1779 1850
t 1779 841 777 769
t 1779 841 769 1845
t 1338 1337 348 1960
t 1338 1960 1340 1337
t 356 1338 348 1960
t 356 1338 1960 1340
t 1332 1321 1961 334
t 335 1332 1961 334
t 335 2004 1322 1961
t 1425 458 1432 1029
t 396 1432 1029 1425
t 1250 1252 1249 216
t 223 1250 216 1252
t 1243 1239 210 209
t 210 1243 2043 1239
t 1020 1974 1962 1214
t 1020 1962 1257 2006
t 1214 1962 175 1974
t 1257 238 1962 175
t 2006 245 1962 1257
t 245 1257 238 1962
t 1920 1967 957 1040
t 388 389 16 1316
t 326 327 389 1316
t 1304 326 388 1316
t 1316 326 388 389
t 1304 388 16 1316
t 1698 2451 711 1976
t 1779 777 2451 711
t 2005 785 2451 1779
t 785 1779 777 2451
t 1373 1727 1056 1740
t 1373 823 1819 1056
t 1373 823 822 1819
t 741 1452 1329 1710
t 741 1791 816 1329
t 741 807 816 1791
t 689 2003 627 628
t 1585 2003 627 1638
t 325 1304 1355 1278
t 325 1278 1355 1315
t 687 1718 1019 1070
t 567 1569 1522 1968
t 1569 1968 567 568
t 1569 1516 1968 568
t 469 1492 1443 1080
t 1456 447 1972 1411
t 1816 750 1413 1735
t 1394 142 417 1444
t 1394 1444 1412 142
t 1439 1394 417 1444
t 1020 1257 1962 1974
t 1974 1962 175 1257
t 1974 175 1254 1257
t 2451 1976 2005 1779
t 1976 2451 711 1779
t 1976 711 1773 1779
t 36 58 1453 2176
t 2177 2176 1453 1027
t 58 1453 2176 1027
t 2064 956 2180 2179
t 2067 1000 2183 1958
t 2183 1000 2182 1958
t 1049 2182 1000 1989
t 2066 999 2182 2181
t 2182 2187 999 1987
t 59 1042 2090 1943
t 1276 2090 1042 1943
t 1126 1943 59 1113
t 1113 2090 51 2248
t 2188 2090 51 1175
t 1988 1096 2188 1172
t 1186 2087 1988 1096
t 2188 51 1988 1172
t 207 1508 618 967
t 207 1508 967 1327
t 996 6 1272 2063
t 6 2063 996 2177
t 1068 1026 23 1028
t 1068 2077 1026 1028
t 691 1228 1661 1723
t 1702 1990 895 663
t 1701 663 1990 1702
t 1100 1287 1011 13
t 1998 2165 953 1995
t 2007 1209 1141 2168
t 5 1141 1209 2168
t 1910 2158 888 1105
t 2158 1040 888 1105
t 1301 1296 244 1098
t 955 1966 1965 1996
t 955 1996 1999 1966
t 1268 1135 1108 1153
t 261 1135 1351 1021
t 1021 1010 1064 18
t 2162 6 996 808
t 1994 8 141 1940
t 1994 141 8 1982
t 1801 817 2152 1798
t 808 6 996 2177
t 1101 23 1028 2106
t 1026 1101 23 1028
t 1388 2108 1034 74
t 1033 1034 74 1388
t 1033 1388 74 1035
t 568 1516 2002 1569
t 1569 568 627 2002
t 1585 2002 1569 627
t 2024 2003 1638 689
t 335 1332 1382 2004
t 1332 1321 2004 1961
t 335 1332 2004 1961
t 1783 785 2451 2005
t 2451 1976 1783 2005
t 1783 1855 785 2005
t 1020 1962 2006 1259
t 1259 245 1962 2006
t 1404 2075 22 2076
t 2062 2178 1148 1163
t 2062 2178 1265 1148
t 2069 1042 1180 2001
t 461 2130 1428 2134
t 1428 2134 1066 461
t 2008 2118 1072 215
t 768 1407 895 1037
t 2010 2157 1842 832
t 702 2012 2149 2145
t 702 2012 2145 639
t 2010 2157 832 894
t 2010 2161 2157 894
t 1688 702 2012 2013
t 767 2013 2088 702
t 767 2088 2013 2153
t 8 58 1027 990
t 2017 1634 619 1438
t 2262 2019 1441 840
t 2262 2010 2019 832
t 2262 2019 840 832
t 1915 1015 2020 1966
t 1015 1022 2020 1966
t 2020 2167 1966 1022
t 35 2021 1162 1136
t 2457 69 2022 1142
t 1701 1990 663 655
t 1226 655 1990 1701
t 1731 2023 694 1664
t 1731 2023 693 694
t 1731 693 2023 1662
t 1722 1228 2024 690
t 1722 2024 689 690
t 1574 2025 1326 1025
t 1574 2025 1025 571
t 941 1983 2027 1944
t 1983 2027 949 941
t 1983 2027 1952 949
t 1980 1231 934 927
t 1980 1231 1942 934
t 679 1705 671 1624
t 1608 2214 2029 638
t 2214 638 637 2029
t 2214 1668 2029 637
t 1258 1232 190 182
t 1258 1232 1216 190
t 1225 2031 139 1188
t 1225 2031 138 139
t 137 1195 2033 1224
t 1224 2031 2033 138
t 1224 2033 137 138
t 135 1194 2034 1223
t 136 2034 1195 1223
t 1223 2034 135 136
t 108 1212 2035 1171
t 115 1212 1176 2035
t 1212 2035 115 108
t 2037 597 1617 1622
t 580 2210 270 2038
t 2038 579 580 2210
t 2038 579 2210 1600
t 1462 1366 451 452
t 1462 1403 1366 452
t 1462 451 1366 1416
t 438 1449 1399 2040
t 1236 275 276 1333
t 1236 275 1333 1322
t 1235 398 399 2220
t 1235 398 2220 1426
t 1038 891 2042 828
t 2042 827 828 891
t 2042 890 1911 827
t 1911 826 827 890
t 2043 145 146 211
t 2044 167 159 2234
t 2044 159 1252 2234
t 1238 920 912 1979
t 1238 912 2045 1979
t 2046 1915 1966 1015
t 2046 893 1015 955
t 893 1913 955 2046
t 2007 1209 1022 1141
t 140 1407 768 1030
t 986 2060 1312 2084
t 1391 2084 1312 2060
t 2084 1422 986 2060
t 2085 2145 758 1290
t 2085 2145 1290 639
t 2085 1071 2145 639
t 1842 2153 2088 767
t 841 1845 1850 1919
t 1850 1919 1924 841
t 1054 1295 286 1337
t 1053 273 1283 1321
t 294 1295 2091 1340
t 2091 301 294 1340
t 1444 2093 470 1496
t 2094 1536 1479 516
t 1951 887 1055 949
t 2097 1328 2252 1249
t 2252 1249 1208 2097
t 1198 144 1385 1239
t 1956 1055 1950 886
t 511 76 1528 1326
t 1472 1326 511 1528
t 1031 1508 207 1449
t 1450 1031 1449 1508
t 207 1508 1327 1449
t 324 2101 1315 386
t 880 1816 2156 817
t 1984 1944 941 1325
t 1984 1944 1983 941
t 2267 201 1234 2104
t 1373 1740 1056 1819
t 741 1791 1329 1452
t 2183 2182 1000 1049
t 2187 998 2180 2181
t 2087 2090 51 2188
t 31 1051 2080 1160
t 1160 2080 31 2082
t 990 996 2177 808
t 1027 808 990 2177
t 1184 984 9 1866
t 921 2438 9 1184
t 1184 2438 9 984
t 928 11 58 9
t 1954 1423 2185 1121
t 1121 2185 1954 62
t 1121 62 1122 2185
t 2457 2022 2096 2098
t 143 2111 1199 2107
t 1528 1119 1442 1574
t 1528 1025 1119 1574
t 1574 1326 1528 1025
t 2055 1308 2032 2049
t 1420 1308 2032 2055
t 2186 1196 1084 1427
t 2186 33 1078 1084
t 2186 33 1084 1196
t 2107 1208 143 2111
t 1165 1057 2192 2172
t 1218 1057 976 1433
t 1218 1057 2192 1165
t 632 1605 2241 2144
t 1540 1605 2241 632
t 695 1679 2242 1745
t 1605 1679 2242 695
t 514 1486 2244 2137
t 1430 1486 2244 514
t 332 1331 2245 2125
t 1288 1331 2245 332
t 271 1288 2117 2121
t 1244 1288 2117 271
t 573 1540 2243 2141
t 1486 1540 2243 573
t 393 1380 2246 2129
t 1331 1380 2246 393
t 455 1430 2247 2133
t 1380 1430 2247 455
t 2182 2181 999 2187
t 999 2181 998 2187
t 1175 1042 2090 59
t 1988 1096 2087 2188
t 2087 51 1988 2188
t 0 1351 1275 261
t 261 1021 2078 1075
t 1275 1024 2078 1021
t 1109 1345 1204 1111
t 564 2189 10 50
t 50 623 2189 10
t 564 2189 622 10
t 1277 10 174 629
t 12 629 1119 10
t 12 629 10 1277
t 1141 2167 2190 1043
t 1041 2170 2172 1978
t 1041 1978 970 2170
t 1969 2170 970 1978
t 1820 823 1056 1877
t 1813 1329 816 1867
t 294 1340 1960 1295
t 274 1961 1322 1283
t 1961 2004 1322 1283
t 951 1910 1039 2164
t 2164 1039 951 1991
t 1994 141 872 1940
t 1994 1940 872 1436
t 885 1819 1877 1894
t 885 1894 1877 1950
t 1057 1433 2192 2172
t 2192 1041 2172 1433
t 140 1407 895 768
t 1766 830 831 1902
t 1902 831 1766 1062
t 1766 1902 1831 830
t 1795 872 865 1940
t 1940 1436 1795 872
t 1795 865 1858 1940
t 1662 1574 1442 630
t 951 1911 1910 2164
t 1911 951 952 2164
t 1911 952 1963 2164
t 1593 1519 1365 1383
t 1593 1365 1519 1574
t 1447 1446 2383 363
t 1016 1396 1349 2194
t 1396 2194 1016 1367
t 1367 1047 1396 2194
t 1017 2195 1366 1416
t 1416 2195 1048 1017
t 325 1263 262 263
t 325 1278 1263 263
t 2196 1360 718 1783
t 2196 1705 1360 1783
t 2253 2411 1667 698
t 2197 1361 1668 1752
t 2197 1752 2411 1361
t 1054 279 1291 1335
t 145 2043 1200 1385
t 1011 1287 1286 13
t 1011 1287 1013 1286
t 992 2065 993 2198
t 992 2065 2198 2059
t 2065 993 2198 2060
t 987 2056 1391 2061
t 987 2061 1390 2056
t 2057 2199 1289 981
t 2057 1218 1289 2199
t 2057 2199 981 1389
t 2200 1140 2108 74
t 23 17 1101 2076
t 2076 22 23 17
t 2076 23 1026 1101
t 950 1991 1039 2201
t 2201 950 4 1039
t 2051 2176 58 36
t 2159 1885 2155 1880
t 1011 1286 1013 1314
t 1286 11 1013 1314
t 987 2061 2202 988
t 987 2061 988 1390
t 2202 2067 1000 2068
t 2202 2067 2068 2061
t 984 2059 2198 2058
t 984 2198 985 2058
t 994 2066 999 2202
t 2067 2061 2202 2066
t 990 2063 996 2064
t 990 2063 2064 36
t 2199 2050 1289 2203
t 975 1389 2203 2050
t 975 2203 976 2050
t 2199 2050 2203 1389
t 1289 2050 976 2203
t 977 2054 2058 2053
t 977 2058 978 2053
t 2047 973 2053 1341
t 1132 1124 73 1131
t 74 1131 73 1124
t 66 1124 65 1118
t 2204 1088 1103 1190
t 1110 207 1327 1449
t 967 207 1327 1110
t 1204 79 18 1109
t 956 67 2179 1985
t 2180 67 2179 956
t 1992 950 1040 2201
t 1992 1040 1269 2201
t 917 1007 980 1861
t 1309 1861 980 1007
t 1309 1861 1007 968
t 908 1886 1008 2205
t 908 1008 1009 2205
t 2015 968 2036 2205
t 2015 2205 1008 961
t 916 1007 973 979
t 1308 979 973 1007
t 916 1009 973 1007
t 2032 1308 973 1009
t 913 2428 1013 1006
t 1287 1006 1013 2428
t 1996 2206 1998 2250
t 1998 2165 2206 953
t 1964 953 2206 2165
t 1965 1964 2206 1185
t 1965 2206 1996 1185
t 989 2175 2057 1163
t 1163 1984 989 2175
t 2057 2175 989 982
t 2007 2170 1209 2168
t 1970 1209 2170 2168
t 1341 1013 1287 1006
t 1341 1287 1013 1011
t 2050 1433 976 1418
t 2050 1433 1418 1041
t 2050 976 975 1418
t 2026 2207 966 1008
t 2026 2207 1008 2032
t 2047 2207 2026 2032
t 1971 2171 965 2009
t 1971 2171 2009 2169
t 2067 2202 1000 1958
t 2067 2202 1958 2066
t 2058 2198 985 2060
t 2051 1955 13 1286
t 1979 2051 1955 13
t 1979 2051 13 2173
t 2026 1008 966 960
t 2026 959 960 966
t 2026 1008 960 2014
t 2053 2058 978 1422
t 2047 2053 973 1420
t 2061 995 2202 988
t 2062 988 995 2061
t 2202 2068 995 2061
t 995 2062 2061 2068
t 2061 1312 2202 2060
t 2061 987 2202 1312
t 2066 2202 2060 2061
t 1999 2208 2007 1005
t 955 1344 2208 1999
t 1999 2208 1022 2007
t 1999 2208 1005 1344
t 23 2076 1026 1404
t 23 1069 1404 1026
t 1132 73 1124 65
t 1089 2204 1190 1088
t 2204 1088 1089 38
t 2011 2161 2010 894
t 278 1997 2122 1292
t 1292 1378 278 339
t 1292 1205 1378 339
t 832 2153 767 759
t 759 2013 2153 767
t 1290 2012 2145 270
t 2145 2012 1290 639
t 2012 702 2149 2013
t 1186 2087 1102 1988
t 1102 51 1988 2087
t 1102 2248 1113 51
t 1262 2120 2209 1303
t 324 1303 316 2209
t 324 1303 2209 2120
t 272 1288 1244 271
t 272 1288 1243 1244
t 2037 604 597 1622
t 2037 15 604 1622
t 597 604 656 1622
t 664 1622 656 604
t 664 1622 604 15
t 2210 1608 1290 270
t 2210 1608 270 2038
t 1290 1608 2210 639
t 639 1608 2210 638
t 1541 2211 14 1607
t 636 1607 2211 635
t 636 1607 14 2211
t 1181 1220 2212 1221
t 199 1221 191 2212
t 199 1221 2212 1220
t 750 1718 742 687
t 750 1718 687 1070
t 742 1711 679 1019
t 679 1019 1711 1624
t 742 1711 734 679
t 2213 1688 2012 1608
t 1608 638 2213 2214
t 2214 638 2213 701
t 702 1688 2213 701
t 702 1688 2012 2213
t 1608 2214 1688 2029
t 1688 1685 2214 701
t 701 1685 2214 700
t 15 604 553 1509
t 1458 1514 2215 1515
t 567 1515 560 2215
t 567 1515 2215 1514
t 1801 817 2216 1871
t 1451 1454 2217 1509
t 553 1509 546 2217
t 553 1509 2217 1511
t 520 1489 1434 519
t 59 132 124 1181
t 832 759 1062 1915
t 1915 1062 832 831
t 1915 831 832 894
t 759 832 2157 1915
t 2157 1915 832 894
t 832 767 1769 759
t 759 1769 2013 767
t 832 759 1769 1062
t 2254 1541 2039 577
t 577 1541 2039 576
t 1038 1959 2042 891
t 2042 890 1959 1911
t 1911 826 890 889
t 1354 1400 2218 1401
t 447 1401 439 2218
t 447 1401 2218 1400
t 2254 14 1297 1488
t 1297 1488 519 2254
t 633 1605 1540 632
t 633 1605 1596 1540
t 143 2107 77 1044
t 151 1208 143 1044
t 151 1208 1044 2252
t 519 1488 2041 518
t 893 1913 1898 892
t 893 1913 1902 1898
t 222 285 230 1253
t 1292 285 222 1253
t 285 1253 1292 1294
t 1372 394 395 1381
t 1372 395 1332 1381
t 263 264 325 1278
t 696 1679 1605 695
t 696 1679 1666 1605
t 515 1486 1430 514
t 515 1486 1478 1430
t 574 1540 1486 573
t 574 1540 1534 1486
t 260 1302 2255 1271
t 260 2255 269 1271
t 1311 1271 2255 1302
t 266 267 1318 1281
t 1306 266 1318 1281
t 1303 1353 2219 1354
t 386 1354 378 2219
t 386 1354 2219 1353
t 1401 1457 507 1458
t 1454 492 439 431
t 1458 499 439 1454
t 499 1454 492 439
t 394 1380 1331 393
t 394 1380 1372 1331
t 1235 2220 1428 1434
t 1428 1434 2220 460
t 460 1434 2220 459
t 1392 1439 2221 1440
t 470 1440 462 2221
t 470 1440 2221 1439
t 1381 2222 1424 1431
t 457 1431 2222 456
t 457 1431 1424 2222
t 628 1206 689 1587
t 2003 628 689 1587
t 2024 1587 2003 689
t 333 1331 1288 332
t 333 1331 1320 1288
t 456 1430 1380 455
t 456 1430 1421 1380
t 1228 1589 1587 1206
t 626 627 2223 1585
t 626 2223 1583 1585
t 1653 2223 1585 1650
t 625 1058 686 1581
t 625 686 631 1581
t 1647 1581 686 1058
t 694 1581 631 686
t 1661 1442 691 692
t 1661 1442 1589 691
t 2002 1526 2263 2003
t 2002 2263 627 2003
t 2263 569 627 628
t 2003 2263 627 628
t 1526 569 568 2263
t 1178 1139 2224 2191
t 1178 1139 66 2224
t 569 570 2225 1527
t 569 2225 1526 1527
t 1206 1527 2225 570
t 2390 1527 1526 2225
t 537 1499 2226 1504
t 537 2226 545 1504
t 2259 1504 545 2226
t 509 510 2227 1471
t 509 2227 1469 1471
t 570 1471 2227 510
t 477 1443 2228 1448
t 477 2228 484 1448
t 2258 1448 484 2228
t 134 135 2348 1194
t 134 201 1193 1194
t 1234 1194 1193 201
t 100 1164 166 1171
t 1213 1171 166 1164
t 692 693 1727 1662
t 692 1727 1661 1662
t 2229 2366 1145 2033
t 72 73 2229 1145
t 72 2229 2261 1145
t 2033 73 2229 138
t 70 71 2034 1143
t 70 2034 1142 1143
t 2233 71 2034 136
t 66 1178 2230 1140
t 66 2230 74 1140
t 1189 1140 2230 1178
t 42 1136 2035 1137
t 42 2035 49 1137
t 1450 1508 2231 1031
t 484 2231 1031 1450
t 2258 2231 484 1450
t 1450 2231 2270 2373
t 566 1565 1581 1520
t 566 1581 572 1520
t 510 511 570 1472
t 1472 511 570 1528
t 1472 1528 570 1527
t 507 1968 1466 1467
t 136 137 2232 1195
t 136 2232 1223 1195
t 2030 2232 1195 1223
t 884 885 1949 1894
t 1950 1894 1949 885
t 2256 2027 1883 1944
t 879 1944 2256 1883
t 879 2256 887 1883
t 115 1232 123 1176
t 1212 1232 115 1176
t 1231 871 864 1865
t 823 824 886 1820
t 823 886 1877 1820
t 1880 1877 886 1820
t 821 822 884 1819
t 821 884 1875 1819
t 1894 1819 1875 884
t 817 818 880 1816
t 1816 818 880 881
t 1945 1816 880 881
t 1945 880 1816 2156
t 816 2257 824 1813
t 816 1867 2257 1813
t 1883 1813 2257 1867
t 800 1857 864 1791
t 800 864 807 1791
t 1865 1791 864 1857
t 1923 2010 2019 2262
t 1923 2010 2262 894
t 1384 2391 1233 1393
t 1384 408 2391 1393
t 687 688 750 1653
t 687 750 1650 1653
t 1653 688 750 751
t 1413 1653 750 751
t 1413 750 1653 1650
t 73 74 2031 1146
t 1145 73 2031 1146
t 71 72 2233 1144
t 71 2233 1143 1144
t 2261 1144 2233 72
t 2388 1144 1143 2233
t 2288 1702 2387 1629
t 2288 2387 678 1629
t 1629 2387 1452 1702
t 390 391 1417 1368
t 390 1417 1403 1368
t 377 1349 438 1352
t 377 438 385 1352
t 386 387 1972 1364
t 386 1972 1363 1364
t 1959 1913 1964 892
t 954 1964 892 953
t 954 1964 1965 892
t 2043 211 1240 1245
t 1913 955 2046 1965
t 928 1981 58 11
t 920 1981 928 11
t 8 58 928 1981
t 928 1238 8 1981
t 1238 928 920 1981
t 1979 971 2045 1975
t 971 1975 965 2045
t 965 1971 957 1967
t 2044 2234 1255 1254
t 1254 231 2234 1255
t 231 1255 223 2234
t 2235 1080 1443 1393
t 408 2235 416 1393
t 1370 2235 408 1393
t 2265 1393 416 2235
t 1080 1370 1393 2235
t 1199 2440 1239 1244
t 209 1244 2440 208
t 209 1244 1239 2440
t 216 1251 208 1208
t 216 1251 1208 1249
t 416 2236 424 1395
t 2265 2236 416 1395
t 1395 2236 1448 2416
t 449 450 2237 1415
t 1414 449 2237 1415
t 324 325 386 1315
t 450 451 2418 1416
t 450 2418 1460 1416
t 1472 1416 1460 2418
t 446 506 513 1408
t 446 513 454 1408
t 1464 1408 513 506
t 1450 1396 1018 1445
t 424 1445 1018 1396
t 323 1350 392 1311
t 323 392 331 1311
t 1359 1311 392 1350
t 278 339 285 1292
t 1292 347 339 285
t 1384 1292 347 339
t 1384 1205 1292 339
t 1688 2238 2013 1769
t 767 1769 2238 766
t 767 1769 2013 2238
t 701 1766 1688 1685
t 1688 1766 701 766
t 766 1766 701 765
t 1718 1798 817 1801
t 742 1711 1718 1795
t 1801 809 742 1795
t 809 1795 801 742
t 1692 1773 2264 1774
t 769 1774 760 2264
t 769 1774 2264 1773
t 1679 2239 1749 1764
t 761 1764 2239 760
t 761 1764 1749 2239
t 947 948 1000 1956
t 947 1000 1989 1956
t 1956 948 1000 1001
t 1956 1000 1989 1049
t 1049 1000 1001 1956
t 201 202 2240 1234
t 2267 201 2240 1234
t 1280 1234 2447 2240
t 166 1293 173 1213
t 198 1260 2266 1227
t 198 2266 206 1227
t 1271 1227 2266 1260
t 749 1329 2268 1733
t 749 2268 757 1733
t 1813 1733 2268 1329
t 1791 1452 733 1788
t 1192 2069 2001 1032
t 1980 2175 989 1984
t 2175 1980 989 982
t 2241 1605 2141 2144
t 1540 1605 2141 2241
t 1540 2141 573 2241
t 2141 1603 2241 2144
t 2242 1679 2144 1745
t 1605 1679 2144 2242
t 1605 2144 632 2242
t 2144 1678 2242 1745
t 2243 1540 2137 2141
t 1486 1540 2137 2243
t 1486 2137 514 2243
t 2137 1539 2243 2141
t 2244 1486 2133 2137
t 1430 1486 2133 2244
t 1430 2133 455 2244
t 2133 1494 2244 2137
t 2245 1331 2121 2125
t 1288 1331 2121 2245
t 1288 2121 271 2245
t 2121 1330 2245 2125
t 2246 1380 2125 2129
t 1331 1380 2125 2246
t 1331 2125 332 2246
t 2125 1387 2246 2129
t 2247 1430 2129 2133
t 1380 1430 2129 2247
t 1380 2129 393 2247
t 2129 1429 2247 2133
t 1157 2110 84 2114
t 2114 1203 2110 84
t 2147 1650 750 1735
t 2147 1070 750 1650
t 2147 1634 1070 1650
t 1997 1377 2118 1072
t 2118 1997 2122 1377
t 1248 2118 215 1997
t 1997 1072 2118 215
t 2138 1060 270 580
t 758 1060 2138 580
t 1547 2138 521 580
t 1547 758 2138 580
t 2138 1538 521 580
t 2138 270 1538 580
t 1384 2126 339 400
t 1384 2130 2126 400
t 2126 1376 339 400
t 2126 2130 1376 400
t 1205 2126 2122 1378
t 1292 2122 278 1378
t 1292 1205 2122 1378
t 2122 1324 278 1378
t 1246 2114 150 2008
t 1246 2118 2114 2008
t 2008 1242 2114 150
t 1798 1735 817 2152
t 2088 2013 2149 702
t 2088 2149 2013 2153
t 1772 2149 702 2088
t 980 2049 1309 1308
t 1308 1309 980 1007
t 2036 968 1009 2205
t 2036 1007 1308 1009
t 1009 1308 973 1007
t 1341 1013 1314 1011
t 2054 1177 1314 1011
t 1177 1341 1314 1011
t 963 1343 1155 1005
t 963 1005 1155 2016
t 2054 984 1305 1314
t 1314 1305 11 984
t 1081 29 983 35
t 42 1151 983 1087
t 6 1272 1985 996
t 1021 2078 1158 1024
t 8 58 141 928
t 1155 2048 2036 1343
t 978 2055 1420 1422
t 2026 1995 959 1012
t 2026 1995 960 959
t 2026 960 1995 2014
t 1345 1065 1064 1168
t 1065 1345 1064 1076
t 418 1792 1270 478
t 1270 1792 470 478
t 404 1029 1794 465
t 1029 457 1794 465
t 552 610 618 1030
t 23 17 2106 1101
t 1185 1964 2206 2165
t 1185 2206 1996 2250
t 2248 2090 51 2087
t 1102 2087 2248 51
t 921 11 2438 1013
t 1013 11 2438 1314
t 1314 984 11 2438
t 1991 2071 2164 1039
t 687 1019 679 1634
t 1634 679 626 619
t 687 1634 679 626
t 1597 575 576 634
t 1597 1596 575 634
t 1597 1667 1596 634
t 635 1597 576 634
t 1597 634 635 1667
t 1024 1044 1158 1023
t 1158 1023 1044 85
t 522 1493 1496 1045
t 1496 522 470 462
t 1496 522 462 1493
t 530 1496 522 470
t 1496 530 522 1045
t 515 1046 1479 1478
t 1479 456 457 515
t 1479 1478 456 515
t 516 1479 457 515
t 1479 515 516 1046
t 260 1300 1302 1260
t 1300 1260 260 252
t 252 315 260 1300
t 1300 323 315 260
t 1300 323 260 1302
t 1831 764 765 829
t 830 1831 765 829
t 1831 829 830 1898
t 1638 2003 627 689
t 627 689 688 1638
t 123 190 131 1216
t 1216 198 190 131
t 1216 198 131 1219
t 1722 1228 690 691
t 1722 1228 691 1723
t 690 691 754 1722
t 1722 690 753 754
t 1722 691 754 1723
t 1985 2249 996 956
t 1985 2249 956 67
t 1985 1409 1945 2249
t 1985 1409 2249 67
t 1985 1945 942 2249
t 942 2249 996 1985
t 1947 1875 883 884
t 883 884 945 1947
t 1947 884 945 946
t 1947 884 946 1949
t 1947 1875 884 1949
t 1842 776 1772 1848
t 1842 1772 776 767
t 767 832 776 1842
t 1842 840 832 776
t 1842 840 776 1848
t 1456 1972 447 448
t 447 448 507 1456
t 1456 448 507 508
t 1456 448 508 1459
t 1972 1402 448 1459
t 1348 1300 323 315
t 1350 1300 1302 323
t 315 377 323 1348
t 1348 385 377 323
t 1348 385 323 1350
t 1355 326 388 1304
t 325 326 1355 1304
t 325 326 387 1355
t 1355 326 387 388
t 1816 1413 751 1805
t 1816 1413 750 751
t 750 751 817 1816
t 1816 751 817 818
t 1816 751 818 1805
t 2250 2206 1998 2165
t 1185 2206 2250 2165
t 1262 2209 262 253
t 1262 1303 2209 1299
t 1262 2209 253 1299
t 1251 1291 279 208
t 1251 1291 208 2117
t 1255 1295 223 1054
t 1255 231 223 1295
t 1245 210 1283 1053
t 1245 210 211 1283
t 1550 1614 581 573
t 1550 1614 573 2241
t 2038 2210 1608 1600
t 1608 1600 2210 638
t 1437 1494 462 455
t 1437 1494 455 2244
t 1614 1692 640 632
t 1614 1692 632 2242
t 1494 1550 522 514
t 1494 1550 514 2243
t 2241 1539 1550 1603
t 1550 1614 2241 1603
t 1614 632 2241 1603
t 1603 2141 2241 1539
t 143 1208 2107 1044
t 1458 2215 507 499
t 2215 1511 499 1458
t 2215 1515 1511 1458
t 1801 2216 817 809
t 872 1436 1795 809
t 1871 1436 2216 1801
t 1181 2212 132 124
t 1181 1221 2212 1215
t 1181 2212 124 1215
t 1847 1920 833 825
t 1847 1920 825 1838
t 1774 1847 769 760
t 1774 1847 760 1838
t 1608 2214 2213 1688
t 1688 2214 2213 701
t 1541 576 577 2211
t 1541 1597 576 2211
t 1541 1607 1597 2211
t 1153 1135 18 1268
t 1839 825 826 1910
t 1839 1896 825 1910
t 1769 1062 831 832
t 1769 766 767 832
t 1769 831 766 832
t 1764 760 761 1839
t 1764 1822 760 1839
t 1622 1360 2251 2196
t 1622 2251 664 656
t 1622 2251 656 1698
t 1622 664 2251 1360
t 1622 2251 1698 2196
t 1711 1705 679 1624
t 1711 734 679 1705
t 2242 1603 1614 1678
t 1614 1692 2242 1678
t 1692 695 2242 1678
t 1678 2144 2242 1603
t 1509 604 553 546
t 1509 15 604 1555
t 1509 604 546 1555
t 1494 1550 2243 1539
t 1550 573 2243 1539
t 1539 2137 2243 1494
t 2042 891 1959 890
t 1511 1509 2217 1454
t 1454 1511 499 492
t 1511 2217 492 1454
t 1354 2218 386 378
t 1354 2218 378 1397
t 1354 2218 1397 1401
t 1451 2217 492 485
t 1451 2217 485 1500
t 1451 2217 1500 1509
t 1161 1328 2252 2097
t 2252 2097 1044 1161
t 1161 2252 93 85
t 2252 1044 85 1161
t 1161 93 2252 1328
t 1336 1387 340 332
t 1336 1387 332 2246
t 2244 1429 1437 1494
t 1494 2133 2244 1429
t 1607 2253 1361 2197
t 1607 635 636 2253
t 1607 1667 635 2253
t 1607 2253 636 1361
t 1607 2197 1667 2253
t 1541 1536 2039 576
t 1488 1541 2039 2254
t 1488 518 519 2254
t 1488 2039 518 2254
t 1488 14 1541 2254
t 1488 1480 2041 518
t 1154 78 79 1385
t 1154 1198 78 1385
t 1685 1668 2029 2214
t 1685 1668 2214 700
t 1434 459 460 519
t 519 2041 1434 459
t 519 2041 1489 1434
t 2246 1330 1336 1387
t 1387 2125 2246 1330
t 1333 336 337 1374
t 1374 1382 1333 336
t 1311 331 323 2255
t 1311 331 2255 1313
t 1311 2255 1271 1313
t 1387 1437 401 393
t 1387 1437 393 2247
t 1401 1458 439 1454
t 1401 507 447 439
t 1401 507 439 1458
t 1303 2219 324 316
t 1303 1354 2219 1346
t 1303 2219 316 1346
t 1291 1336 279 271
t 1291 1336 271 2245
t 1281 267 1318 1307
t 1274 2120 1315 262
t 1258 1300 244 252
t 1301 1258 1300 244
t 1392 2221 409 401
t 1392 2221 401 1435
t 1392 2221 1435 1440
t 1291 1336 2245 1330
t 1336 332 2245 1330
t 1330 2121 2245 1291
t 1310 269 331 1319
t 1310 1282 269 1319
t 1313 1319 331 269
t 1313 1319 269 1282
t 1313 269 1271 1273
t 2255 331 269 1313
t 2255 269 1271 1313
t 1313 1282 269 1273
t 1315 1263 262 325
t 1315 262 324 325
t 1387 1437 2247 1429
t 1437 455 2247 1429
t 1429 2129 2247 1387
t 1381 394 395 2222
t 1381 1421 394 2222
t 1381 1431 1421 2222
t 1235 2220 1434 1426
t 1434 1426 2220 459
t 1398 431 485 1451
t 1398 485 1412 1451
t 1278 264 325 1304
t 1253 285 230 1294
t 2023 1593 694 1664
t 1647 1581 694 686
t 1647 694 1581 1649
t 1733 757 749 1647
t 1733 757 1647 1734
t 2024 1228 1587 690
t 1587 1206 689 690
t 2024 1587 689 690
t 1228 1206 1587 690
t 1189 1140 2200 2230
t 1189 139 131 2230
t 1189 139 2230 2200
t 2027 1883 1952 2256
t 1055 949 948 1957
t 1055 1951 949 1957
t 1820 824 886 1880
t 1520 572 566 1464
t 1520 572 1464 1521
t 1883 887 879 2257
t 1883 887 2257 1885
t 1883 2257 1813 1885
t 1227 206 198 1189
t 1227 206 1189 1229
t 1146 74 2031 1188
t 1589 629 1206 691
t 1228 1589 1206 691
t 691 1589 1661 1228
t 1585 627 2223 1638
t 1653 1638 1585 2223
t 1649 694 1581 1582
t 1649 1664 694 1594
t 1649 1594 694 1582
t 1593 1594 694 1664
t 1583 2223 1650 1585
t 1583 687 1650 2223
t 1199 143 144 2440
t 1199 2111 143 2440
t 1199 1244 2111 2440
t 1234 2348 1223 1194
t 1234 2348 201 202
t 1234 2348 202 1223
t 1975 965 2045 1967
t 1213 1171 1212 108
t 1213 173 166 108
t 1213 173 108 1212
t 1206 1527 1406 1587
t 1587 1527 2225 1206
t 1587 2225 628 1206
t 1221 1262 199 191
t 1221 1262 191 1259
t 1527 1471 2227 570
t 1527 570 1472 1471
t 1527 2227 569 570
t 1142 135 1194 2034
t 1194 1142 134 135
t 1504 1448 2258 2228
t 2373 2231 2258 1450
t 2373 1448 1450 2258
t 1504 2228 2258 537
t 1504 545 537 2258
t 1504 545 2258 2231
t 1558 140 596 2259
t 2259 1558 1407 1504
t 1558 1504 2259 2226
t 1558 2226 2259 596
t 953 1963 1959 952
t 1959 890 891 953
t 953 952 1959 890
t 1920 957 896 888
t 1920 957 888 1040
t 1136 1171 108 2035
t 1171 108 100 1136
t 2044 2234 1252 1255
t 1255 223 2234 1252
t 1408 454 446 1359
t 1408 454 1359 1410
t 1245 2043 211 210
t 1192 199 1230 1222
t 1731 694 757 1744
t 1731 1664 694 1744
t 1734 1744 757 694
t 1734 1744 694 1664
t 1661 755 1740 1727
t 1661 755 754 1740
t 2387 1452 741 1710
t 2387 1710 1629 1452
t 2387 733 741 1452
t 49 2035 1138 1137
t 1952 2256 1883 1885
t 1951 1952 2256 949
t 1951 1952 1885 2256
t 1383 572 1365 1594
t 1383 1533 572 1594
t 1365 572 631 1594
t 1582 1594 631 572
t 1582 1594 572 1533
t 1582 572 1520 1521
t 1581 631 572 1582
t 1581 572 1520 1582
t 1582 1533 572 1521
t 1467 508 507 1516
t 1968 1516 1467 507
t 1583 1522 626 1569
t 1519 2260 572 1533
t 1519 1477 2260 1533
t 1521 1533 572 2260
t 1521 1533 2260 1477
t 1195 137 2232 1224
t 2030 1224 1195 2232
t 1145 73 2229 2033
t 1145 73 2033 2031
t 1176 1138 2224 49
t 1176 49 2224 115
t 2224 2191 1139 1138
t 1176 123 115 2224
t 1176 1232 123 1216
t 1965 1964 1913 892
t 1913 892 893 955
t 955 1913 892 1965
t 951 1910 1911 889
t 1911 889 890 951
t 1911 951 890 952
t 1522 1514 567 507
t 1231 1865 1942 871
t 1964 1959 892 953
t 2156 880 2160 1945
t 1956 1055 886 948
t 1956 886 947 948
t 2261 2229 2366 1145
t 1195 1144 2233 2261
t 2261 137 1195 2229
t 2261 1144 1145 2366
t 1195 2233 136 2261
t 1195 2261 136 137
t 1521 2260 1464 1465
t 1464 572 2260 1521
t 1521 1477 2260 1465
t 2262 1923 1921 1441
t 1923 2019 1441 2262
t 1923 903 894 2262
t 1923 903 2262 1921
t 1885 2257 1813 1814
t 1885 1880 887 2257
t 1885 1880 2257 1821
t 1885 1821 2257 1814
t 1894 884 885 1819
t 1865 871 864 1791
t 1734 694 1647 1649
t 1647 757 694 1734
t 1734 1664 694 1649
t 1225 1197 206 1237
t 1229 1237 206 1197
t 1229 206 1189 1191
t 1229 1197 206 1191
t 2233 1143 2388 2034
t 1143 71 2034 2233
t 1415 2365 1048 16
t 449 2365 1415 16
t 1415 2365 449 450
t 1415 2365 450 1048
t 1443 1504 2228 1448
t 1443 1499 537 2228
t 1499 537 529 1443
t 2263 1526 2390 2003
t 568 569 627 2263
t 2002 568 2263 1526
t 569 2263 1526 2225
t 2390 2225 1526 2263
t 2046 955 1015 1966
t 1208 208 2111 1251
t 1469 2227 1527 1471
t 1469 569 1526 2227
t 1526 1469 568 569
t 1395 1367 2383 1446
t 1447 1446 1395 2383
t 416 1447 1395 2383
t 1395 424 416 2383
t 1395 424 2383 1367
t 1363 447 1411 1972
t 1364 387 1972 1402
t 1368 391 1417 1405
t 1349 438 1016 377
t 2040 1349 438 1016
t 438 2040 1352 1349
t 1405 1369 454 1419
t 1410 1419 454 1369
t 1410 454 1359 1362
t 1410 1369 454 1362
t 1402 449 1414 16
t 1233 1393 2391 1447
t 1393 416 408 2391
t 1393 416 2391 1447
t 1359 392 1311 1362
t 1464 513 1408 1465
t 1718 1801 742 1795
t 1718 817 750 742
t 1718 817 742 1801
t 1692 2264 703 695
t 1692 1762 2264 1678
t 1692 2264 695 1678
t 1692 2264 1762 1774
t 1688 766 701 2238
t 1688 701 702 2238
t 1688 1769 766 2238
t 1679 695 696 2239
t 1679 1745 695 2239
t 1679 1764 1745 2239
t 386 2101 1315 1364
t 1466 1411 507 1456
t 1463 1419 513 1477
t 1465 1477 513 1419
t 1415 450 2237 1460
t 1415 2237 1471 1460
t 1395 2236 424 1445
t 1395 1448 2236 1445
t 1472 2418 510 511
t 1472 2418 511 1462
t 1472 1416 2418 1462
t 1358 1319 392 1369
t 1362 1369 392 1319
t 1318 329 328 1357
t 1366 1318 328 1357
t 1315 325 386 1364
t 1364 1355 1315 325
t 1745 695 2264 1678
t 1745 2264 1762 1678
t 1362 1311 1313 392
t 1362 1319 392 1313
t 1465 513 1408 1410
t 1465 1419 513 1410
t 1471 1414 2237 1415
t 1469 1414 508 509
t 1469 1414 509 2237
t 1301 1348 974 315
t 1349 1301 1348 974
t 1766 1685 701 765
t 1443 1393 2265 2235
t 2416 2236 2265 1395
t 2416 1393 1395 2265
t 1443 2235 2265 469
t 1443 477 469 2265
t 1443 477 2265 2236
t 1795 801 742 1711
t 1271 269 260 2266
t 1271 269 2266 1273
t 1271 2266 1227 1273
t 1234 202 2240 1371
t 1280 1371 1234 2240
t 1213 1293 173 1256
t 1267 206 269 1282
t 1267 1237 206 1282
t 1273 1282 269 206
t 1273 1282 206 1237
t 1230 262 1274 1263
t 1273 206 1227 1229
t 2266 269 206 1273
t 2266 206 1227 1273
t 1273 1237 206 1229
t 2447 2267 1234 2104
t 2447 2267 2240 1234
t 1278 2104 263 2267
t 1278 2267 263 264
t 1278 2267 264 2240
t 158 222 1253 1247
t 2105 1293 166 1213
t 158 222 166 1253
t 1253 230 222 166
t 1253 230 166 1293
t 1813 824 816 2268
t 1813 824 2268 1814
t 1813 2268 1733 1814
t 1744 2269 1820 1821
t 1820 2269 824 1821
t 1814 1821 824 2269
t 1814 1821 2269 1744
t 1814 2269 1733 1734
t 2268 824 2269 1814
t 2268 2269 1733 1814
t 1814 1744 2269 1734
t 1740 822 1819 1373
t 1819 1740 821 822
t 733 1791 741 1452
t 733 1791 807 741
t 1791 807 800 733
t 1565 967 566 618
t 618 1565 967 1508
t 967 1565 1327 1508
t 2040 1396 1016 1018
t 2040 1016 438 1018
t 2046 1915 1015 831
t 2046 893 831 1015
t 1018 1031 207 1449
t 1450 1018 1449 1031
t 1438 1634 619 1624
t 679 1634 1019 1624
t 1634 679 619 1624
t 1412 485 1500 1451
t 1831 1830 764 829
t 1831 1898 1830 829
t 1753 764 1831 1830
t 610 140 768 1030
t 610 768 618 1030
t 140 768 663 610
t 610 2288 618 768
t 1450 2231 1508 2270
t 2231 545 1508 2270
t 545 1407 1508 2270
t 1286 1955 11 2051
t 1014 142 1398 431
t 1398 485 142 1412
t 1398 485 431 142
t 545 140 1030 1407
t 1589 1406 1206 174
t 1394 1014 417 142
t 1394 1412 1398 142
t 1394 142 1398 1014
t 1218 1433 2192 1057
t 928 58 935 9
t 9 991 58 935
t 928 9 935 1184
t 1866 991 9 935
t 1184 1866 9 935
t 2108 1188 2200 74
t 2108 2200 1188 1191
t 517 457 1695 465
t 470 538 1270 478
t 2302 76 12 504
t 2302 12 76 571
t 2302 12 565 504
t 2302 565 12 571
t 229 1473 237 230
t 229 230 285 292
t 230 285 292 293
t 230 237 2273 1473
t 230 293 292 2273
t 2272 323 330 331
t 260 323 2272 2255
t 2255 331 323 2272
t 255 1470 318 256
t 254 318 2271 255
t 2271 317 324 325
t 259 330 268 2272
t 2272 315 322 323
t 251 259 2272 1481
t 251 315 314 2272
t 1072 214 1475 277
t 278 1072 1475 277
t 221 1484 229 285
t 221 285 1475 284
t 285 284 278 1475
t 253 316 2271 254
t 2209 316 2271 253
t 324 2209 316 2271
t 268 331 2272 330
t 268 331 330 1310
t 237 2281 243 2273
t 1461 322 329 330
t 1461 259 322 330
t 259 322 330 2272
t 1315 1278 1263 325
t 225 2275 233 2274
t 225 2274 2276 281
t 2274 281 2405 2276
t 2274 2405 288 289
t 2274 233 296 2275
t 2274 289 288 296
t 247 1482 255 248
t 247 248 303 310
t 248 310 311 304
t 248 304 303 310
t 248 255 1470 1482
t 248 311 310 1470
t 2275 2403 295 296
t 225 288 2275 2274
t 2274 2275 296 288
t 240 309 247 303
t 224 287 2275 225
t 295 294 287 224
t 2275 287 224 295
t 296 2402 358 297
t 1470 1782 318 319
t 226 289 2274 234
t 234 289 296 297
t 210 273 211 1283
t 274 1283 211 273
t 218 281 225 2276
t 218 2276 1485 281
t 2276 281 274 1485
t 2276 274 281 2405
t 228 1484 2277 229
t 228 290 2278 2277
t 2277 298 290 2278
t 2277 291 298 299
t 229 2277 1473 1484
t 2277 1473 291 299
t 227 290 2278 228
t 227 290 1483 2278
t 289 1785 1483 290
t 2278 297 1785 1483
t 1473 1784 299 300
t 1473 2273 292 300
t 229 292 1473 230
t 230 1473 2273 292
t 223 231 286 1295
t 294 1295 286 231
t 230 293 2273 1293
t 1484 284 291 292
t 1484 285 284 292
t 221 284 1484 285
t 219 1531 1502 220
t 219 1531 2276 1502
t 1502 2274 2405 2276
t 1502 2405 2274 289
t 217 1503 224 281
t 217 281 1506 280
t 281 280 273 1506
t 216 1532 1503 217
t 279 1250 216 1503
t 1503 279 1250 1054
t 286 1054 279 1503
t 232 1501 2275 295
t 1501 2275 295 296
t 624 1491 685 625
t 621 1517 689 622
t 621 681 620 689
t 689 688 680 620
t 620 680 687 688
t 619 679 626 620
t 1491 685 1487 2287
t 1490 682 689 690
t 1206 1490 689 690
t 617 1548 624 618
t 617 618 610 677
t 618 677 2288 610
t 618 2288 677 678
t 618 624 1491 1548
t 618 678 677 1491
t 610 663 670 2288
t 663 895 2288 768
t 595 1518 603 655
t 595 655 2279 654
t 655 654 647 2279
t 587 654 595 2279
t 2279 639 646 647
t 2210 579 2279 638
t 639 2210 2279 638
t 267 1461 329 1307
t 1307 1461 329 330
t 213 1530 220 1505
t 1285 213 1505 276
t 277 1285 1505 276
t 252 315 2272 260
t 260 315 2272 323
t 250 1498 258 251
t 250 313 320 258
t 258 313 320 321
t 251 258 1481 1498
t 258 1481 313 321
t 249 1524 320 250
t 249 312 1497 320
t 320 319 312 1497
t 248 312 1497 249
t 248 311 1470 1497
t 1497 311 1470 319
t 1482 317 1809 309
t 1482 318 317 254
t 254 317 2271 318
t 1482 1470 310 318
t 247 310 1482 248
t 248 1482 1470 310
t 246 309 2280 247
t 2280 309 316 317
t 247 2280 1482 309
t 2280 1482 309 317
t 245 1525 2280 246
t 1299 308 2280 245
t 316 1299 308 2280
t 1498 1810 313 314
t 1498 314 313 1481
t 250 313 258 1498
t 1498 258 1481 313
t 1503 1833 286 287
t 1503 281 280 287
t 217 280 1503 281
t 2281 299 306 307
t 2281 1524 1498 306
t 2281 307 306 1498
t 236 2281 1473 299
t 2281 1473 299 300
t 220 1505 228 221
t 220 283 290 228
t 228 283 290 291
t 221 228 1484 1505
t 228 1484 283 291
t 1481 314 321 322
t 1481 2272 314 322
t 251 1481 2272 314
t 209 1532 217 1506
t 272 1243 1506 209
t 1506 1053 1243 272
t 273 1053 1506 272
t 220 282 1502 290
t 290 289 1832 1502
t 691 690 683 1490
t 1490 683 691 623
t 2189 683 1490 623
t 258 267 1461 321
t 259 1837 1461 258
t 258 1461 1481 321
t 1505 277 283 284
t 1505 284 283 1484
t 220 283 228 1505
t 1505 228 1484 283
t 1484 292 291 1473
t 228 291 2277 1484
t 1484 2277 1473 291
t 128 195 203 129
t 128 195 2282 203
t 203 202 195 2282
t 2216 872 2305 809
t 880 2216 872 2305
t 127 2361 2282 128
t 126 194 2284 2282
t 2282 201 194 2284
t 2282 194 201 202
t 2298 131 138 139
t 66 131 2298 2230
t 2230 139 131 2298
t 125 193 2283 126
t 2283 192 199 200
t 2212 191 2283 124
t 199 2212 191 2283
t 2285 749 756 757
t 686 749 694 1647
t 1647 757 749 694
t 126 194 2282 127
t 126 193 2283 2284
t 2284 200 193 2283
t 2284 193 200 201
t 235 298 242 1537
t 235 1537 2278 298
t 1537 298 2277 2278
t 1537 2277 298 299
t 1530 1834 282 283
t 1530 1505 276 283
t 213 276 1530 1505
t 685 749 2285 686
t 2285 748 755 756
t 2029 2214 1688 1685
t 693 757 2285 756
t 693 757 756 1731
t 468 1601 476 529
t 468 529 1535 528
t 529 528 521 1535
t 683 746 754 684
t 683 746 2286 754
t 754 753 746 2286
t 682 2362 2286 683
t 682 745 2299 2286
t 2286 752 745 2299
t 2286 745 752 753
t 680 744 2299 681
t 680 743 750 751
t 1487 741 748 749
t 1487 749 748 685
t 685 748 2285 749
t 234 297 241 1529
t 234 1529 1483 297
t 1529 297 2278 1483
t 1529 2278 297 298
t 677 1571 685 2287
t 677 2287 2288 732
t 2287 732 733 2288
t 2287 733 740 741
t 2287 685 1487 1571
t 2287 741 740 1487
t 211 275 1531 212
t 211 274 1485 1531
t 1531 2276 274 1485
t 1531 274 2276 2405
t 210 273 1506 1485
t 1485 281 273 1506
t 2288 725 732 733
t 646 716 654 2289
t 2289 702 709 710
t 2296 941 948 949
t 886 2296 948 887
t 2296 949 948 887
t 1298 301 1525 238
t 308 1298 301 1525
t 2290 580 587 588
t 1532 1836 279 280
t 1532 280 279 1503
t 216 279 1503 1532
t 59 125 124 132
t 107 2372 114 2291
t 107 2291 99 172
t 2291 172 166 2293
t 2291 166 172 173
t 501 1556 2292 502
t 501 562 2314 2292
t 2292 568 562 2314
t 2292 562 568 569
t 502 2292 2294 1556
t 2292 2294 562 569
t 1542 84 91 92
t 1542 29 1510 91
t 1542 92 91 1510
t 99 172 2291 2293
t 99 2293 2295 157
t 2293 157 158 2295
t 502 2368 2294 503
t 2294 2301 569 570
t 1524 306 312 313
t 1524 313 312 320
t 249 312 320 1524
t 2295 150 157 158
t 214 277 1505 1475
t 1475 277 1505 284
t 878 948 886 2296
t 2296 934 940 941
t 262 325 2271 324
t 1203 83 84 149
t 150 1203 84 149
t 1468 625 630 631
t 571 1468 630 1365
t 1365 1468 630 631
t 561 620 1523 627
t 627 626 620 1523
t 1515 619 1523 560
t 1515 1523 619 2017
t 626 2017 619 1523
t 212 1531 220 1530
t 1284 212 1530 275
t 276 1284 1530 275
t 254 317 2280 316
t 254 316 2271 317
t 305 312 311 248
t 248 311 1497 312
t 566 625 572 1581
t 1581 625 572 631
t 242 1524 1897 2281
t 242 1537 1524 2281
t 306 305 1827 1537
t 2281 306 299 1537
t 242 1524 305 312
t 1537 306 305 1524
t 1503 287 286 224
t 223 286 224 1503
t 123 182 189 190
t 123 190 189 131
t 505 2302 512 1476
t 505 1476 1507 565
t 1476 1507 565 566
t 48 115 2308 114
t 115 114 2291 2308
t 208 279 216 1532
t 1244 208 209 271
t 272 1244 209 271
t 483 2370 491 2297
t 483 2297 2309 544
t 2297 544 537 2309
t 2297 537 544 545
t 679 742 687 680
t 750 687 742 680
t 220 1530 282 283
t 1525 1825 308 309
t 1525 309 308 2280
t 245 308 2280 1525
t 65 131 2298 66
t 2298 130 137 138
t 2281 2273 300 307
t 237 1473 2281 2273
t 681 745 2299 682
t 2299 751 744 680
t 2299 744 751 752
t 64 129 2303 2300
t 2300 136 129 2303
t 2300 129 136 137
t 2300 2298 129 137
t 1291 208 271 279
t 208 271 279 1532
t 562 622 2301 563
t 562 621 627 2301
t 2301 621 627 628
t 504 565 2302 505
t 2302 1476 565 571
t 505 565 2302 1476
t 63 128 2304 2303
t 2303 135 128 2304
t 2303 128 135 136
t 62 2367 2304 63
t 2304 134 135 126
t 2304 134 126 69
t 126 2284 134 135
t 61 1559 69 62
t 61 126 125 69
t 69 133 126 125
t 69 126 133 134
t 57 123 130 131
t 57 131 130 65
t 65 130 2298 131
t 654 1545 662 655
t 654 655 2289 716
t 655 716 710 2289
t 655 710 716 717
t 655 662 724 1545
t 655 717 716 724
t 226 1483 1502 289
t 1483 289 290 1502
t 811 1566 819 812
t 811 874 2305 819
t 819 881 874 2305
t 819 874 881 882
t 812 819 2317 1566
t 819 2317 874 882
t 211 274 1531 275
t 1284 211 275 274
t 1066 460 1535 520
t 521 1066 1535 520
t 57 114 122 123
t 565 1468 1476 566
t 566 618 624 625
t 565 571 1468 1495
t 566 625 624 1468
t 810 874 2305 811
t 2305 141 880 881
t 239 295 301 302
t 239 1501 295 302
t 232 295 239 1501
t 1531 1835 2405 282
t 1531 1530 275 282
t 212 275 1531 1530
t 536 603 544 2306
t 536 2306 2290 587
t 2306 587 588 2290
t 2306 588 595 596
t 1476 1468 571 572
t 512 1476 571 1519
t 1519 1476 571 572
t 814 1610 2307 815
t 814 877 2313 2307
t 2307 884 877 2313
t 2307 877 884 885
t 815 2307 2316 1610
t 2307 2316 877 885
t 506 566 1476 1464
t 1464 566 1476 572
t 2215 560 2314 499
t 567 2215 560 2314
t 2308 99 2291 108
t 476 544 483 2309
t 476 2309 529 536
t 2309 529 536 537
t 130 205 138 131
t 131 190 197 198
t 879 941 2296 2256
t 2256 941 2296 949
t 939 995 947 948
t 939 878 940 948
t 878 940 948 2296
t 877 939 885 878
t 877 939 938 885
t 885 946 939 938
t 885 939 946 947
t 875 2376 2310 876
t 875 937 2311 2310
t 2310 944 937 2311
t 2310 937 944 945
t 874 937 2311 875
t 874 936 2312 2311
t 2311 943 936 2312
t 2311 936 943 944
t 873 936 2312 874
t 2312 935 942 943
t 873 141 2312 935
t 141 2312 935 942
t 2379 869 876 877
t 812 2379 2317 2313
t 2313 883 876 2317
t 2313 876 883 884
t 1495 1468 624 630
t 565 624 1468 566
t 565 1495 1468 624
t 863 926 870 927
t 927 926 918 863
t 500 562 2314 501
t 2314 561 567 568
t 799 863 807 864
t 799 864 2318 863
t 864 863 856 2318
t 1538 520 521 579
t 580 1538 521 579
t 847 1563 855 848
t 847 848 2315 910
t 848 910 903 2315
t 848 903 910 911
t 848 855 918 1563
t 848 911 910 918
t 839 910 847 2315
t 2315 894 902 903
t 1510 92 99 100
t 1510 983 2308 99
t 1510 100 99 2308
t 2213 638 2289 701
t 702 2213 2289 701
t 17 22 1542 83
t 84 17 1542 83
t 1532 1506 272 280
t 209 272 1532 1506
t 815 1512 2316 816
t 2316 878 885 886
t 816 2316 879 1512
t 2316 879 878 886
t 812 2379 2313 813
t 2317 875 882 883
t 1512 871 878 879
t 815 878 2316 1512
t 1512 2316 879 878
t 807 864 870 871
t 807 871 870 1512
t 239 302 301 1525
t 238 301 1525 239
t 791 2381 799 2318
t 791 2318 2319 855
t 2318 855 848 2319
t 2318 848 855 856
t 783 855 791 2319
t 783 2319 2320 839
t 2319 839 840 2320
t 2319 840 847 848
t 73 139 2298 138
t 73 139 138 2031
t 775 839 783 2320
t 2320 832 839 840
t 766 831 775 2320
t 832 766 2320 831
t 1531 282 2405 1502
t 2276 2405 1502 1531
t 131 197 205 206
t 138 139 205 1225
t 1225 139 205 206
t 131 198 206 1189
t 1513 197 204 205
t 1513 130 197 205
t 130 197 205 131
t 129 196 203 204
t 130 129 1513 1568
t 129 1513 196 204
t 613 1549 621 2321
t 613 2321 2323 673
t 2321 673 667 2323
t 2321 667 673 674
t 2321 621 1517 1549
t 2321 674 673 1517
t 2218 439 2322 378
t 447 2218 439 2322
t 2322 440 447 448
t 1517 673 1544 674
t 1517 689 682 681
t 621 681 689 1517
t 606 1580 613 2323
t 606 2323 2324 658
t 2323 658 659 2324
t 2323 659 666 667
t 1518 654 661 662
t 1518 662 655 654
t 595 654 1518 655
t 594 1553 1518 595
t 594 653 660 1518
t 1518 653 660 661
t 593 652 660 594
t 593 652 1551 660
t 660 659 652 1551
t 599 658 606 2324
t 599 2324 2325 658
t 2324 658 651 2325
t 2324 651 658 659
t 592 651 2325 1551
t 1551 2324 651 2325
t 1551 651 2324 659
t 591 650 2325 592
t 591 649 2326 2325
t 2325 657 649 2326
t 2325 650 657 658
t 590 649 2326 591
t 2326 649 656 657
t 589 648 2326 590
t 1617 648 2326 589
t 656 1617 648 2326
t 650 592 642 651
t 575 1590 583 642
t 1376 338 339 399
t 400 1376 339 399
t 362 423 369 2327
t 354 2327 2330 423
t 2327 1016 423 369
t 2327 423 416 2330
t 2327 416 423 424
t 2327 424 423 1016
t 380 442 2328 381
t 380 441 2322 2328
t 2328 448 441 2322
t 2328 441 448 449
t 384 453 391 385
t 385 438 445 446
t 385 446 453 454
t 391 392 453 1405
t 1405 392 453 454
t 385 446 454 1359
t 390 445 452 453
t 390 384 445 453
t 384 445 453 385
t 383 444 390 384
t 390 444 451 452
t 390 443 1017 451
t 346 415 354 2329
t 2329 400 407 408
t 354 423 362 2327
t 354 2330 2329 415
t 2330 415 408 2329
t 2330 408 415 416
t 474 534 542 475
t 474 534 2346 542
t 542 541 534 2346
t 648 711 2334 649
t 1698 711 2334 648
t 718 1698 711 2334
t 2292 510 2294 2331
t 2331 2294 569 570
t 509 2331 569 2227
t 570 2227 569 2331
t 846 909 908 854
t 854 916 909 908
t 854 909 916 917
t 847 854 1563 846
t 854 1563 909 917
t 1543 1859 193 194
t 1543 194 193 126
t 126 193 2284 194
t 535 594 601 543
t 543 594 601 602
t 1544 736 1914 737
t 1544 745 744 681
t 681 744 2299 745
t 118 1570 126 1543
t 2335 178 185 186
t 2335 186 185 1543
t 472 2344 2332 473
t 472 531 478 2332
t 2332 539 531 478
t 2332 532 539 540
t 473 2332 2346 2344
t 2332 2346 532 540
t 673 1572 681 1544
t 2333 729 736 737
t 2333 737 736 1544
t 666 1628 673 2333
t 2333 728 721 666
t 2333 721 728 729
t 653 715 722 661
t 661 715 722 723
t 654 661 1545 653
t 661 1545 715 723
t 652 714 722 653
t 652 714 721 722
t 651 713 721 652
t 651 713 720 721
t 650 713 720 651
t 650 712 2334 720
t 720 719 712 2334
t 649 712 2334 650
t 2334 712 718 719
t 97 163 170 98
t 97 163 1575 170
t 170 169 163 1575
t 487 548 494 549
t 487 549 1598 548
t 549 548 541 1598
t 650 713 2342 705
t 713 705 706 2342
t 650 705 720 713
t 111 177 118 2335
t 111 112 104 2335
t 2335 169 177 178
t 634 1642 642 2342
t 1667 634 635 697
t 698 1667 635 697
t 1921 1848 1926 848
t 100 166 2293 108
t 108 2291 166 2293
t 108 166 2291 173
t 1546 171 1862 164
t 1546 99 165 172
t 99 165 172 2293
t 98 164 170 171
t 98 1546 164 171
t 835 898 843 2336
t 2336 891 898 899
t 104 168 2335 169
t 859 922 867 923
t 859 923 852 922
t 923 922 915 852
t 96 162 168 1575
t 1575 169 162 168
t 627 689 620 688
t 95 162 168 96
t 95 160 2337 168
t 618 678 1491 1058
t 1058 686 678 1491
t 94 160 2337 95
t 616 1578 623 617
t 616 676 1576 623
t 1576 683 684 675
t 617 623 1548 1578
t 623 1548 676 684
t 93 160 2337 94
t 1210 159 2337 93
t 167 1210 159 2337
t 584 1658 1586 585
t 584 643 642 592
t 592 651 643 642
t 1549 673 680 681
t 1549 681 680 620
t 1549 1517 673 681
t 613 673 1549 2321
t 2321 1549 1517 673
t 612 1549 620 613
t 1577 672 679 680
t 620 1577 679 680
t 612 672 1577 1549
t 613 612 1549 1580
t 612 1549 1577 620
t 1578 1625 676 677
t 1578 677 676 1548
t 616 676 623 1578
t 1578 623 1548 676
t 531 590 2338 532
t 2338 590 597 598
t 2093 538 1552 1555
t 1580 665 1628 666
t 1580 673 672 1549
t 1577 1549 672 680
t 1580 612 1549 672
t 477 537 2309 2339
t 2339 2297 537 2309
t 2339 537 2297 545
t 477 537 2339 2228
t 2258 2228 2339 537
t 2258 545 537 2339
t 609 662 669 670
t 609 670 669 1578
t 34 1560 98 97
t 97 106 1560 98
t 1556 556 562 563
t 1556 563 562 2294
t 501 562 2292 1556
t 1556 2292 2294 562
t 95 162 2341 161
t 162 161 153 2341
t 95 161 168 162
t 602 609 1518 660
t 609 1518 661 662
t 598 657 605 1584
t 598 1584 2326 657
t 1584 657 2325 2326
t 1584 2325 657 658
t 1553 646 653 654
t 1553 587 646 654
t 587 646 654 2279
t 586 645 652 653
t 587 586 1553 1588
t 586 1553 645 653
t 585 1656 652 586
t 585 644 1586 652
t 652 651 644 1586
t 582 1590 2340 583
t 2340 640 648 649
t 581 641 2340 582
t 1613 640 2340 581
t 648 1613 640 2340
t 1588 638 645 646
t 1588 646 645 1553
t 1588 586 1553 645
t 1590 634 641 642
t 1590 642 641 2340
t 582 641 2340 1590
t 87 153 2360 161
t 2341 145 153 154
t 1600 578 1588 637
t 638 1600 1588 637
t 642 705 650 2342
t 2342 698 705 706
t 524 576 583 584
t 1554 621 1517 2321
t 1554 622 621 562
t 562 621 2301 622
t 475 535 542 543
t 476 475 1557 1601
t 475 1557 535 543
t 534 593 601 535
t 534 593 2354 601
t 601 600 593 2354
t 1151 2308 1560 107
t 983 1151 2308 1560
t 1969 1921 1973 911
t 1946 1948 1873 882
t 532 2353 2343 533
t 532 590 2338 2343
t 2343 598 590 2338
t 2343 591 598 599
t 533 2343 2354 2353
t 2343 2354 591 599
t 515 1534 1046 1478
t 472 2344 465 524
t 2344 524 525 465
t 2344 524 532 533
t 2344 533 532 2346
t 472 532 2332 2344
t 2344 2332 2346 532
t 53 1602 61 2345
t 2377 2345 2349 111
t 2345 111 112 2349
t 2345 2335 118 119
t 2345 61 1559 1602
t 2345 119 118 1559
t 80 145 87 2341
t 1200 79 80 145
t 146 1200 80 145
t 464 524 472 465
t 465 517 524 525
t 471 531 478 472
t 478 531 538 539
t 473 533 2346 474
t 2346 533 540 541
t 1576 683 2189 623
t 1576 683 1579 2189
t 1576 675 1579 683
t 537 596 2306 2347
t 2347 603 596 2306
t 2259 140 596 2347
t 537 596 2347 2226
t 2259 2226 2347 596
t 140 603 596 2347
t 1557 536 543 544
t 1557 476 536 544
t 476 536 544 2309
t 1567 847 854 855
t 1567 783 847 855
t 783 847 855 2319
t 1585 2002 627 2003
t 543 595 602 603
t 543 536 595 603
t 536 595 603 2306
t 1559 118 1543 119
t 1559 127 126 2304
t 61 126 69 1559
t 530 589 2338 531
t 1552 589 2338 530
t 597 1552 589 2338
t 134 2348 2284 201
t 2348 201 2282 2284
t 2348 2282 201 202
t 1553 654 653 1518
t 594 653 1518 1553
t 555 1592 562 556
t 555 556 606 613
t 556 613 607 606
t 556 607 613 614
t 556 562 1554 1592
t 556 614 613 1554
t 777 1754 2357 778
t 1850 841 2357 777
t 849 1850 841 2357
t 2094 517 2039 1536
t 1545 1912 723 724
t 654 716 1545 655
t 655 1545 724 716
t 611 672 1577 612
t 1624 671 1577 611
t 679 1624 671 1577
t 1003 1562 1159 2350
t 1266 1267 1224 205
t 827 890 835 2336
t 891 827 2336 890
t 2377 110 117 118
t 45 2349 2350 2377
t 2349 111 104 2350
t 2349 104 111 112
t 35 100 2308 108
t 35 100 108 1136
t 1536 516 517 575
t 576 1536 517 575
t 33 1736 97 1196
t 1561 1860 936 937
t 1561 937 936 874
t 874 936 2311 937
t 2350 96 103 104
t 1159 2377 45 2350
t 33 96 2350 39
t 39 96 2350 104
t 867 923 929 930
t 867 874 1561 1604
t 867 930 929 1561
t 548 2363 555 606
t 848 911 918 919
t 848 911 919 1926
t 1563 910 917 918
t 847 910 1563 848
t 848 1563 918 910
t 32 1562 94 1606
t 1606 94 101 102
t 1606 102 1562 94
t 1724 852 2351 914
t 852 914 907 2351
t 852 907 914 915
t 843 907 2351 844
t 843 905 2352 2351
t 2351 913 905 2352
t 2351 906 913 914
t 842 905 2352 843
t 2352 904 912 913
t 31 1741 1606 32
t 1160 93 1606 31
t 101 1160 93 1606
t 843 907 2336 906
t 907 906 899 2336
t 843 906 2351 907
t 819 883 2317 882
t 819 883 882 1874
t 494 549 555 556
t 494 501 1556 1595
t 494 556 555 1556
t 532 2353 524 583
t 2353 583 584 524
t 2353 584 591 592
t 2353 592 591 2354
t 532 591 2343 2353
t 2353 2343 2354 591
t 655 717 724 725
t 655 717 725 1701
t 533 592 2354 534
t 2354 592 599 600
t 1564 88 95 96
t 1564 1003 2350 95
t 1564 96 95 2350
t 1203 1241 1063 149
t 1203 149 1242 1241
t 1566 1561 874 875
t 1566 875 874 2317
t 811 874 819 1566
t 1566 819 2317 874
t 803 1611 811 2355
t 803 2355 2356 859
t 2355 859 860 2356
t 2355 860 867 868
t 2355 811 1566 1611
t 2355 868 867 1566
t 795 859 803 2356
t 2356 852 859 860
t 781 1748 853 782
t 781 845 1615 853
t 853 852 845 1615
t 780 844 851 1615
t 1615 844 851 852
t 779 844 851 780
t 779 842 2357 851
t 851 850 842 2357
t 778 842 2357 779
t 2357 841 849 850
t 779 844 2358 843
t 844 843 836 2358
t 779 843 851 844
t 614 1646 1579 615
t 614 674 1517 1579
t 1579 674 1517 682
t 771 835 779 2358
t 2358 828 835 836
t 571 1365 1574 1519
t 1574 1519 2025 571
t 763 827 771 2358
t 1828 762 763 827
t 828 1828 763 827
t 841 1726 2352 842
t 1924 904 2352 841
t 912 1924 904 2352
t 1548 677 684 685
t 1548 1491 677 685
t 617 677 1548 618
t 618 1548 1491 677
t 623 685 1548 684
t 540 541 2343 599
t 541 2354 599 600
t 479 480 2332 540
t 480 2346 540 541
t 1109 80 87 88
t 1109 25 1564 87
t 1109 88 87 1564
t 574 1660 582 1590
t 1596 574 1590 633
t 634 1596 1590 633
t 579 638 587 2279
t 2279 638 587 646
t 1580 2323 666 673
t 606 666 1580 2323
t 1206 690 691 1490
t 626 2223 620 687
t 2223 620 687 688
t 1646 668 674 675
t 1646 1579 675 674
t 614 674 1579 1646
t 607 1648 1646 608
t 607 1648 2323 1646
t 1646 2321 667 2323
t 1646 667 2321 674
t 665 672 671 611
t 611 671 1577 672
t 603 662 610 663
t 663 662 610 670
t 1648 660 667 668
t 1648 668 667 1646
t 2323 667 1646 1648
t 600 659 1648 601
t 600 659 2324 1648
t 1648 2323 659 2324
t 1648 659 2323 667
t 604 671 611 665
t 604 665 1652 664
t 665 664 1635 1652
t 597 2326 1652 598
t 597 1652 656 604
t 664 604 656 1652
t 616 669 675 676
t 616 615 1576 675
t 616 676 675 1576
t 2326 657 656 1652
t 597 656 1652 2326
t 592 1551 1586 651
t 1551 651 652 1586
t 1656 637 644 645
t 1656 645 644 652
t 585 644 652 1656
t 578 637 1656 1588
t 1588 637 1656 645
t 1658 636 643 644
t 1658 644 643 1586
t 584 643 1586 1658
t 576 2211 1658 577
t 576 635 642 584
t 584 635 642 643
t 1660 1644 640 641
t 1660 641 640 581
t 581 640 2340 641
t 1660 1590 633 641
t 574 633 1660 1590
t 573 1614 581 1660
t 1540 573 574 632
t 633 1540 574 632
t 2211 636 635 1658
t 576 635 1658 2211
t 610 670 1578 677
t 616 1578 669 676
t 609 616 1578 669
t 604 664 671 665
t 15 664 671 604
t 577 14 1656 578
t 577 636 1658 1656
t 1656 636 1658 644
t 590 649 2340 648
t 590 648 2326 649
t 14 637 636 1656
t 577 636 1656 14
t 2189 622 1490 1579
t 2189 683 1579 1490
t 1614 1660 632 640
t 573 632 1614 1660
t 580 639 2279 647
t 580 639 647 1612
t 575 634 1590 642
t 52 1697 60 53
t 52 53 2377 117
t 53 2377 117 118
t 2345 111 2377 118
t 53 60 1602 1697
t 53 118 117 1602
t 801 1742 1738 802
t 872 865 1738 801
t 1795 801 865 872
t 18 86 1174 2359
t 2359 2378 1741 32
t 2359 86 79 18
t 2359 79 86 87
t 1174 1741 32 2359
t 2359 87 86 2378
t 1741 1654 93 94
t 1741 94 2378 86
t 2359 2378 86 1741
t 802 1738 810 803
t 802 803 859 866
t 803 859 866 867
t 803 810 1611 1738
t 803 867 866 1611
t 983 1510 91 99
t 29 983 1510 91
t 86 1654 94 2360
t 2360 145 152 153
t 1659 155 154 1651
t 88 154 2341 96
t 96 162 154 2341
t 2022 69 1193 1142
t 890 826 897 889
t 1568 189 196 197
t 1568 197 196 1513
t 1568 129 1513 196
t 121 1621 129 122
t 121 188 2361 129
t 129 195 188 2361
t 129 188 195 196
t 122 129 1568 1621
t 129 1568 188 196
t 1152 21 1760 82
t 83 1152 1760 82
t 2361 186 194 195
t 78 152 86 2360
t 1385 78 2360 144
t 145 1385 2360 144
t 119 1623 2361 120
t 119 186 1543 2361
t 2361 186 1543 194
t 1570 1864 192 193
t 1570 193 192 125
t 125 192 2283 193
t 137 1513 204 1224
t 1224 1513 204 205
t 116 1631 1618 117
t 1215 183 1618 116
t 191 1215 183 1618
t 1571 740 747 748
t 1571 1487 740 748
t 677 740 1571 2287
t 2287 1571 1487 740
t 676 1625 684 677
t 676 739 675 684
t 684 746 739 2362
t 684 739 746 747
t 677 684 1571 1625
t 684 1571 739 747
t 675 739 2362 684
t 2362 738 745 746
t 1627 730 737 738
t 674 737 1544 2362
t 2362 737 1544 745
t 1572 736 743 744
t 1572 744 743 680
t 1572 1544 736 744
t 673 736 1544 2333
t 673 1572 1544 736
t 672 735 742 743
t 673 672 1572 1628
t 672 1572 735 743
t 679 734 672 671
t 742 679 734 672
t 90 1655 98 91
t 90 156 163 98
t 98 156 163 164
t 1625 732 739 740
t 1625 740 739 1571
t 676 739 684 1625
t 1625 684 1571 739
t 117 1618 125 118
t 176 118 177 184
t 118 177 184 185
t 118 125 1570 1618
t 118 185 184 1570
t 543 602 551 2369
t 2369 543 602 603
t 871 1942 879 1867
t 1944 1867 879 1942
t 547 2389 554 2363
t 547 2363 1669 605
t 598 1584 1669 599
t 2363 605 606 1669
t 676 1625 1626 739
t 669 1633 1625 670
t 732 731 724 1633
t 670 732 724 1633
t 669 731 1626 1625
t 1633 732 731 1625
t 665 1630 672 1628
t 719 1922 666 720
t 666 728 727 1628
t 846 902 909 910
t 846 839 902 910
t 839 902 910 2315
t 1926 919 1061 1977
t 1973 1926 1977 919
t 48 1151 106 107
t 1151 1560 106 107
t 661 731 669 1633
t 661 1633 1545 723
t 1633 1545 723 724
t 1736 27 89 97
t 2021 2018 35 1162
t 653 709 715 716
t 653 646 709 716
t 646 709 716 2289
t 653 716 715 1545
t 653 661 1545 715
t 645 1640 653 646
t 645 708 714 653
t 653 708 714 715
t 644 707 714 645
t 644 707 1637 714
t 714 713 1925 1637
t 493 1680 500 494
t 493 494 548 554
t 494 548 554 555
t 494 500 1595 1680
t 494 555 554 1595
t 643 706 1637 644
t 643 706 2342 651
t 651 713 706 2342
t 641 1642 2364 642
t 2364 703 711 712
t 1691 703 2364 640
t 711 1691 703 2364
t 1640 701 708 709
t 1640 709 708 653
t 645 708 653 1640
t 110 177 1643 176
t 177 176 1884 1643
t 869 1712 877 870
t 869 870 926 932
t 870 926 932 933
t 870 877 939 1712
t 870 933 932 939
t 1642 697 704 705
t 1642 705 704 2364
t 641 704 2364 1642
t 1948 1947 1874 883
t 637 708 645 1640
t 2214 637 1640 700
t 701 2214 1640 700
t 388 2365 2328 449
t 2365 449 442 2328
t 2365 442 449 450
t 388 2365 449 16
t 637 1668 1600 14
t 2029 1668 1600 637
t 106 2372 1546 171
t 2372 1546 171 172
t 774 1748 782 839
t 774 839 1756 838
t 839 838 831 1756
t 1680 554 560 561
t 1680 1595 554 561
t 493 554 1680 494
t 494 1680 1595 554
t 836 1729 1725 837
t 836 899 2336 844
t 844 907 899 2336
t 871 934 2296 879
t 879 934 2296 941
t 1944 941 934 879
t 486 1684 493 548
t 486 548 1687 547
t 548 547 540 1687
t 657 1635 665 666
t 657 658 2334 719
t 658 719 720 2334
t 554 1665 561 1592
t 2363 606 612 613
t 2363 613 612 1592
t 2229 1195 2366 2033
t 2261 2229 1195 2366
t 2261 1144 2366 1195
t 1570 1543 185 193
t 118 185 1543 2335
t 118 1570 1543 185
t 806 869 2379 814
t 814 869 2379 877
t 2313 877 2379 876
t 807 814 1610 806
t 814 1610 869 877
t 1654 152 159 160
t 1654 2360 152 160
t 86 152 1654 2360
t 1655 1892 156 157
t 1655 157 156 98
t 90 156 98 1655
t 1611 867 873 874
t 1611 874 873 810
t 810 873 2305 874
t 48 107 2372 114
t 48 114 2372 56
t 122 189 1568 130
t 130 189 1568 197
t 130 131 189 197
t 122 189 130 123
t 123 130 131 189
t 527 1673 535 528
t 527 586 593 535
t 535 586 593 594
t 633 1644 641 1642
t 1666 633 1642 696
t 697 1666 1642 696
t 525 1675 1671 526
t 525 1675 524 1671
t 1671 2353 584 524
t 1671 584 2353 592
t 55 120 2367 56
t 2367 119 127 128
t 56 2367 1690 120
t 2367 1690 120 128
t 1673 579 586 587
t 1673 587 586 535
t 527 586 535 1673
t 1591 617 623 624
t 559 1591 565 617
t 1591 565 617 624
t 556 614 1554 557
t 557 614 1554 622
t 885 886 1950 1877
t 1055 1877 1950 886
t 1592 613 620 621
t 1592 1554 613 621
t 555 613 1592 556
t 556 1592 1554 613
t 553 2389 1665 554
t 1438 611 619 553
t 619 553 611 1665
t 456 1700 463 1699
t 496 557 2368 497
t 2368 557 563 564
t 497 2368 2371 557
t 2368 2371 557 564
t 1601 528 535 536
t 1601 529 528 536
t 468 528 1601 529
t 551 616 558 2369
t 2369 603 609 610
t 54 119 1559 2367
t 2367 119 1559 127
t 490 551 497 2370
t 2370 544 551 552
t 2370 497 1681 551
t 2370 552 551 1681
t 497 1681 2371 498
t 2371 50 564 1052
t 2371 50 1052 565
t 498 2371 565 1681
t 2378 1003 1564 95
t 25 2378 1003 1564
t 794 859 1746 858
t 859 858 1724 1746
t 1604 929 935 936
t 1604 936 935 873
t 873 935 2312 936
t 850 1724 2352 913
t 1724 913 2351 2352
t 1724 2351 913 914
t 2372 171 180 181
t 2372 121 1621 180
t 2372 181 180 1621
t 89 1657 163 90
t 89 155 1651 163
t 163 162 1891 1651
t 519 1674 527 1673
t 2193 519 1673 578
t 579 2193 1673 578
t 1602 118 125 126
t 1602 1559 118 126
t 53 118 1602 2345
t 2345 1602 1559 118
t 2373 2231 2270 1504
t 1504 2231 2258 2373
t 1504 1448 2373 2258
t 1712 932 938 939
t 869 932 1712 870
t 870 1712 939 932
t 770 1754 778 834
t 1681 552 558 559
t 1681 559 558 565
t 497 558 2371 1681
t 1681 2371 565 558
t 133 134 2283 200
t 134 200 2284 2283
t 134 2284 200 201
t 684 685 1571 747
t 685 1571 747 748
t 685 748 747 2285
t 1616 415 422 423
t 1616 354 415 423
t 354 415 423 2330
t 349 410 2374 350
t 349 410 1757 2374
t 410 2374 418 1792
t 2374 417 1792 1757
t 535 587 594 595
t 535 595 594 543
t 1621 188 1878 180
t 1621 189 188 1568
t 121 188 129 1621
t 1621 129 1568 188
t 678 741 1487 1710
t 1710 749 741 1487
t 1618 1876 191 192
t 1618 1570 184 192
t 117 184 1618 118
t 118 1618 1570 184
t 463 1699 523 464
t 131 2224 57 123
t 1216 1178 131 2191
t 1216 131 1178 1219
t 1216 2191 131 123
t 1178 2224 131 2191
t 350 411 2375 351
t 350 410 2374 2375
t 2375 418 410 2374
t 2375 411 418 419
t 351 2375 419 411
t 1601 536 535 1557
t 1601 475 1557 535
t 539 2338 1670 1669
t 1670 1669 2338 598
t 1669 598 2343 2338
t 1669 2343 598 599
t 885 939 947 886
t 948 886 947 939
t 98 157 164 165
t 98 165 164 1546
t 1628 728 735 736
t 1628 736 735 1572
t 1628 672 1572 735
t 467 1693 475 468
t 467 527 534 475
t 475 527 534 535
t 468 475 1601 1693
t 475 1601 527 535
t 28 1760 34 29
t 29 91 1760 34
t 34 89 97 98
t 34 98 91 90
t 1599 122 129 130
t 1599 57 122 130
t 866 1604 1184 1713
t 1713 935 1604 1184
t 558 557 50 615
t 557 615 2189 50
t 2189 622 615 557
t 1595 554 1592 555
t 1595 562 561 500
t 500 561 2314 562
t 102 1645 110 1643
t 1645 1643 2337 2430
t 1643 2430 168 2337
t 482 2370 1557 543
t 2370 1557 543 544
t 523 1676 590 524
t 523 582 1672 590
t 590 589 582 1672
t 64 65 1599 129
t 65 1599 129 130
t 65 130 129 2298
t 64 129 2300 65
t 65 2300 2298 129
t 1697 1618 124 125
t 1697 1602 117 125
t 52 117 1697 53
t 53 1697 1602 117
t 1682 550 556 557
t 495 556 1556 2368
t 2368 556 1556 563
t 1699 516 523 524
t 2224 1176 2191 1138
t 498 565 1507 559
t 56 114 121 122
t 56 64 1599 1690
t 56 122 121 1599
t 2369 610 616 617
t 558 616 1591 2369
t 2369 617 616 1591
t 1826 761 762 826
t 827 1826 762 826
t 838 1728 846 839
t 838 901 908 846
t 846 901 908 909
t 26 1765 1736 27
t 26 88 1564 1736
t 1736 88 1564 96
t 1202 1097 1152 82
t 1152 82 1063 1202
t 1495 623 1052 1119
t 1495 623 50 1052
t 1495 1591 50 623
t 1495 1591 623 624
t 522 1677 1672 523
t 1045 581 1672 522
t 589 1045 581 1672
t 1610 870 877 878
t 1610 878 877 2316
t 814 877 2307 1610
t 1610 2307 2316 877
t 822 823 2307 885
t 823 2316 885 886
t 822 823 885 1819
t 1819 823 885 1877
t 823 886 885 1877
t 1215 1214 116 1172
t 1690 121 128 129
t 1690 1599 121 129
t 56 1690 1599 121
t 528 587 536 2290
t 2306 587 536 595
t 433 441 1609 1787
t 1609 442 441 380
t 380 441 2328 442
t 561 562 1592 620
t 562 1592 620 621
t 1511 553 1680 492
t 560 1511 553 1680
t 2377 1159 1562 2350
t 2377 1562 102 103
t 870 933 939 878
t 878 933 939 940
t 878 2296 933 940
t 2376 930 937 938
t 869 2376 1712 1715
t 2376 1712 931 938
t 868 930 1561 2376
t 2376 930 1561 937
t 1604 1561 929 936
t 867 1604 1561 929
t 865 1716 1713 866
t 141 1940 928 1713
t 1940 928 1713 865
t 935 141 928 1713
t 1538 1600 2193 579
t 1538 579 2038 1600
t 921 929 1184 867
t 867 929 1184 1604
t 1676 575 582 583
t 1676 583 582 590
t 523 582 590 1676
t 2377 103 110 111
t 862 926 1717 925
t 926 925 918 1717
t 846 910 909 1563
t 846 854 1563 909
t 837 900 1725 908
t 908 907 1887 1725
t 692 756 2285 755
t 692 756 755 1727
t 833 1732 1726 834
t 1919 896 1726 833
t 904 1919 896 1726
t 1728 902 901 846
t 838 901 846 1728
t 30 92 1510 2018
t 2018 100 92 1510
t 834 1726 842 897
t 1595 1556 555 562
t 494 1595 1556 555
t 91 157 99 2295
t 2293 157 99 165
t 466 1696 534 467
t 466 526 525 534
t 534 533 1671 525
t 769 1759 1754 770
t 841 833 1754 769
t 830 1728 838 831
t 830 838 1728 1730
t 1728 901 902 1889
t 1902 830 831 893
t 1063 82 1655 148
t 149 1063 1655 148
t 85 1663 1654 86
t 2252 151 1654 85
t 2252 1654 151 1328
t 159 1328 151 1654
t 765 838 774 1756
t 1766 765 1756 830
t 1766 830 1756 831
t 782 783 839 846
t 783 839 846 847
t 783 847 846 1567
t 807 871 1512 816
t 816 871 1512 879
t 807 871 816 1791
t 1791 1867 871 816
t 816 871 879 1867
t 807 870 1610 815
t 815 870 1610 878
t 815 1512 870 878
t 807 815 1512 870
t 2378 95 94 1562
t 2378 95 1562 1003
t 805 869 2379 806
t 2379 868 875 876
t 804 1739 2379 805
t 804 868 1566 2379
t 2379 868 1566 875
t 1611 1566 867 874
t 803 867 1611 2355
t 2355 1611 1566 867
t 1738 1713 872 873
t 1738 1611 866 873
t 802 866 1738 803
t 803 1738 1611 866
t 372 1737 380 2380
t 372 2380 2382 426
t 2380 426 427 2382
t 2380 2406 433 434
t 2380 380 1609 1737
t 2380 434 433 1609
t 806 863 869 870
t 806 870 869 1610
t 806 814 1610 869
t 478 539 486 1687
t 1687 539 2332 478
t 1687 2332 539 540
t 1855 1850 785 2005
t 2381 855 862 863
t 2381 863 862 806
t 854 925 862 1717
t 854 1717 1563 917
t 1717 1563 917 918
t 365 426 372 2382
t 2382 420 426 427
t 790 862 798 2381
t 790 2381 1567 854
t 2381 1567 854 855
t 786 1747 794 1746
t 1747 1746 2357 850
t 1746 850 851 2357
t 1665 612 619 620
t 1665 1592 612 620
t 554 612 1592 2363
t 554 1665 1592 612
t 355 416 2330 2383
t 2383 2327 416 2330
t 2383 416 2327 424
t 355 416 2383 1447
t 1748 838 845 846
t 1748 839 838 846
t 774 838 1748 839
t 773 837 1748 774
t 1751 837 844 845
t 773 1751 1748 837
t 1751 1748 837 845
t 1758 837 836 1751
t 772 836 2358 780
t 780 844 836 2358
t 353 414 2384 354
t 353 413 2385 2384
t 2384 421 413 2385
t 2384 2407 421 422
t 354 2384 1616 414
t 2384 1616 414 422
t 1754 1726 841 842
t 352 413 1755 2385
t 412 1789 1755 413
t 2385 420 1789 1755
t 351 412 419 359
t 359 412 419 420
t 72 2229 2298 137
t 2229 2298 137 138
t 51 1704 1697 52
t 1175 116 1697 51
t 124 1175 116 1697
t 1338 409 417 348
t 1757 409 348 417
t 515 1677 523 1676
t 1046 515 1676 574
t 575 1046 1676 574
t 1760 1655 90 91
t 28 90 34 1760
t 1760 91 90 34
t 92 158 2295 100
t 100 2293 158 2295
t 100 158 2293 166
t 526 585 1671 593
t 593 592 585 1671
t 1726 897 904 905
t 671 1705 15 1624
t 342 403 350 343
t 342 343 1763 403
t 335 396 1763 1803
t 335 1803 1763 343
t 1693 520 527 528
t 1693 528 527 1601
t 467 527 475 1693
t 1693 475 1601 527
t 334 1780 342 1763
t 1332 334 1763 395
t 1763 396 1332 395
t 458 2041 1696 459
t 458 518 1695 1696
t 526 525 518 1695
t 1696 518 1695 526
t 1109 2359 79 18
t 1109 79 2359 87
t 2356 860 1739 1743
t 796 1743 2356 1739
t 1739 2355 860 2356
t 1739 860 2355 868
t 1742 1716 865 866
t 1742 866 865 1738
t 801 865 1738 1742
t 551 602 608 609
t 551 609 608 615
t 132 200 2283 199
t 132 200 199 1222
t 1413 750 1650 1735
t 828 1038 1729 829
t 828 891 2336 836
t 836 891 2336 899
t 124 2283 1618 191
t 2283 1618 191 192
t 1677 574 581 582
t 1677 582 581 1672
t 522 581 1672 1677
t 542 601 608 543
t 542 601 607 608
t 1677 1676 574 582
t 515 574 1677 1676
t 20 1765 27 1761
t 82 1097 1761 81
t 1097 20 1761 81
t 1657 148 155 156
t 1657 156 155 163
t 89 155 163 1657
t 760 1839 826 761
t 1847 825 1759 760
t 833 1847 825 1759
t 546 604 553 547
t 546 547 1670 604
t 539 1669 1670 547
t 1670 1669 598 605
t 547 553 2389 604
t 547 605 604 2389
t 1150 80 1109 1765
t 81 1150 1765 80
t 639 702 2289 710
t 538 2338 1670 539
t 1555 597 1670 538
t 604 1555 597 1670
t 635 2342 643 1641
t 2253 635 1641 698
t 2253 698 1641 1361
t 699 1361 1641 698
t 518 1675 526 1674
t 2254 518 1674 577
t 578 2254 1674 577
t 115 182 123 1232
t 1232 182 123 190
t 636 699 707 637
t 636 699 1641 707
t 707 706 699 1641
t 549 607 556 550
t 2362 746 745 2286
t 682 745 2286 2362
t 670 732 677 2288
t 2287 732 677 740
t 1626 1939 738 739
t 1626 739 738 675
t 675 738 2362 739
t 1626 730 1627 738
t 675 1626 1627 738
t 669 668 1626 730
t 674 738 1627 737
t 669 675 1626 668
t 668 730 1627 1626
t 27 34 89 97
t 1630 1941 734 735
t 1630 1628 727 735
t 665 727 1628 666
t 665 1630 1628 727
t 22 83 1760 1542
t 1542 83 1760 91
t 730 661 723 731
t 661 723 731 1633
t 1635 1935 726 727
t 1635 666 719 727
t 657 719 1635 666
t 1645 1905 175 176
t 1645 1643 2430 176
t 102 2337 1645 1643
t 664 1630 1635 726
t 1630 1635 726 727
t 82 148 1657 1655
t 1655 148 1657 156
t 707 637 700 708
t 637 700 708 1640
t 2342 1641 698 706
t 635 698 2342 1641
t 1644 1938 703 704
t 1644 1642 696 704
t 633 696 1644 1642
t 1654 160 159 93
t 93 159 2337 160
t 101 2337 1645 102
t 1211 167 1645 101
t 175 1211 167 1645
t 2389 605 611 612
t 2389 612 611 1665
t 553 611 1665 2389
t 1558 1504 2226 1499
t 489 550 1682 496
t 496 550 1682 557
t 495 557 1682 556
t 490 489 551 1686
t 496 551 550 557
t 105 1639 113 1636
t 105 1636 106 170
t 1636 106 170 171
t 59 125 1697 124
t 1730 893 900 901
t 1730 1728 893 901
t 830 893 1728 831
t 830 1730 1728 893
t 1729 892 899 900
t 1729 900 899 1725
t 836 899 1725 1729
t 550 608 614 615
t 550 608 615 551
t 1211 175 1254 1974
t 567 1569 1523 626
t 1569 626 627 1523
t 924 854 917 925
t 854 917 925 1717
t 491 207 552 1681
t 1681 559 207 552
t 640 2364 641 703
t 2364 641 703 704
t 2379 876 875 2317
t 1566 875 2317 2379
t 1480 1432 1695 517
t 518 1480 1695 517
t 41 1707 1182 106
t 1707 1182 106 2372
t 80 146 2341 88
t 88 146 2341 154
t 760 826 825 1759
t 760 825 826 1839
t 1716 921 928 1184
t 1716 1184 928 1713
t 865 928 1713 1716
t 615 551 609 616
t 551 609 616 2369
t 1201 80 1659 146
t 147 1201 1659 146
t 71 2386 2303 136
t 2386 136 2300 2303
t 2386 2300 136 137
t 71 2386 136 2233
t 2261 2233 136 2386
t 2261 2386 136 137
t 46 1708 1703 47
t 46 112 2349 1703
t 1703 2345 112 2349
t 1703 112 2345 119
t 883 884 2310 945
t 884 945 938 2310
t 884 938 945 946
t 1663 144 151 152
t 1663 78 144 152
t 78 144 152 2360
t 853 916 924 854
t 853 916 1719 924
t 924 923 916 1719
t 861 1714 869 1715
t 785 2357 1747 786
t 1855 849 1747 785
t 857 1855 849 1747
t 1739 1714 868 869
t 1739 869 868 2379
t 804 868 2379 1739
t 485 2217 492 1684
t 485 1684 1689 546
t 547 546 539 1689
t 1684 1689 546 547
t 1741 94 93 1606
t 31 93 1606 1741
t 104 169 112 1639
t 104 1639 1575 169
t 1639 169 170 1575
t 2387 2287 733 2288
t 2387 733 2287 741
t 793 1747 1742 794
t 1858 857 1742 793
t 865 1858 857 1742
t 143 1044 77 151
t 151 77 143 1663
t 656 657 2334 718
t 657 2334 718 719
t 96 1575 1651 162
t 1575 162 163 1651
t 849 850 2352 912
t 850 2352 912 913
t 63 2303 1690 128
t 2303 1690 128 129
t 1469 2227 1526 1527
t 789 853 861 790
t 789 853 1743 861
t 861 860 853 1743
t 39 104 46 1708
t 39 1708 97 104
t 1708 97 104 105
t 1704 1631 116 117
t 1704 117 116 1697
t 51 116 1697 1704
t 1726 905 904 2352
t 841 904 2352 1726
t 780 1615 1751 844
t 1615 1751 844 845
t 809 2305 1738 872
t 2305 1738 872 873
t 1747 1720 857 858
t 1747 1746 850 858
t 786 2357 1747 1746
t 1642 2342 697 705
t 634 697 1642 2342
t 2368 564 563 2294
t 1556 563 2294 2368
t 1674 578 585 586
t 1674 1673 578 586
t 519 578 1674 1673
t 514 581 522 1677
t 1486 514 515 573
t 574 1486 515 573
t 507 2314 567 568
t 49 48 57 115
t 551 615 557 558
t 37 1709 1606 101
t 1709 1606 101 102
t 763 828 2358 772
t 772 828 2358 836
t 27 1196 97 1736
t 1195 1144 2388 2233
t 2233 2388 1195 2034
t 1686 543 550 551
t 489 550 496 551
t 1686 489 551 550
t 84 150 2295 158
t 1207 158 150 84
t 48 2308 107 114
t 1151 107 48 2308
t 2091 301 1340 1347
t 1684 547 553 554
t 1684 548 547 554
t 486 547 1684 548
t 1443 1499 2228 1504
t 2367 128 127 2304
t 1559 127 2304 2367
t 517 524 525 1675
t 2039 517 1675 576
t 577 2039 1675 576
t 632 1692 640 703
t 1605 632 633 695
t 696 1605 633 695
t 1675 577 584 585
t 1675 585 584 1671
t 524 584 1671 1675
t 1663 152 151 1654
t 85 151 1654 1663
t 837 765 830 838
t 765 830 838 1756
t 2370 552 2297 544
t 483 544 2370 2297
t 857 1720 1716 858
t 1934 920 1716 857
t 928 1934 920 1716
t 1708 1639 112 113
t 1708 113 112 1703
t 46 112 1703 1708
t 638 701 646 2289
t 2289 701 646 709
t 482 543 490 2370
t 2370 543 490 551
t 1748 846 845 853
t 781 845 853 1748
t 884 885 938 946
t 1950 885 946 947
t 1709 1645 109 110
t 38 1709 2377 102
t 1709 2377 102 110
t 1010 86 85 1741
t 488 494 495 1682
t 488 1682 1683 549
t 550 549 542 1683
t 1682 1683 549 550
t 43 1709 1704 44
t 1172 109 1704 43
t 116 1172 109 1704
t 771 827 834 835
t 771 827 835 2358
t 49 2035 1176 1138
t 521 580 2290 588
t 521 580 588 1547
t 86 1010 1174 1741
t 44 1709 1704 2377
t 2377 110 1704 117
t 457 516 464 465
t 465 516 464 524
t 1703 1623 119 120
t 47 1703 120 113
t 180 1897 187 188
t 1623 179 186 187
t 1623 187 186 2361
t 119 186 2361 1623
t 1631 176 183 184
t 1631 184 183 1618
t 116 183 1618 1631
t 112 1639 1623 113
t 112 178 2335 1623
t 1623 178 2335 186
t 455 522 462 1700
t 1430 455 456 514
t 515 1430 456 514
t 1761 82 89 90
t 1761 27 34 89
t 1761 90 89 34
t 1714 924 930 931
t 1714 1715 924 931
t 861 924 1714 1715
t 1675 1674 577 585
t 518 577 1675 1674
t 47 120 56 1182
t 47 1707 120 1182
t 56 2372 120 121
t 1182 2372 56 48
t 2338 598 597 1670
t 538 597 1670 2338
t 837 838 1730 900
t 838 1730 900 901
t 671 672 1630 734
t 672 1630 734 735
t 2041 519 518 1696
t 458 518 1696 2041
t 84 149 91 2295
t 2295 149 91 157
t 871 927 933 934
t 1765 1659 88 89
t 1765 89 88 1736
t 26 88 1736 1765
t 632 1644 695 703
t 632 695 1692 703
t 526 527 1674 585
t 527 1674 585 586
t 829 1898 893 830
t 829 892 1729 1730
t 1730 892 1729 900
t 1705 726 1630 664
t 734 1705 726 1630
t 1715 1899 931 932
t 1715 932 931 1712
t 869 1714 2376 1715
t 1715 2376 1712 931
t 1696 519 526 527
t 1696 527 526 534
t 466 526 534 1696
t 492 1680 1684 553
t 1680 1684 553 554
t 143 1199 1663 77
t 144 1199 1663 143
t 868 2376 1714 930
t 2376 1714 930 931
t 825 1920 833 896
t 826 825 1732 888
t 889 826 1732 888
t 81 1201 1202 1097
t 2357 850 849 1747
t 785 849 1747 2357
t 860 923 1714 1719
t 860 923 868 1714
t 1714 923 868 930
t 109 1645 1631 110
t 1214 175 1631 109
t 183 1214 175 1631
t 120 2361 180 1623
t 2361 180 187 188
t 460 520 1693 1535
t 1535 520 1693 528
t 832 894 2315 903
t 832 894 903 2262
t 1720 913 920 921
t 1720 921 920 1716
t 857 920 1716 1720
t 829 893 892 1730
t 829 892 893 1898
t 1828 1826 1749 762
t 1707 2372 113 120
t 120 2372 56 1182
t 1707 2372 120 1182
t 1698 1691 648 1613
t 690 691 683 754
t 690 753 754 2286
t 680 743 672 742
t 2389 2363 605 612
t 547 605 2389 2363
t 541 600 607 542
t 541 600 606 607
t 507 1968 1522 1466
t 1700 515 522 523
t 1700 1699 515 523
t 456 515 1700 1699
t 850 913 1720 1724
t 1724 913 1720 921
t 459 519 1696 1693
t 1693 519 1696 527
t 667 2333 721 666
t 1494 455 514 522
t 455 514 522 1700
t 479 540 1687 1598
t 1598 548 540 1687
t 1270 538 485 1689
t 1270 1689 478 538
t 1689 478 538 539
t 852 908 1719 853
t 1719 923 915 852
t 1709 110 109 1704
t 43 109 1704 1709
t 1754 842 841 2357
t 777 841 2357 1754
t 1929 912 1720 849
t 920 1929 912 1720
t 524 1675 576 584
t 517 576 524 1675
t 40 97 1707 41
t 40 97 1708 1707
t 1707 105 1708 113
t 1166 101 1709 37
t 109 1166 101 1709
t 1732 889 896 897
t 1732 897 896 1726
t 833 896 1726 1732
t 667 730 729 1627
t 667 729 2333 1627
t 1627 729 2333 737
t 540 599 1669 606
t 1038 892 891 1729
t 828 891 1729 1038
t 110 176 1631 117
t 117 176 1631 184
t 1676 524 575 583
t 516 575 1676 524
t 908 916 915 1719
t 852 915 1719 908
t 767 832 2320 776
t 776 832 2320 840
t 1759 1732 833 834
t 1759 761 826 834
t 560 1523 1665 619
t 1523 1665 619 620
t 2376 938 937 2310
t 875 937 2310 2376
t 556 557 550 614
t 557 550 614 615
t 862 925 1715 869
t 869 925 1715 932
t 1550 514 573 581
t 514 573 581 1677
t 851 2351 1724 852
t 922 921 914 1724
t 852 914 1724 922
t 2372 2291 172 181
t 107 172 2372 2291
t 2251 718 1635 656
t 2251 1635 718 1360
t 726 1360 718 1635
t 2361 195 194 2282
t 127 194 2282 2361
t 825 1732 888 896
t 825 888 1920 896
t 826 889 1732 897
t 1695 517 465 525
t 1747 858 857 1742
t 793 857 1742 1747
t 521 579 528 2290
t 2290 579 528 587
t 2381 2318 855 863
t 791 855 2381 2318
t 87 145 2360 153
t 87 145 153 2341
t 2001 133 125 132
t 2001 133 132 1183
t 97 106 105 1707
t 1708 105 1707 97
t 494 1682 549 556
t 488 549 494 1682
t 1639 1903 178 179
t 1639 1636 170 179
t 105 170 1639 1636
t 1759 834 833 1754
t 769 833 1754 1759
t 794 858 1742 802
t 802 858 1742 866
t 649 712 2364 711
t 649 711 2334 712
t 480 541 1683 481
t 480 541 1598 1683
t 1683 549 541 1598
t 788 2356 796 1743
t 788 1743 1615 852
t 1743 852 853 1615
t 1830 763 1758 828
t 829 1830 1758 828
t 1109 1765 80 88
t 1645 176 175 1631
t 109 175 1631 1645
t 1639 179 178 1623
t 112 178 1623 1639
t 2377 2350 103 111
t 1562 103 2377 2350
t 1156 23 1542 84
t 1156 92 84 1542
t 1628 2333 728 736
t 666 728 1628 2333
t 21 82 1761 1760
t 1760 82 1761 90
t 54 2367 55 119
t 2367 55 119 120
t 2337 2430 167 1645
t 101 167 1645 2337
t 462 523 1700 522
t 1765 1761 81 89
t 20 81 1765 1761
t 2356 1743 852 860
t 788 852 2356 1743
t 499 2314 1680 560
t 2314 1680 560 561
t 2217 1684 546 553
t 485 546 2217 1684
t 136 2232 129 203
t 2232 129 203 204
t 141 873 1713 935
t 1587 1527 2390 2225
t 2263 2390 1587 2003
t 1587 2225 2390 2263
t 322 384 390 391
t 347 408 2329 2391
t 2391 2330 408 2329
t 2391 408 2330 416
t 321 322 384 390
t 317 380 2392 318
t 2392 379 386 387
t 445 506 512 446
t 415 1790 423 2393
t 415 2393 2399 476
t 2393 476 469 2399
t 2393 469 476 477
t 2393 423 2395 1790
t 2393 477 476 2395
t 341 1780 402 342
t 316 379 2392 317
t 2219 378 2392 316
t 386 2219 378 2392
t 371 426 432 433
t 371 379 1737 1771
t 371 433 432 1737
t 2412 346 353 354
t 2394 339 346 347
t 400 460 407 2399
t 1428 399 400 460
t 461 1428 400 460
t 318 1782 326 319
t 318 380 2392 326
t 326 387 380 2392
t 326 380 387 388
t 319 326 2397 1782
t 326 2397 380 388
t 443 502 450 503
t 503 510 502 450
t 503 2294 510 511
t 322 385 391 392
t 323 385 322 392
t 498 506 505 445
t 445 505 512 506
t 345 406 353 346
t 353 406 413 414
t 346 353 414 406
t 1780 1818 402 403
t 314 1619 1620 376
t 1619 1620 376 377
t 1417 390 452 453
t 343 1803 1777 344
t 412 411 404 343
t 1777 404 343 412
t 446 506 512 513
t 453 513 512 1463
t 442 502 450 443
t 442 502 2396 450
t 450 509 502 2396
t 450 502 509 510
t 423 483 430 2395
t 2395 1018 483 430
t 2395 2309 483 484
t 2395 484 483 1018
t 1737 433 440 441
t 1737 1609 433 441
t 372 433 1737 2380
t 2380 1737 1609 433
t 441 502 2396 442
t 441 500 2400 2396
t 2396 508 2314 2400
t 2396 2314 508 509
t 1632 2398 362 363
t 1632 1099 363 1098
t 1099 363 2398 1632
t 340 1804 1778 341
t 1386 401 1778 340
t 1386 1778 401 1392
t 409 1392 401 1778
t 319 2408 2397 320
t 2397 2328 388 389
t 364 432 371 426
t 364 426 1775 425
t 426 425 1817 1775
t 414 346 407 415
t 346 407 415 2329
t 292 362 300 2398
t 292 2398 2394 354
t 2398 354 347 2394
t 2398 347 354 355
t 2414 468 475 476
t 2399 461 468 469
t 379 2322 1737 1771
t 2322 1737 440 441
t 438 2040 1399 1352
t 370 432 1771 371
t 1397 431 1771 370
t 439 1397 431 1771
t 375 1770 383 376
t 375 376 2401 436
t 376 436 430 2401
t 376 430 436 437
t 376 383 444 1770
t 376 437 436 444
t 361 422 368 2401
t 361 2401 1616 422
t 2401 1616 422 423
t 1771 432 439 440
t 1771 1737 432 440
t 371 1771 1737 432
t 373 1797 435 374
t 373 434 1609 381
t 381 434 1609 442
t 1619 377 384 385
t 1619 385 384 322
t 439 499 2400 440
t 507 499 2400 439
t 337 1802 345 406
t 1374 337 338 398
t 399 1374 338 398
t 1552 597 1617 2037
t 1770 436 443 444
t 375 436 1770 376
t 376 1770 444 436
t 330 392 322 391
t 330 392 391 1358
t 440 500 2400 441
t 2400 2314 507 508
t 357 417 364 1775
t 417 1775 2374 418
t 1775 418 2375 2374
t 1775 2375 418 419
t 278 338 284 2394
t 1324 277 278 338
t 339 1324 278 338
t 368 436 375 2401
t 2401 423 429 430
t 333 1804 341 1780
t 1372 333 1780 394
t 1372 394 1780 395
t 359 2382 366 1800
t 359 1800 1755 420
t 1800 420 2385 1755
t 1800 2385 420 421
t 1804 1856 401 402
t 1804 1780 394 402
t 333 394 1804 1780
t 575 1596 1536 1046
t 1536 575 1597 1596
t 1803 397 404 405
t 1803 405 404 1777
t 343 404 1777 1803
t 417 1775 418 425
t 357 2374 417 1775
t 351 1755 1777 412
t 413 412 405 1777
t 1755 1777 412 413
t 366 1800 1797 367
t 366 1800 2382 1797
t 1797 2380 427 2382
t 1797 427 2380 434
t 1797 428 434 435
t 373 434 435 1797
t 370 431 1771 432
t 1800 1846 427 428
t 1800 428 427 1797
t 2382 427 1797 1800
t 378 2322 1771 439
t 2322 1771 439 440
t 1796 429 435 436
t 1796 368 429 436
t 368 429 436 2401
t 589 1613 1045 1552
t 1552 589 1613 1617
t 364 425 432 426
t 519 1488 1489 2041
t 2382 1800 420 427
t 359 420 2382 1800
t 360 1800 367 1799
t 1800 1799 2385 421
t 1799 421 2384 2385
t 1799 2384 421 422
t 1780 1763 395 403
t 334 395 1780 1763
t 1763 1803 396 404
t 1382 335 336 396
t 397 1382 336 396
t 353 414 413 2384
t 352 413 2385 353
t 382 383 1770 443
t 383 1770 443 444
t 336 1803 344 1802
t 1374 336 337 397
t 398 1374 337 397
t 339 399 346 2329
t 2329 399 346 407
t 348 1757 1778 409
t 410 409 402 1778
t 1757 1778 409 410
t 1366 390 451 452
t 390 1366 451 1017
t 1804 402 401 1778
t 340 401 1778 1804
t 332 1331 1804 333
t 1387 393 401 332
t 401 332 393 1804
t 1803 1802 397 405
t 336 397 1803 1802
t 386 1972 2322 447
t 1972 2322 447 448
t 1800 1799 421 428
t 360 2385 1800 1799
t 1802 398 405 406
t 337 398 1802 406
t 339 400 2329 408
t 339 400 408 1384
t 1331 394 393 1804
t 332 393 1804 1331
t 288 2404 296 2402
t 288 2402 2405 342
t 2402 342 343 2405
t 2402 343 350 351
t 2402 296 358 2404
t 2402 351 350 358
t 1782 380 1609 2380
t 1782 381 380 2397
t 318 380 326 1782
t 1782 326 2397 380
t 410 471 1792 411
t 411 471 1792 478
t 290 352 1785 298
t 297 1829 1785 359
t 297 298 1785 1829
t 298 353 352 360
t 403 464 411 1793
t 403 1793 1794 464
t 1793 1794 464 465
t 1784 361 1616 2384
t 1784 362 292 354
t 292 354 362 2398
t 1776 1694 1781 717
t 1307 1310 1266 268
t 1961 273 2405 334
t 1961 335 334 2405
t 334 1321 1961 273
t 1790 476 482 483
t 1790 2395 476 483
t 415 476 1790 2393
t 2393 1790 2395 476
t 303 359 365 366
t 303 366 365 310
t 411 472 478 479
t 412 411 1768 1793
t 411 1768 472 479
t 1376 1374 1323 338
t 412 473 1768 1789
t 480 479 473 1768
t 1789 473 1768 480
t 289 351 2402 297
t 297 351 358 359
t 287 349 2403 288
t 2403 349 356 357
t 1793 465 472 473
t 1793 473 472 1768
t 1793 411 1768 472
t 416 477 2395 2236
t 2236 477 2395 484
t 1787 495 501 502
t 1787 502 501 441
t 441 501 2396 502
t 1805 1807 1721 752
t 395 1794 403 396
t 396 1432 457 1029
t 395 403 1794 1818
t 396 1029 457 1794
t 1424 395 396 457
t 1424 457 396 1432
t 288 349 2403 2404
t 2404 357 349 2403
t 2404 2374 357 358
t 288 350 2404 2402
t 2402 2404 358 350
t 281 342 288 2405
t 2405 335 342 343
t 2252 1208 1044 2097
t 310 366 372 373
t 310 318 1782 1809
t 310 373 372 1782
t 286 348 2403 287
t 286 1960 2403 348
t 1960 2403 348 356
t 348 1337 286 1960
t 426 1815 433 2406
t 2406 480 487 488
t 1357 1358 1307 330
t 413 1852 2407 414
t 413 474 1789 2407
t 2407 480 474 1789
t 2407 474 480 481
t 1456 1972 448 1459
t 1425 458 2041 1480
t 276 1834 283 2412
t 1323 276 277 337
t 338 1323 277 337
t 291 299 1784 353
t 292 1473 1784 291
t 284 346 2412 354
t 291 1784 2412 353
t 279 1836 1833 280
t 1335 340 1833 279
t 1335 1833 340 1337
t 348 1337 340 1833
t 436 1840 444 437
t 436 437 2415 497
t 437 497 491 2415
t 437 491 497 498
t 437 444 504 1840
t 437 498 497 504
t 329 391 322 390
t 329 391 390 1357
t 422 1844 429 2415
t 422 2415 1790 482
t 2415 1790 482 483
t 2405 1835 1832 282
t 1832 2402 343 2405
t 1832 343 2402 351
t 313 1810 321 314
t 313 375 2408 321
t 321 382 375 2408
t 321 375 382 383
t 314 321 1806 1810
t 321 1806 375 383
t 295 2417 302 1812
t 2417 1812 2403 357
t 1812 357 2404 2403
t 1812 2404 357 358
t 432 1815 493 433
t 312 375 2408 313
t 2408 373 381 382
t 414 422 1790 475
t 415 422 1790 414
t 407 468 2414 476
t 414 1790 2414 475
t 1810 369 375 376
t 1810 376 375 1806
t 313 375 321 1810
t 1810 321 1806 375
t 408 469 2399 2409
t 2409 2393 469 2399
t 2409 469 2393 477
t 408 469 2409 2235
t 2265 2235 2409 469
t 2265 477 469 2409
t 1806 376 383 384
t 1806 384 383 321
t 384 321 390 383
t 439 492 493 431
t 499 439 492 493
t 434 495 1787 1841
t 1841 495 1787 502
t 437 498 504 445
t 445 498 504 505
t 445 972 498 506
t 280 1833 287 341
t 314 376 1806 1619
t 1619 376 1806 384
t 348 1337 1338 1386
t 1833 1778 348 349
t 402 1818 463 403
t 2069 2 2001 1032
t 1348 1300 1350 323
t 302 1811 309 303
t 1812 1775 364 365
t 303 358 1812 365
t 302 1811 1812 364
t 302 309 1811 1825
t 302 303 1812 1811
t 418 478 425 1817
t 418 1817 419 478
t 1817 419 478 479
t 405 1854 2410 406
t 2410 466 473 474
t 406 2410 1852 1854
t 2410 1852 466 474
t 425 1815 432 426
t 1817 479 486 487
t 426 479 1817 487
t 425 1815 1817 486
t 425 432 1815 1843
t 425 426 1817 1815
t 2006 245 1298 1299
t 2220 398 2414 459
t 460 2220 2414 459
t 435 1840 443 436
t 1841 496 502 503
t 443 1841 502 503
t 435 496 1841 1840
t 436 435 1840 489
t 435 1840 1841 443
t 1346 370 2413 308
t 378 1346 370 2413
t 433 494 493 441
t 441 500 494 493
t 441 494 500 501
t 441 1787 494 501
t 315 377 1619 323
t 323 385 377 1619
t 394 1856 402 1818
t 2222 394 1818 456
t 457 2222 1818 456
t 698 1750 1752 2411
t 1361 1752 2411 698
t 1065 1111 2074 2073
t 2412 338 345 346
t 1809 372 379 380
t 1809 380 379 317
t 317 379 2392 380
t 718 1698 1783 2451
t 2451 1698 1783 1976
t 2196 718 1698 1783
t 1840 497 503 504
t 436 497 1840 437
t 437 1840 504 497
t 311 374 1824 373
t 311 373 1782 2408
t 2408 373 1782 381
t 2413 371 378 379
t 310 309 1809 1811
t 2413 1809 371 379
t 291 345 352 353
t 291 2412 345 353
t 283 345 291 2412
t 2221 462 463 401
t 470 2221 462 463
t 406 475 414 2414
t 2414 460 467 468
t 2415 483 490 491
t 1339 1293 1342 1099
t 1811 365 371 372
t 1811 372 371 1809
t 309 371 2413 1809
t 1811 309 1809 371
t 334 1321 1372 1332
t 1815 487 493 494
t 1852 467 474 475
t 1852 406 467 475
t 406 467 475 2414
t 1809 1782 372 380
t 310 1809 1782 372
t 1818 457 463 464
t 272 1836 280 273
t 1320 272 273 333
t 1320 333 273 1321
t 334 1321 273 333
t 1069 23 1068 1026
t 404 466 2410 405
t 404 465 1793 2410
t 2410 465 1793 473
t 325 326 2392 387
t 299 1827 306 368
t 299 300 1784 361
t 300 1784 361 362
t 284 338 2412 346
t 284 338 346 2394
t 1843 486 492 493
t 1843 1815 486 493
t 1817 487 486 1815
t 425 1843 1815 486
t 1844 482 489 490
t 1844 2415 482 490
t 422 482 1844 2415
t 1818 1794 457 464
t 395 457 1794 396
t 395 1818 1794 457
t 1834 1802 344 345
t 1834 2412 337 345
t 276 337 1834 2412
t 1772 1071 1776 710
t 298 1829 305 1827
t 298 1827 353 360
t 1827 353 360 361
t 25 1345 18 1109
t 435 489 495 496
t 435 496 495 1841
t 434 495 1841 435
t 1111 26 1065 1077
t 1078 1065 25 26
t 1078 26 1077 1065
t 1856 1700 462 463
t 1856 463 462 401
t 1856 1818 456 463
t 394 456 1856 1818
t 1829 1800 366 367
t 1829 1827 360 367
t 26 1065 25 1109
t 298 360 1829 1827
t 316 379 2413 378
t 1111 26 1077 20
t 1111 26 20 1109
t 316 378 2392 379
t 1785 360 359 1829
t 297 359 304 1829
t 1829 359 304 366
t 27 20 1077 26
t 294 2417 2403 356
t 2417 2403 356 357
t 1217 27 1761 20
t 271 1288 1836 272
t 1336 332 1836 271
t 340 1336 332 1836
t 28 1217 27 1761
t 28 1217 1079 27
t 1069 1067 29 22
t 489 551 496 497
t 489 497 496 1840
t 1841 1840 496 503
t 1069 29 1067 1081
t 489 435 1840 496
t 1835 1803 343 344
t 1835 344 343 1832
t 2405 343 1832 1835
t 1067 28 1760 21
t 29 1067 28 1760
t 29 1067 1170 28
t 1306 1281 1073 266
t 1069 29 1542 22
t 1836 1804 340 341
t 1836 273 333 341
t 272 333 1836 273
t 1469 1414 2237 1471
t 30 1069 29 1542
t 30 1068 1069 23
t 386 2101 1364 1363
t 2078 31 2080 1083
t 1836 341 340 1833
t 279 340 1833 1836
t 300 362 368 1632
t 1632 362 368 369
t 1075 2078 31 1010
t 1075 2078 1083 31
t 400 461 2399 1370
t 1370 461 2399 469
t 1083 1075 31 32
t 2416 2236 1448 1443
t 1083 32 1088 1075
t 1443 2236 2265 2416
t 1443 1393 2416 2265
t 1021 1010 18 1023
t 1174 1064 1010 18
t 1174 1345 1064 18
t 1340 356 2417 294
t 404 466 1029 465
t 466 465 1695 1029
t 404 465 2410 466
t 275 1333 1834 276
t 275 336 1835 1834
t 1834 336 1835 344
t 307 369 1810 1620
t 1620 369 1810 376
t 1345 1174 25 18
t 1827 1799 367 368
t 299 361 1827 368
t 1852 475 474 2407
t 413 474 2407 1852
t 1750 1749 1666 697
t 1077 33 1078 2186
t 1825 302 2417 364
t 370 364 1825 2417
t 1085 33 1084 1078
t 431 493 1843 492
t 33 1078 25 26
t 33 1077 1078 26
t 1288 333 332 1836
t 271 332 1836 1288
t 1077 27 33 1196
t 1077 33 2186 1196
t 1077 33 27 26
t 304 1829 1824 305
t 304 366 311 1824
t 1824 366 311 373
t 397 458 1029 1854
t 1854 466 458 1029
t 2418 510 503 450
t 2418 503 510 511
t 34 1079 27 28
t 1854 459 466 467
t 1854 467 466 1852
t 405 466 2410 1854
t 1170 34 1079 1169
t 1854 2410 1852 466
t 1426 397 1854 458
t 459 1426 1854 458
t 1170 34 29 28
t 1846 1844 481 489
t 1846 1844 2407 481
t 1844 481 475 2407
t 1844 475 481 482
t 289 1785 1832 351
t 352 351 1777 1832
t 1785 1832 351 352
t 2079 1081 35 30
t 2079 1081 1087 35
t 2079 35 1087 2081
t 398 459 406 2414
t 2414 459 406 467
t 1081 30 29 35
t 1815 2406 487 494
t 426 487 1815 2406
t 429 490 436 2415
t 2415 490 436 497
t 1083 37 31 2082
t 1333 337 336 1834
t 275 336 1834 1333
t 1823 1796 374 375
t 1823 375 374 312
t 312 374 2408 375
t 1083 2082 1089 37
t 393 462 401 1856
t 1380 393 394 455
t 456 1380 394 455
t 1083 37 1606 31
t 420 2406 427 1846
t 420 1846 1789 480
t 1846 480 2407 1789
t 1846 2407 480 481
t 38 1083 37 1606
t 38 1083 1089 37
t 2406 1846 480 488
t 420 480 2406 1846
t 1976 1773 711 1691
t 447 448 2400 507
t 448 2400 507 508
t 40 1084 39 33
t 40 39 1084 1091
t 1085 39 1091 1084
t 39 1085 1003 33
t 39 1084 1085 33
t 1322 274 1835 335
t 336 1322 1835 335
t 2408 382 381 2397
t 1782 381 2397 2408
t 1296 1256 1258 244
t 2417 1812 357 364
t 40 1090 1091 1086
t 295 2403 2417 1812
t 1086 1090 1092 41
t 407 460 2414 468
t 407 460 468 2399
t 290 352 298 291
t 41 1086 40 34
t 41 1086 1090 40
t 291 298 353 352
t 1169 1086 41 34
t 1169 1086 1092 41
t 1825 364 370 371
t 1825 1811 364 371
t 1812 365 364 1811
t 302 1825 1811 364
t 412 413 2410 473
t 413 2410 473 474
t 308 2413 1825 370
t 2413 1825 370 371
t 1093 1087 42 35
t 1093 1087 1094 42
t 1437 393 455 462
t 393 455 462 1856
t 1829 367 366 1824
t 304 366 1824 1829
t 42 1087 983 35
t 440 500 493 499
t 440 499 2400 500
t 1089 1186 43 2082
t 1089 43 37 2082
t 193 1859 2419 194
t 193 255 2426 2419
t 2419 263 255 2426
t 1089 1186 1102 43
t 2419 255 263 264
t 194 2419 2420 1859
t 2419 2420 255 264
t 150 214 157 2422
t 1242 149 150 214
t 215 1242 150 214
t 1089 44 1190 2204
t 936 1860 2424 937
t 936 992 2423 2424
t 2424 997 992 2423
t 1089 43 1709 37
t 1767 1148 995 1002
t 1767 1002 949 1983
t 1148 1002 1767 1983
t 44 1089 43 1709
t 44 2204 1089 38
t 197 259 268 269
t 198 260 197 2266
t 2266 269 260 197
t 196 1863 204 197
t 196 258 2421 204
t 204 266 258 2421
t 204 258 266 267
t 1190 2204 44 45
t 197 204 1837 1863
t 204 1837 258 267
t 940 989 995 1148
t 940 1148 995 1767
t 940 948 1767 995
t 194 256 2420 195
t 2420 256 264 265
t 195 2420 2421 256
t 45 2204 44 38
t 2420 2421 256 265
t 1851 75 1022 964
t 1851 902 1849 963
t 1851 964 963 1849
t 197 252 251 259
t 2204 39 45 1103
t 1085 39 1103 1091
t 2204 45 1159 38
t 1837 1461 267 268
t 1837 197 259 268
t 46 1103 45 39
t 46 1091 1103 39
t 172 2437 181 237
t 927 982 988 989
t 933 989 988 940
t 1104 1091 46 47
t 910 1861 918 911
t 910 911 1849 969
t 903 970 911 1969
t 1849 964 969 970
t 911 918 975 1861
t 911 970 969 975
t 1091 46 1708 39
t 47 1091 46 1708
t 47 1090 1091 40
t 195 257 2421 196
t 2421 257 265 266
t 157 229 166 2422
t 2422 215 221 222
t 935 992 2423 936
t 2423 991 996 956
t 1090 41 47 1182
t 1090 47 24 1182
t 1090 47 41 40
t 2423 991 956 997
t 937 993 2424 938
t 2424 993 997 998
t 938 2424 2425 993
t 2424 2425 993 998
t 41 1182 1151 106
t 1094 48 1092 1107
t 948 1767 1001 1957
t 1767 1002 1001 1957
t 938 2436 2425 939
t 2425 994 998 999
t 165 237 172 166
t 165 166 157 229
t 166 229 222 2422
t 166 222 229 230
t 192 255 2426 193
t 1106 1094 49 42
t 1106 1094 1107 49
t 2426 254 262 263
t 205 269 197 268
t 205 269 268 1267
t 191 253 2426 192
t 1262 253 262 191
t 262 191 253 2426
t 49 1094 48 42
t 1102 51 43 1988
t 159 223 2430 160
t 2234 223 2430 159
t 231 2234 223 2430
t 201 2240 2420 264
t 2240 2420 264 265
t 1860 985 992 993
t 1860 993 992 2424
t 936 992 2424 1860
t 906 966 914 2427
t 906 2427 2429 959
t 2427 959 960 2429
t 2427 960 966 1008
t 2427 1008 966 973
t 168 233 177 234
t 168 234 226 233
t 914 915 1173 2431
t 915 2431 973 1173
t 1102 51 1704 43
t 52 1102 51 1704
t 52 1112 1102 44
t 1103 1112 53 45
t 910 969 1861 911
t 911 1861 975 969
t 161 233 168 226
t 161 226 2432 218
t 226 225 218 161
t 164 228 170 171
t 171 235 228 170
t 171 228 235 236
t 165 164 1862 1872
t 171 1862 228 236
t 1112 52 45 44
t 890 952 898 2429
t 953 890 2429 952
t 53 1112 52 45
t 911 970 975 976
t 1114 1103 53 54
t 911 970 976 1973
t 1870 973 2427 915
t 1870 1008 2427 973
t 1103 54 46 45
t 1873 1874 1805 819
t 898 959 906 2429
t 2429 953 959 960
t 54 1103 53 45
t 54 1104 1103 46
t 54 1114 1103 1104
t 24 1104 55 47
t 163 1890 170 164
t 170 227 234 235
t 1114 55 1115 1104
t 1848 1776 1853 784
t 1859 248 255 256
t 1104 54 1703 46
t 1859 256 255 2420
t 193 255 2419 1859
t 1859 2419 2420 255
t 160 224 2430 161
t 2430 224 231 232
t 55 1104 54 1703
t 55 1104 1114 54
t 145 1893 153 2432
t 211 145 2432 210
t 177 234 240 241
t 177 241 240 185
t 909 1869 1861 910
t 909 1868 1861 968
t 1868 1861 968 1007
t 904 1888 2428 905
t 2045 965 2428 904
t 971 2045 965 2428
t 944 998 2424 997
t 944 998 997 1986
t 56 24 55 47
t 185 240 247 248
t 185 193 1859 1864
t 185 248 247 1859
t 922 977 929 2431
t 2431 973 977 978
t 2431 978 977 929
t 161 224 2430 233
t 233 232 224 2430
t 1116 57 1118 1107
t 161 225 233 226
t 153 218 161 2432
t 24 56 1182 47
t 2432 211 218 219
t 1862 236 1473 2277
t 1862 165 229 237
t 165 229 237 166
t 57 1107 56 48
t 57 1107 1116 56
t 1117 1107 2224 49
t 1117 1107 1118 2224
t 929 978 984 985
t 929 936 1860 1866
t 929 985 984 1860
t 991 2059 992 1305
t 1866 992 991 935
t 935 991 2423 992
t 1107 57 49 48
t 152 1893 217 153
t 2224 1107 57 49
t 1872 221 228 229
t 1872 157 221 229
t 157 221 229 2422
t 1113 59 51 2090
t 931 1899 2433 932
t 2433 986 993 994
t 932 2433 2436 1899
t 2433 2436 986 994
t 901 1889 1869 902
t 901 962 1886 1869
t 1869 968 962 1886
t 188 1878 196 189
t 188 250 2434 196
t 196 257 250 2434
t 196 250 257 258
t 189 196 1863 1878
t 196 1863 250 258
t 187 250 2434 188
t 2434 249 256 257
t 897 1888 905 2435
t 2435 952 958 959
t 1112 1113 1120 60
t 156 1872 164 157
t 1892 1505 220 221
t 1113 59 1697 51
t 157 214 1892 221
t 156 1872 1892 220
t 156 164 1872 1890
t 156 157 1892 1872
t 60 1113 59 1697
t 60 1112 1113 52
t 1890 220 227 228
t 1954 1112 61 53
t 1890 1872 220 228
t 1892 221 220 1872
t 156 1890 1872 220
t 900 1906 1886 901
t 900 961 1887 1886
t 1886 1008 961 1887
t 1886 961 2205 968
t 1886 961 1008 2205
t 1120 61 1423 1112
t 1874 1875 1807 820
t 1112 60 53 52
t 1872 229 228 1862
t 164 228 171 1862
t 1872 164 1862 228
t 1888 958 965 2428
t 1888 2435 958 2428
t 1908 958 1888 2435
t 61 1112 60 53
t 61 1112 1120 60
t 930 1900 2433 931
t 930 985 1860 2433
t 2433 985 1860 993
t 2436 988 2202 995
t 2436 940 988 995
t 1121 1954 61 62
t 933 2436 940 988
t 171 1901 180 2437
t 171 2437 1862 236
t 2437 1862 236 237
t 62 1954 1559 54
t 899 1907 1887 900
t 899 1907 2429 1887
t 1887 2427 960 2429
t 1887 960 2427 1008
t 1954 61 1559 2345
t 204 1837 267 1266
t 1266 1837 267 268
t 183 246 1876 184
t 1115 63 1122 1123
t 1259 245 1876 183
t 253 1259 245 1876
t 2430 232 176 1884
t 1884 232 233 2430
t 1114 55 62 2185
t 1114 62 55 54
t 1878 250 1498 2281
t 1878 251 250 1863
t 188 250 196 1878
t 1878 196 1863 250
t 154 1891 1909 219
t 154 219 2432 162
t 63 2185 62 55
t 63 2185 1122 62
t 162 226 219 2432
t 1115 63 56 55
t 1864 254 1482 2280
t 1864 255 254 192
t 192 254 2426 255
t 64 1115 63 56
t 64 1115 1123 63
t 932 988 2436 933
t 1132 1124 1116 65
t 2436 987 994 2202
t 1118 65 1116 1124
t 1132 1116 64 65
t 1869 963 968 969
t 1869 969 968 1861
t 1116 64 1599 56
t 909 968 1861 1869
t 186 248 1859 2434
t 2434 248 1859 256
t 65 1116 64 1599
t 65 1118 1116 57
t 1893 1506 217 218
t 190 252 197 260
t 190 252 260 1260
t 155 220 1890 156
t 1891 1502 226 227
t 155 1891 1890 220
t 1891 1890 220 227
t 66 1118 65 57
t 1863 251 258 259
t 1863 259 258 1837
t 196 258 204 1863
t 1863 204 1837 258
t 184 1864 1570 185
t 1876 246 253 254
t 192 1876 253 254
t 184 246 1876 1864
t 185 184 1864 1879
t 1126 2001 59 1943
t 184 1864 1876 192
t 189 251 1863 197
t 197 251 1863 259
t 1853 1781 1857 792
t 1879 240 246 247
t 1879 247 246 1864
t 1876 1864 246 254
t 1879 184 1864 246
t 925 1881 932 926
t 925 1882 1881 926
t 1882 981 975 980
t 925 1881 980 1899
t 1882 926 975 981
t 1882 981 980 1881
t 1866 1860 984 992
t 929 1866 1860 984
t 1126 68 2095 1120
t 1889 963 962 1869
t 901 962 1869 1889
t 59 2001 68 125
t 60 59 68 125
t 180 2437 2281 1878
t 2437 237 2281 243
t 180 1897 1878 2281
t 2437 243 2281 1878
t 944 2423 956 997
t 1126 2001 68 59
t 956 944 997 67
t 896 1908 1888 897
t 1967 957 1888 896
t 965 1967 957 1888
t 934 989 940 941
t 1120 69 1127 1121
t 941 989 940 1148
t 934 989 941 1325
t 1984 1325 941 989
t 1120 68 61 60
t 1984 1148 989 941
t 1864 1859 247 255
t 185 1864 1859 247
t 69 1120 68 61
t 1861 975 1882 918
t 1861 975 980 1882
t 1128 1121 70 1122
t 1128 1121 69 70
t 1881 981 987 988
t 1881 988 987 932
t 932 987 2436 988
t 1121 69 62 61
t 70 1121 69 62
t 902 963 1869 1849
t 1849 963 1869 969
t 1129 1122 71 1123
t 1129 1122 70 71
t 914 2438 922 977
t 2438 977 929 922
t 1122 70 63 62
t 939 995 2436 2202
t 939 940 2436 995
t 148 220 156 1892
t 71 1122 70 63
t 1241 148 1892 213
t 214 1241 1892 213
t 1130 1123 72 1132
t 1130 1123 71 72
t 1907 954 960 961
t 1907 961 960 1887
t 2429 960 1887 1907
t 1123 71 64 63
t 1899 980 986 987
t 1899 987 986 2436
t 1900 986 2433 1899
t 1899 2433 2436 986
t 72 1123 71 64
t 1906 955 961 962
t 893 955 1906 1889
t 1906 1889 955 962
t 162 169 163 226
t 170 163 226 227
t 1132 72 65 64
t 73 1132 72 65
t 2092 1033 74 1124
t 2092 74 66 1124
t 904 965 2428 1888
t 175 1962 183 239
t 175 239 1905 238
t 239 238 232 1905
t 748 823 756 2439
t 2439 807 815 816
t 1868 909 1886 968
t 1124 73 66 65
t 1868 1886 2205 968
t 1868 2205 1009 968
t 74 1124 73 66
t 74 1033 1131 1124
t 1901 1537 242 2281
t 1901 2437 236 2281
t 171 236 1901 2437
t 146 2432 154 1909
t 1240 146 1909 211
t 212 1240 1909 211
t 147 212 155 148
t 147 212 1909 155
t 154 155 1909 1891
t 1909 220 219 1891
t 148 155 220 212
t 1908 951 957 958
t 1908 958 957 1888
t 896 957 1888 1908
t 888 1910 951 889
t 957 950 1908 888
t 2238 701 2442 766
t 767 2238 2442 766
t 942 2249 2423 996
t 2249 2423 996 956
t 1906 962 961 1886
t 900 961 1886 1906
t 179 186 187 1897
t 179 1897 1901 242
t 1897 1901 242 2281
t 1135 1204 18 2072
t 1135 18 1268 1021
t 1135 1204 1147 18
t 923 973 1900 924
t 923 978 930 1900
t 1900 978 930 985
t 2436 2202 994 2425
t 938 994 2425 2436
t 1150 1187 20 2074
t 1150 1187 1097 20
t 1097 21 20 1187
t 82 1097 1152 21
t 2432 1909 211 219
t 146 211 2432 1909
t 1152 2076 22 2075
t 1152 22 21 2075
t 186 242 248 249
t 186 1897 242 249
t 179 242 186 1897
t 1900 979 985 986
t 1900 986 985 2433
t 930 985 2433 1900
t 216 1208 208 2440
t 1897 1524 249 250
t 1897 250 249 187
t 187 249 2434 250
t 746 813 821 747
t 746 813 2441 821
t 821 820 812 2441
t 178 241 186 242
t 178 242 1903 241
t 242 241 1529 1903
t 170 235 179 1901
t 1901 235 171 170
t 1901 171 235 236
t 1962 239 238 245
t 175 238 1962 239
t 817 809 2443 742
t 59 1181 1042 132
t 1930 805 812 813
t 745 812 2445 2441
t 2441 819 812 2445
t 1140 1034 74 1125
t 1140 74 66 1125
t 1140 1178 1125 66
t 2441 812 819 820
t 1183 1032 2001 68
t 1183 1133 1032 68
t 148 213 220 1892
t 889 951 1908 2435
t 2435 951 1908 958
t 927 988 933 989
t 927 982 989 1980
t 1895 815 822 823
t 1895 748 815 823
t 748 815 823 2439
t 973 979 978 1900
t 923 978 1900 973
t 2439 816 823 824
t 749 816 2439 2268
t 2268 824 816 2439
t 160 224 217 223
t 160 223 2430 224
t 1146 1134 73 74
t 1146 1035 1134 74
t 709 783 716 2442
t 2442 767 775 776
t 239 246 245 183
t 183 245 1876 246
t 182 244 251 252
t 182 244 252 1258
t 924 1904 1899 925
t 924 979 1900 1899
t 1899 979 1900 986
t 743 811 2443 744
t 2443 810 817 818
t 945 999 2425 998
t 945 999 998 1987
t 898 952 2435 959
t 898 952 959 2429
t 891 2429 899 1907
t 892 891 1907 953
t 954 892 1907 953
t 150 215 2422 222
t 77 1153 18 1268
t 77 1153 1268 1108
t 1247 222 215 150
t 724 2455 732 2444
t 724 2444 2446 791
t 2444 791 784 2446
t 2444 784 791 792
t 199 263 2426 262
t 199 263 262 1263
t 186 249 248 2434
t 2427 1870 1887 1008
t 1147 18 1204 78
t 1153 1135 1147 18
t 892 954 1907 1906
t 1906 954 1907 961
t 78 1153 18 77
t 78 1153 1147 18
t 78 1153 1198 1147
t 747 814 821 822
t 747 1895 814 822
t 1147 78 1204 1154
t 1147 1154 1198 78
t 79 1154 1204 78
t 79 1154 1200 1149
t 1097 20 21 1761
t 202 1371 2421 265
t 1371 2421 265 266
t 1253 1293 166 2105
t 744 812 2445 745
t 744 811 2443 2445
t 2445 818 811 2443
t 81 1150 20 1765
t 81 1150 1097 20
t 2445 811 818 819
t 1152 21 22 1760
t 1893 2432 210 218
t 145 210 1893 2432
t 1254 231 1905 167
t 238 1254 231 1905
t 17 22 23 1542
t 17 1152 22 83
t 716 791 724 2446
t 716 2446 2442 783
t 2446 783 776 2442
t 2446 776 783 784
t 1890 228 227 170
t 163 227 170 1890
t 83 1152 22 1760
t 2429 1907 953 960
t 23 1157 2106 84
t 891 953 2429 1907
t 169 234 1903 170
t 169 234 178 1903
t 1903 234 178 241
t 84 17 23 1542
t 84 17 2106 23
t 1280 2447 1278 2240
t 1278 2267 2447 2104
t 1278 2267 2240 2447
t 1904 980 979 1899
t 1156 1028 1082 30
t 1156 23 30 1542
t 924 979 1899 1904
t 23 84 1156 1157
t 1051 31 1158 1161
t 740 748 2439 1918
t 1161 85 31 1158
t 1044 1024 2107 77
t 756 1334 2439 823
t 1334 2439 823 824
t 30 1156 92 2018
t 30 1510 35 2018
t 1156 92 1542 30
t 955 892 1906 954
t 888 951 950 1908
t 888 950 951 1910
t 2046 955 1966 1965
t 1914 811 1566 2355
t 1914 812 811 744
t 744 811 2445 812
t 728 795 736 2448
t 728 2448 2449 787
t 2448 787 788 2449
t 2448 788 795 796
t 2448 736 2450 795
t 2448 796 795 2450
t 712 778 786 705
t 712 778 2451 786
t 786 785 2357 2451
t 1160 1606 37 31
t 1160 93 31 1161
t 714 781 789 715
t 714 781 1916 789
t 789 788 781 1916
t 720 787 728 2449
t 720 2449 2452 787
t 2449 787 780 2452
t 2449 780 787 788
t 697 771 705 2453
t 1750 697 698 762
t 93 1161 85 31
t 763 1750 698 762
t 35 1162 100 1136
t 35 108 42 1136
t 2450 796 803 804
t 2018 100 1510 35
t 2450 804 803 1914
t 711 2454 2451 712
t 2018 100 35 1162
t 713 1925 2452 1916
t 1916 2449 780 2452
t 1171 1136 100 1162
t 1916 780 2449 788
t 1164 1156 2018 92
t 1164 2018 100 92
t 1164 2018 1162 100
t 705 787 720 2452
t 705 2452 2453 771
t 2452 771 772 2453
t 2452 772 779 780
t 1166 1709 43 37
t 1166 1210 101 1160
t 1166 101 37 1160
t 715 782 789 790
t 716 715 1912 1917
t 715 1912 782 790
t 2453 763 771 772
t 1912 783 790 791
t 101 1160 1606 37
t 1912 716 783 791
t 716 783 791 2446
t 42 1136 108 2035
t 42 108 49 2035
t 705 779 786 787
t 705 779 787 2452
t 741 807 2439 816
t 1917 775 782 783
t 1917 709 775 783
t 709 775 783 2442
t 704 1927 2454 705
t 2454 770 777 778
t 700 1937 708 774
t 701 700 774 765
t 1172 1704 51 43
t 1172 1211 109 1166
t 1172 109 43 1166
t 766 701 774 765
t 735 1931 743 736
t 735 736 795 802
t 736 795 802 803
t 739 1928 747 740
t 739 740 2455 806
t 740 806 799 2455
t 740 799 806 807
t 740 747 1918 1928
t 740 807 806 1918
t 1928 805 1930 813
t 746 1928 1930 813
t 1939 738 1928 805
t 745 813 1930 812
t 739 746 1928 738
t 109 1166 1709 43
t 738 805 1930 1928
t 736 803 810 811
t 736 811 810 743
t 743 810 2443 811
t 719 786 727 1922
t 2035 115 108 49
t 1918 807 814 815
t 1918 2439 807 815
t 740 1918 2439 807
t 1175 1697 59 51
t 1175 1215 116 1172
t 1175 116 51 1172
t 727 1941 735 795
t 727 795 1922 794
t 795 794 1746 1922
t 755 1895 822 1373
t 1895 823 822 1373
t 116 1172 1704 51
t 1927 762 770 771
t 1927 771 770 2454
t 704 770 2454 1927
t 1773 769 2454 703
t 777 1773 769 2454
t 708 774 715 709
t 708 774 781 715
t 715 774 781 782
t 709 715 1917 774
t 715 1917 774 782
t 706 1936 1925 707
t 706 1936 2453 1925
t 2191 2224 123 1176
t 131 2224 66 57
t 1925 2452 772 2453
t 1925 772 2452 780
t 731 806 739 2455
t 2455 791 798 799
t 747 748 1918 1895
t 748 1918 1895 815
t 1918 815 814 1895
t 1918 747 1895 814
t 737 2456 1930 738
t 737 804 1914 1930
t 1930 804 1914 812
t 723 1932 731 2455
t 723 2455 1912 790
t 2455 1912 790 791
t 124 1175 1697 59
t 736 1914 803 811
t 736 803 1914 2450
t 66 1178 131 2230
t 66 2298 74 2230
t 1178 131 2224 66
t 696 1938 704 1927
t 1749 696 1927 761
t 762 1749 1927 761
t 2230 1140 2200 74
t 1189 2230 131 1178
t 1917 783 782 1912
t 1917 715 1912 782
t 1931 1738 809 810
t 2001 68 133 1183
t 1931 736 802 810
t 735 802 1931 736
t 1928 806 813 814
t 1928 1918 806 814
t 739 806 1928 740
t 740 1928 1918 806
t 742 801 1931 734
t 809 742 801 1931
t 707 773 1925 781
t 781 780 773 1925
t 1183 1192 2001 1032
t 1183 1192 132 2001
t 59 2001 125 132
t 59 1042 2001 132
t 2452 1916 1925 780
t 1916 780 781 1925
t 68 69 133 1193
t 68 133 1183 1193
t 2449 788 1933 1916
t 721 1916 2449 1933
t 1933 2448 788 2449
t 1933 788 2448 796
t 1941 1742 801 802
t 1941 795 794 802
t 727 794 1941 795
t 702 767 2442 776
t 702 767 776 1772
t 69 70 134 1142
t 698 2453 706 1936
t 1752 698 1936 763
t 764 1752 1936 763
t 2453 1936 763 772
t 698 763 2453 1936
t 1193 69 133 134
t 1193 69 134 1142
t 70 71 135 2034
t 70 135 1142 2034
t 1939 731 798 806
t 731 798 806 2455
t 734 1931 1941 801
t 1142 70 134 135
t 1931 1941 801 802
t 1932 790 797 798
t 1932 2455 790 798
t 723 790 1932 2455
t 71 72 2386 2233
t 1936 764 772 773
t 1936 773 772 1925
t 2453 772 1925 1936
t 2034 71 135 136
t 72 137 2261 2229
t 72 1144 1145 2261
t 729 2456 1933 796
t 788 1743 1933 789
t 2261 2233 2386 72
t 2456 796 797 1933
t 2261 72 2386 137
t 2456 797 804 805
t 2456 805 804 1930
t 737 804 1930 2456
t 73 74 139 2031
t 1937 765 773 774
t 700 765 1937 774
t 1938 1759 769 770
t 1938 1927 761 770
t 696 761 1938 1927
t 2033 73 138 2031
t 2454 778 777 2451
t 711 777 2451 2454
t 703 2454 704 769
t 2454 704 769 770
t 2230 139 2298 74
t 2230 139 74 2200
t 2455 2444 791 799
t 724 791 2455 2444
t 718 719 2451 785
t 719 785 786 2451
t 754 822 747 821
t 754 822 821 1740
t 730 797 2456 1939
t 1939 797 2456 805
t 2031 74 139 1188
t 1932 797 789 1933
t 722 1932 723 789
t 1932 723 789 790
t 699 764 1936 1937
t 1937 764 1936 773
t 1222 1192 132 1183
t 730 1939 1932 797
t 1939 1932 797 798
t 1927 697 762 771
t 697 762 771 2453
t 742 2443 1931 809
t 2443 1931 809 810
t 707 708 1937 773
t 708 1937 773 774
t 2033 2229 137 138
t 701 766 709 2442
t 2442 766 709 775
t 1153 1198 1199 78
t 1153 77 78 1199
t 1153 77 1199 2107
t 1783 785 1935 718
t 793 1783 785 1935
t 750 751 2443 817
t 751 2443 817 818
t 729 796 2450 2456
t 2456 796 2450 804
t 1149 79 80 1200
t 695 2264 703 1938
t 2239 695 1938 760
t 1150 80 81 1201
t 1150 80 1201 1200
t 761 2239 1938 760
t 2264 1938 760 769
t 695 760 2264 1938
t 1152 82 83 1063
t 1753 699 1937 764
t 765 1753 1937 764
t 1141 1999 2167 1022
t 1663 1199 78 77
t 143 2107 1199 77
t 151 1044 77 85
t 1385 78 79 2360
t 1385 1198 78 144
t 144 1199 78 1663
t 144 1199 1198 78
t 144 1239 1198 1199
t 145 79 80 87
t 1154 79 1200 1385
t 145 1385 79 2360
t 145 1385 1200 79
t 1201 80 81 1659
t 1201 1200 80 146
t 1201 2043 1200 146
t 146 145 80 2341
t 1202 81 1657 147
t 1202 1201 81 147
t 1202 1240 1201 147
t 147 1201 81 1659
t 1063 82 83 1655
t 1063 1202 82 148
t 1241 1074 1202 148
t 148 1202 1657 147
t 149 83 84 91
t 1203 1063 83 149
t 149 1063 83 1655
t 1157 2114 84 1207
t 150 149 84 2295
t 150 1203 2114 84
t 1207 84 150 2114
t 2252 1654 93 85
t 151 77 1663 85
t 151 1044 85 2252
t 151 1249 1208 2252
t 92 1164 158 100
t 1207 158 84 92
t 1207 158 92 1164
t 1207 92 1156 1164
t 1160 101 93 1210
t 1210 2337 101 93
t 2252 93 1654 1328
t 1161 1210 93 1328
t 159 1328 1654 93
t 159 1328 93 1210
t 100 1171 166 108
t 1213 108 166 1171
t 1164 100 166 158
t 1166 109 101 1211
t 1166 101 1210 1211
t 1211 1645 109 101
t 1211 2044 167 1210
t 1211 167 101 1210
t 167 1210 2337 101
t 108 173 115 1212
t 1172 116 109 1214
t 1172 109 1211 1214
t 1214 1631 116 109
t 1214 175 109 1211
t 175 1211 1645 109
t 1212 182 173 115
t 1212 182 115 1232
t 1256 1213 1212 173
t 1256 1212 182 173
t 1175 124 116 1215
t 1175 1215 1181 124
t 1215 1618 124 116
t 1215 1020 183 1214
t 1215 183 116 1214
t 183 1214 1631 116
t 1232 190 123 1216
t 2212 2283 132 124
t 2212 1221 191 1215
t 2212 191 124 1215
t 191 1215 1618 124
t 131 1219 198 1189
t 131 206 139 1189
t 131 1219 1189 1178
t 1227 1189 198 1219
t 1260 1216 198 190
t 1260 1216 1219 198
t 132 133 200 1222
t 132 199 1192 1222
t 1181 1220 132 2212
t 199 2212 2283 132
t 199 2212 132 1220
t 133 200 1193 134
t 1222 133 200 1193
t 1222 1183 133 1193
t 134 201 1194 2348
t 135 136 202 1223
t 2348 135 1223 1194
t 1234 2348 1194 201
t 2348 135 202 1223
t 136 203 1223 2232
t 1223 136 202 203
t 137 138 1513 1224
t 2232 137 204 1224
t 138 139 131 205
t 1224 138 1513 205
t 1224 138 205 1225
t 206 139 1189 1191
t 205 139 131 206
t 1225 1197 139 206
t 1193 134 200 201
t 2030 2232 203 204
t 2030 1224 2232 204
t 2030 203 2232 1223
t 1266 1224 204 205
t 1267 1225 1224 205
t 1267 1225 206 1237
t 1267 1225 205 206
t 1200 145 146 2043
t 1201 146 147 1240
t 1201 146 1240 2043
t 1202 147 148 1074
t 1202 147 1074 1240
t 1203 2114 1242 150
t 1203 149 150 1242
t 2440 2111 143 1208
t 2440 1244 2111 208
t 1208 2440 151 143
t 1208 208 2440 2111
t 210 1239 145 144
t 1199 144 1239 2440
t 209 2440 1239 144
t 209 1239 1244 1243
t 211 145 146 2432
t 211 2043 145 210
t 144 210 209 1893
t 210 1239 2043 145
t 1240 146 147 1909
t 212 1240 147 1909
t 1241 148 149 1892
t 1241 212 148 213
t 214 149 150 157
t 1242 1241 149 214
t 1242 1285 1241 214
t 214 1241 149 1892
t 1246 2008 150 215
t 1246 2118 2008 215
t 1246 2114 1207 150
t 215 214 150 2422
t 215 1242 2008 150
t 1247 1207 1164 158
t 1247 150 215 1246
t 216 1249 151 159
t 216 1208 2440 151
t 216 1208 151 1249
t 216 1249 1250 1251
t 1253 2105 158 1247
t 1247 222 150 158
t 2105 1164 1213 166
t 1210 167 159 2044
t 1210 159 1252 2044
t 2234 2430 167 159
t 2234 223 159 1252
t 216 1252 1249 159
t 223 216 159 1252
t 166 230 173 1293
t 1211 175 167 1254
t 1211 167 2044 1254
t 1254 1905 175 167
t 1254 231 167 2234
t 231 2234 2430 167
t 173 2273 182 1256
t 1293 2273 230 173
t 1293 2273 173 1256
t 1214 183 175 1962
t 1214 175 1211 1974
t 1257 238 175 1254
t 238 1254 1905 175
t 182 252 190 1258
t 1256 244 2273 182
t 1256 244 182 1258
t 1296 1256 244 2273
t 1215 191 183 1259
t 1215 183 1020 1259
t 1215 1259 1221 191
t 1259 1876 191 183
t 2006 1298 245 1257
t 1259 245 183 1962
t 190 260 198 1260
t 1258 252 190 1260
t 1258 190 1216 1260
t 1262 262 199 191
t 1262 253 191 1259
t 253 1259 1876 191
t 198 1260 260 2266
t 198 197 206 2266
t 1271 2266 260 1260
t 1300 1258 1260 252
t 199 200 263 1263
t 199 262 1230 1263
t 1263 1222 1230 199
t 1221 1261 199 1262
t 262 191 2426 199
t 262 1262 199 1261
t 200 201 263 2104
t 1263 1222 200 1193
t 1263 200 263 2104
t 2104 201 1234 1193
t 2267 2104 263 201
t 2267 201 263 264
t 2267 201 264 2240
t 2240 202 265 1371
t 203 204 266 2030
t 1371 203 266 2030
t 204 205 1837 1266
t 2030 204 266 267
t 2030 204 267 1266
t 2030 1224 204 1266
t 205 206 269 1267
t 1266 205 1837 268
t 1266 205 268 1267
t 2266 269 197 206
t 2104 263 1263 1278
t 1280 2240 264 265
t 1280 1371 2240 265
t 1280 2240 1278 264
t 1073 1371 265 266
t 1073 2030 1371 266
t 1281 2030 266 267
t 1281 1266 2030 267
t 1307 1266 267 268
t 1310 1267 1266 268
t 1307 267 1266 1281
t 1310 1267 269 1282
t 1310 1267 268 269
t 1240 211 212 1284
t 1240 211 1284 1283
t 1241 213 214 1285
t 1241 213 1285 1284
t 1242 2008 1072 215
t 1242 214 215 1072
t 1242 214 1072 1285
t 271 208 209 1532
t 1244 2117 208 271
t 1291 271 208 2117
t 1506 1243 210 209
t 272 271 209 1532
t 272 1244 1243 209
t 210 1053 1243 1506
t 210 1243 1053 1245
t 273 1053 210 1506
t 1284 211 212 275
t 1284 1283 211 274
t 210 1485 211 273
t 274 273 211 1485
t 1284 212 213 1530
t 1285 213 214 1505
t 1285 1284 213 276
t 1285 1236 1284 276
t 276 1284 213 1530
t 1072 214 215 1475
t 1072 1285 214 277
t 277 1285 214 1505
t 1292 285 278 1475
t 1248 1997 215 1292
t 278 1072 215 1475
t 278 1072 1997 215
t 1292 1247 1253 222
t 1292 215 278 1997
t 1503 1250 216 223
t 1251 1250 279 1291
t 279 1251 216 1250
t 223 1503 1250 1054
t 223 1255 1054 1250
t 286 1054 1503 223
t 230 1294 293 1293
t 230 1294 1293 1253
t 285 293 230 1294
t 1254 238 231 1257
t 1254 231 1295 1257
t 223 231 224 286
t 294 286 224 231
t 1293 2273 1256 1296
t 1339 293 1294 1293
t 1099 2273 300 293
t 1257 245 238 1298
t 1298 1525 245 238
t 1298 2091 301 1257
t 1298 301 238 1257
t 1098 2273 307 300
t 1098 2273 244 307
t 1259 253 245 1299
t 1259 245 2006 1299
t 1259 1299 1262 253
t 1299 2280 253 245
t 1299 1347 308 1298
t 1299 308 245 1298
t 308 1298 1525 245
t 244 315 251 252
t 974 244 315 307
t 2209 2271 262 253
t 2209 1303 316 1299
t 2209 316 253 1299
t 316 1299 2280 253
t 260 1302 323 2255
t 260 2272 269 2255
t 1311 2255 323 1302
t 262 1274 1263 1315
t 1262 2120 262 2209
t 324 2209 2271 262
t 324 2209 262 2120
t 264 265 326 1280
t 264 326 1304 1280
t 264 1278 1280 1304
t 325 264 326 1304
t 265 266 327 1306
t 1280 265 326 327
t 1280 265 327 1306
t 1280 1371 265 1073
t 266 267 328 1318
t 1306 266 327 328
t 1306 266 328 1318
t 267 268 1461 1307
t 1318 267 328 329
t 1318 267 329 1307
t 268 269 331 1310
t 1307 268 1461 330
t 1307 268 330 1310
t 2255 331 2272 269
t 1316 1280 326 327
t 1316 1306 1280 327
t 1356 1306 327 328
t 1356 327 1306 1316
t 1357 1307 329 330
t 1358 1310 1307 330
t 1358 1310 331 1319
t 1358 1310 330 331
t 1284 274 275 1322
t 1284 275 276 1236
t 1284 275 1236 1322
t 1285 276 277 1323
t 1285 276 1323 1236
t 1288 2245 271 332
t 1336 1836 279 271
t 1336 332 271 2245
t 333 1288 1320 272
t 1961 1321 1283 273
t 1322 274 275 1835
t 1961 1321 2004 1283
t 335 1961 1322 274
t 1333 1322 275 336
t 336 1322 275 1835
t 337 276 277 2412
t 1323 1333 276 337
t 338 277 278 284
t 1324 1323 277 338
t 1324 1376 1323 338
t 338 337 277 2412
t 339 338 278 2394
t 1335 1833 286 279
t 1291 1335 279 1336
t 340 1336 1836 279
t 340 1336 279 1335
t 285 347 293 1294
t 1292 347 285 1294
t 1233 1292 1294 347
t 1960 1337 286 1295
t 1335 286 1833 1337
t 348 1337 1833 286
t 293 2398 300 1099
t 1294 355 347 293
t 1294 355 293 1339
t 1294 1233 355 1339
t 1294 347 355 1233
t 1340 2417 301 294
t 1960 1295 1340 1337
t 356 1960 294 1340
t 300 1099 1632 1098
t 300 1632 307 1098
t 1099 1632 2398 300
t 1298 308 301 1347
t 1298 301 2091 1347
t 370 1825 308 301
t 370 1014 364 2417
t 370 1825 301 2417
t 307 1098 369 974
t 307 1620 315 974
t 1098 369 1632 307
t 1299 316 308 1346
t 1299 308 1347 1346
t 1299 316 1346 1303
t 1346 2413 316 308
t 1346 370 308 1347
t 974 377 1620 315
t 1301 315 1300 1348
t 2219 2392 324 316
t 2219 1354 378 1346
t 2219 378 316 1346
t 378 1346 2413 316
t 323 1350 385 392
t 323 322 330 392
t 1359 392 385 1350
t 1352 1349 1348 377
t 1352 1348 385 377
t 1352 1348 1350 385
t 1303 1353 324 2219
t 386 2219 2392 324
t 386 2219 324 1353
t 386 325 387 1364
t 327 328 389 1356
t 327 389 1316 1356
t 1017 328 389 382
t 329 330 391 1357
t 328 329 321 390
t 1318 1307 329 1357
t 330 331 392 1358
t 1357 330 391 1358
t 392 1311 1313 331
t 1358 1319 331 392
t 1364 1355 325 387
t 1355 1402 388 387
t 1017 328 382 390
t 1368 1357 390 391
t 1368 1358 1357 391
t 1368 390 1357 1366
t 1405 1358 392 1369
t 1405 1358 391 392
t 1322 1333 1382 336
t 1322 335 336 1382
t 1323 337 338 1374
t 1324 338 339 1376
t 1331 2246 332 393
t 1387 401 340 332
t 1387 393 332 2246
t 1372 333 334 1780
t 394 1331 1372 333
t 1332 334 335 1763
t 1372 1780 334 395
t 1372 334 1332 395
t 396 335 336 1803
t 335 396 1332 1763
t 335 1332 396 1382
t 397 336 337 1802
t 397 396 336 1803
t 397 1382 1374 336
t 398 337 338 406
t 398 397 337 1802
t 399 338 339 346
t 1376 1374 338 399
t 1376 1235 1374 399
t 399 398 338 406
t 339 408 347 1384
t 400 399 339 2329
t 1386 1778 348 340
t 1336 1386 340 1387
t 401 332 1804 340
t 401 1387 340 1386
t 1384 408 347 2391
t 1338 417 356 348
t 1386 348 1778 1392
t 1386 1338 348 1392
t 409 1392 1778 348
t 409 1392 348 1338
t 355 2383 363 1447
t 2391 416 355 1447
t 2417 364 356 1014
t 1014 417 364 356
t 356 1757 348 417
t 356 1394 417 1338
t 2383 424 363 1367
t 425 1014 417 364
t 1346 378 370 1397
t 1346 1397 1354 378
t 1397 1771 378 370
t 1014 370 432 431
t 1347 1397 370 1398
t 431 1398 370 1397
t 1018 1016 438 430
t 2218 2322 386 378
t 2218 439 378 1397
t 439 1397 1771 378
t 385 1352 446 1359
t 385 454 392 1359
t 438 446 385 1352
t 1408 1359 446 1352
t 1399 438 1352 446
t 386 447 1363 1972
t 1354 1400 386 2218
t 2218 439 1397 1401
t 447 2218 2322 386
t 447 2218 386 1400
t 387 388 448 1402
t 1972 387 448 1402
t 1364 1355 387 1402
t 388 389 2365 16
t 1402 388 448 449
t 2365 389 450 1048
t 390 452 1403 1417
t 390 1366 1368 1403
t 1366 390 452 1403
t 391 392 385 453
t 1417 391 390 453
t 1417 391 453 1405
t 454 392 1359 1362
t 453 392 385 454
t 1405 1369 392 454
t 1414 1402 448 449
t 1463 1405 454 1419
t 1463 1405 453 454
t 1382 1374 1425 397
t 1382 396 397 1425
t 1374 397 398 1426
t 1374 397 1426 1425
t 1374 398 399 1235
t 1374 398 1235 1426
t 1376 399 400 1428
t 1376 399 1428 1235
t 455 393 394 1856
t 1380 2247 393 455
t 1437 455 393 2247
t 2222 394 395 1818
t 2222 1421 394 456
t 456 455 394 1856
t 456 1380 1421 394
t 1381 395 1424 2222
t 2222 1431 1421 456
t 457 2222 395 1818
t 457 2222 1424 395
t 457 1431 1479 1424
t 1425 1382 396 1432
t 1424 396 1382 1432
t 1424 457 1432 1479
t 1426 397 398 1854
t 1426 1425 397 458
t 2220 398 399 2414
t 2220 1426 398 459
t 459 1426 398 1854
t 460 399 400 407
t 1428 2220 399 460
t 460 2220 399 2414
t 1370 2130 400 461
t 1370 1080 2130 461
t 461 460 400 2399
t 461 1428 2130 400
t 2221 463 409 401
t 2221 462 401 1435
t 1387 1435 401 1437
t 462 1437 401 1435
t 408 2409 416 2235
t 1370 469 408 2235
t 2265 1393 1395 416
t 2265 2235 416 2409
t 1080 1370 469 461
t 1080 1370 2235 469
t 1439 470 417 409
t 1392 1439 409 2221
t 2221 462 1435 1440
t 470 2221 463 409
t 470 2221 409 1439
t 470 1496 1440 1439
t 2265 477 2409 416
t 2265 477 416 2236
t 1014 425 417 142
t 1014 142 431 425
t 1439 417 470 1444
t 1439 470 1496 1444
t 424 1047 1396 1367
t 2236 484 424 1445
t 1395 424 1367 1047
t 2236 1448 484 1445
t 2236 477 484 1448
t 2236 477 1448 1443
t 484 1445 1448 1450
t 142 486 485 1843
t 430 1706 438 1018
t 1397 439 431 1454
t 1398 1454 431 1451
t 492 1451 485 431
t 492 1451 431 1454
t 438 445 972 437
t 437 972 1706 498
t 507 2400 447 439
t 446 1399 506 1408
t 446 512 453 513
t 1464 1408 506 1399
t 967 1110 972 498
t 967 972 506 498
t 1411 447 507 1456
t 1401 1457 447 507
t 507 499 439 1458
t 448 449 508 1414
t 448 508 1459 1414
t 448 1402 1414 1459
t 449 450 509 2237
t 1469 1414 1459 508
t 1414 449 508 509
t 1414 449 509 2237
t 450 510 1460 2418
t 2237 450 509 510
t 2237 450 510 1460
t 451 452 511 1462
t 1472 2418 1460 510
t 2418 451 511 1462
t 2418 1416 451 1462
t 452 453 512 1417
t 452 512 1179 1417
t 1462 452 511 1179
t 453 454 513 1463
t 1417 453 512 1463
t 1417 1405 453 1463
t 513 454 1408 1410
t 1463 1419 454 513
t 1467 1456 507 508
t 1467 1459 1456 508
t 2237 510 1471 1460
t 2237 1471 510 509
t 2237 1471 509 1469
t 510 1471 1460 1472
t 1474 1463 1417 512
t 1474 512 1417 1179
t 1519 1463 513 1477
t 1519 1463 512 513
t 1431 456 457 1479
t 1431 456 1479 1478
t 1480 1425 458 1432
t 1426 459 1434 2041
t 1426 458 459 2041
t 1426 458 2041 1425
t 1428 460 461 1066
t 1428 460 1066 1434
t 514 455 456 1700
t 1430 2244 455 514
t 1494 514 455 2244
t 515 456 457 1699
t 515 514 456 1700
t 515 1430 1478 456
t 2094 1536 516 517
t 2094 1479 457 516
t 516 515 457 1699
t 1480 1432 458 1695
t 517 2094 1480 1432
t 2041 1480 458 518
t 518 1480 458 1695
t 519 459 460 1693
t 1066 460 461 1535
t 1066 1434 460 520
t 1538 1489 1434 520
t 520 519 460 1693
t 520 519 1434 460
t 461 521 1535 1492
t 1492 2134 461 521
t 1492 2138 2134 521
t 521 1066 461 1535
t 521 1066 2134 461
t 1440 470 462 1496
t 1440 462 1493 1496
t 522 523 470 462
t 1437 1493 462 1494
t 522 1494 462 1493
t 469 1492 529 1443
t 469 529 477 1443
t 1492 529 521 1535
t 1499 1443 529 1492
t 1547 1492 529 521
t 1444 2093 538 470
t 2093 530 470 1496
t 530 522 523 470
t 477 1443 537 2228
t 477 2339 484 2228
t 1443 537 529 477
t 2258 1448 1450 484
t 1504 2228 537 1499
t 2258 2228 484 2339
t 1500 538 485 1444
t 538 1500 2093 1444
t 484 2297 491 1031
t 2258 545 2339 484
t 2258 545 484 2231
t 2217 546 485 1500
t 546 1500 538 485
t 491 207 498 1110
t 2231 545 2270 1504
t 1511 1680 499 492
t 1451 1454 492 2217
t 2217 546 1500 1509
t 553 2217 492 1511
t 498 207 559 967
t 498 1507 506 967
t 498 207 967 1110
t 2215 2314 507 499
t 1454 1458 499 1511
t 560 1511 1680 499
t 560 1511 499 2215
t 560 1515 1511 2215
t 506 1455 566 1464
t 967 566 1507 506
t 1520 1464 566 1455
t 618 967 566 559
t 1458 1514 507 2215
t 567 2215 2314 507
t 567 2215 507 1514
t 508 509 568 1469
t 508 568 1516 1469
t 507 508 568 1516
t 509 510 2331 2227
t 509 569 1469 2227
t 1526 1469 1516 568
t 1469 509 568 569
t 570 510 1472 1471
t 570 2227 2331 510
t 1527 2227 1526 569
t 511 1179 76 1462
t 1472 1462 511 1326
t 512 1179 1474 76
t 512 513 1476 1519
t 1474 512 76 571
t 1474 512 571 1519
t 2260 513 1464 1465
t 1464 572 513 2260
t 1519 513 1476 572
t 1519 513 572 2260
t 1519 1477 513 2260
t 1968 507 567 568
t 1968 1516 507 568
t 2025 1474 1025 571
t 2025 1519 1474 571
t 1479 1536 1046 516
t 518 1480 2039 1488
t 1480 517 518 2039
t 1480 517 2039 2094
t 1489 519 520 2193
t 1489 519 1297 1488
t 573 514 515 1677
t 1486 2243 514 573
t 1550 573 514 2243
t 1046 515 516 1676
t 1046 1534 515 574
t 574 573 515 1677
t 574 1486 1534 515
t 575 516 517 524
t 575 1046 516 1676
t 575 1046 1536 516
t 2039 517 518 1675
t 2039 1536 517 576
t 576 575 517 524
t 2254 518 519 1674
t 2254 2039 518 577
t 2254 14 1541 577
t 577 2039 518 1675
t 2193 519 520 1673
t 1297 2254 519 578
t 578 2254 519 1674
t 579 520 521 528
t 1538 2193 520 579
t 579 2193 520 1673
t 521 588 529 1547
t 1547 2138 1492 521
t 580 579 521 2290
t 1496 1045 1552 530
t 1045 1672 530 522
t 1494 1045 522 1550
t 581 1550 522 1045
t 529 588 537 1499
t 1547 588 529 1499
t 1612 1547 588 580
t 1036 1547 1499 588
t 1552 2338 538 530
t 589 1045 1672 530
t 589 1045 530 1552
t 537 1499 596 2226
t 537 2347 545 2226
t 1499 596 588 537
t 1558 2226 596 1499
t 2259 2226 545 2347
t 1036 1499 596 588
t 1500 546 538 1555
t 1500 538 2093 1555
t 1555 1670 546 538
t 1555 597 538 1552
t 597 1552 2338 538
t 545 140 552 1030
t 545 1407 2270 1504
t 140 603 2347 545
t 546 1500 1509 1555
t 604 1555 1670 546
t 140 610 552 1030
t 1511 560 553 1438
t 1511 553 1509 15
t 1511 1438 1515 560
t 1438 619 560 553
t 15 611 553 604
t 1515 1523 567 560
t 1515 2017 619 1438
t 1515 619 560 1438
t 619 553 1665 560
t 566 1565 625 1581
t 1522 567 626 1569
t 1515 567 1523 2017
t 1515 1573 567 2017
t 626 2017 1523 567
t 626 2017 567 1573
t 569 570 628 2225
t 569 628 2263 2225
t 570 622 1206 174
t 570 1527 1528 1406
t 1206 2225 628 570
t 1587 2225 2263 628
t 1206 570 628 622
t 1206 174 622 629
t 1442 1528 1589 629
t 692 1119 629 623
t 571 572 1468 1365
t 571 630 1574 1365
t 1119 571 1495 630
t 1365 572 1468 631
t 1519 1533 572 1383
t 1585 1569 626 627
t 1593 1365 631 1594
t 1593 1365 630 631
t 1593 630 1365 1574
t 1536 575 576 1597
t 14 578 577 2254
t 1538 579 580 2038
t 632 573 574 1660
t 1540 2241 573 632
t 1614 632 573 2241
t 1596 574 575 1590
t 633 632 574 1660
t 633 1540 1596 574
t 634 575 576 642
t 634 1596 575 1590
t 2211 1597 576 635
t 635 634 576 642
t 1541 577 14 2211
t 2211 1607 1597 635
t 636 2211 14 577
t 1600 578 579 1588
t 637 14 1600 578
t 2210 579 580 2279
t 2210 1600 579 638
t 1608 2029 1600 638
t 638 1600 579 1588
t 580 647 588 1612
t 1612 1290 580 639
t 1612 758 1547 580
t 1290 2210 580 639
t 639 2210 580 2279
t 1613 2340 589 581
t 1550 1613 581 1614
t 640 1614 581 1613
t 1552 597 589 1617
t 1617 2326 597 589
t 1617 1698 648 1613
t 1617 648 589 1613
t 648 1613 2340 589
t 596 655 603 140
t 1036 655 596 1558
t 1226 1036 1558 655
t 656 1617 2326 597
t 603 663 610 140
t 1990 1558 663 655
t 15 671 611 604
t 1555 15 604 2037
t 597 656 1617 1622
t 2288 768 1629 618
t 1702 895 2288 663
t 1624 1577 619 611
t 671 15 611 1624
t 618 1629 678 1058
t 618 1491 625 1058
t 1629 678 2288 618
t 679 1624 1577 619
t 1058 686 1491 625
t 626 687 1583 2223
t 626 1569 1585 1583
t 687 679 620 626
t 2223 627 688 1638
t 628 622 689 1206
t 622 629 1490 1206
t 1206 622 689 1490
t 629 623 691 692
t 623 630 692 1119
t 630 631 693 1593
t 630 693 1662 1593
t 1662 1442 692 630
t 1662 1442 1661 692
t 1662 630 692 693
t 694 631 1581 1582
t 1593 631 693 694
t 1593 1594 631 694
t 1653 2223 687 688
t 1653 1638 2223 688
t 1653 687 2223 1650
t 1721 1638 688 689
t 1228 1206 690 691
t 2023 1593 693 694
t 2023 693 1593 1662
t 1596 633 634 1666
t 2029 638 637 1600
t 1608 638 639 2213
t 695 632 633 1644
t 1605 2242 632 695
t 1692 695 632 2242
t 1666 633 634 1642
t 696 695 633 1644
t 696 1605 1666 633
t 697 634 635 2342
t 1667 1666 634 697
t 1667 1750 1666 697
t 697 1666 634 1642
t 2253 635 636 1641
t 2253 1667 635 698
t 698 697 635 2342
t 1668 636 637 699
t 2253 1641 636 1361
t 1607 636 1668 1361
t 2253 2411 1361 2197
t 699 1361 636 1641
t 699 1361 1668 636
t 2214 637 638 1640
t 2214 1668 637 700
t 700 1668 637 699
t 2213 638 639 2289
t 701 2214 638 1640
t 639 1071 2145 702
t 702 2213 639 2289
t 702 2213 2012 639
t 1613 648 640 1691
t 1691 2364 648 640
t 1614 1691 640 1692
t 703 1692 640 1691
t 647 710 655 1694
t 639 710 647 1694
t 1071 639 710 702
t 1071 639 1694 710
t 1617 656 648 1698
t 1698 2334 656 648
t 1698 1976 711 1691
t 1698 711 648 1691
t 711 1691 2364 648
t 655 725 663 1701
t 1694 717 710 655
t 1694 717 655 1701
t 1226 655 1558 1990
t 1776 1694 717 710
t 1781 1694 1701 717
t 2251 1635 664 656
t 2251 718 656 1698
t 718 1698 2334 656
t 663 725 2288 1702
t 1701 725 663 1702
t 1781 1701 725 717
t 1781 1701 1702 725
t 1705 1630 671 664
t 2251 664 1635 1360
t 1622 1705 664 1360
t 2251 718 1698 2196
t 726 1360 1635 664
t 726 1360 664 1705
t 2288 1702 733 2387
t 1702 733 725 2288
t 2387 733 1452 1702
t 1788 1702 733 725
t 679 734 671 1705
t 734 1705 1630 671
t 678 1487 686 1710
t 678 2387 741 1710
t 678 1710 1629 2387
t 742 1019 679 687
t 742 1718 1019 687
t 686 1710 749 1647
t 686 2285 694 749
t 1710 749 1487 686
t 1733 1647 749 1710
t 688 689 751 1721
t 1653 688 751 1721
t 1653 1638 688 1721
t 689 690 752 1722
t 1721 689 751 752
t 1721 689 752 1722
t 1722 690 752 753
t 691 692 754 1661
t 691 754 1723 1661
t 692 693 756 1727
t 692 755 1661 1727
t 1661 754 1723 1740
t 692 755 754 1661
t 693 694 757 1731
t 693 756 1727 1731
t 693 1662 1731 1727
t 749 757 2285 694
t 1413 1721 1653 751
t 1805 1721 751 752
t 1807 1722 1721 752
t 1807 1722 752 753
t 1808 1722 753 754
t 1808 1723 1722 754
t 1666 696 697 1749
t 1667 697 698 1750
t 1668 1685 1753 700
t 1668 699 700 1753
t 1668 699 1753 1752
t 2239 695 696 1938
t 2239 1745 695 760
t 2239 1764 1745 760
t 1745 760 1764 1762
t 1749 696 697 1927
t 1679 696 1749 2239
t 761 2239 696 1938
t 761 2239 1749 696
t 762 697 698 2453
t 1750 1749 697 762
t 1750 1828 1749 762
t 762 1749 697 1927
t 1752 698 699 1936
t 1752 1750 698 763
t 1752 1828 1750 763
t 763 762 698 2453
t 1753 699 700 1937
t 1753 1752 699 764
t 1753 1830 1752 764
t 764 1752 699 1936
t 701 1685 700 765
t 1766 1831 1685 765
t 765 1753 700 1937
t 765 1753 1685 700
t 765 1753 1831 1685
t 2238 701 702 2442
t 702 776 710 1772
t 1772 2088 702 767
t 1688 702 2013 2238
t 1688 1769 1766 766
t 767 2238 702 2442
t 767 2238 2013 702
t 1691 711 703 1773
t 1773 2454 711 703
t 1692 1773 703 2264
t 2264 760 1762 1774
t 769 2264 703 1773
t 710 776 717 1776
t 1772 776 710 1776
t 1698 718 711 2451
t 1779 777 711 1773
t 777 1773 2454 711
t 717 784 725 1781
t 1776 784 776 717
t 1776 784 717 1781
t 1848 1776 784 776
t 1853 1776 1781 784
t 1783 1935 726 718
t 2005 1850 785 1779
t 1783 785 718 2451
t 725 792 733 1788
t 1781 792 784 725
t 1781 792 725 1788
t 1781 725 1702 1788
t 1853 1781 792 784
t 1857 1781 1788 792
t 1705 734 726 1786
t 1705 726 1783 1786
t 1786 801 734 726
t 1786 1855 793 1783
t 1786 793 726 1783
t 793 1783 1935 726
t 733 1788 1452 1702
t 1788 800 792 733
t 1791 733 800 1788
t 1857 1788 800 792
t 1795 1858 801 1711
t 742 801 734 1711
t 726 1941 793 801
t 801 1786 734 1711
t 801 1858 1786 1711
t 817 2443 750 742
t 749 1329 816 2268
t 749 2439 757 2268
t 1813 2268 816 1329
t 1798 750 817 1735
t 1718 1798 750 817
t 817 809 742 1801
t 751 752 818 1805
t 1413 1721 751 1805
t 752 753 819 1807
t 1805 752 818 819
t 1805 752 819 1807
t 753 754 820 1808
t 1807 753 819 820
t 1807 753 820 1808
t 1807 1722 753 1808
t 754 755 822 1740
t 754 821 1808 1740
t 754 1723 1740 1808
t 1808 754 820 821
t 755 756 1895 1373
t 755 822 1740 1373
t 1819 1740 1808 821
t 756 823 1056 1334
t 756 823 1895 1373
t 2269 757 1733 1734
t 2268 824 2439 757
t 2268 824 757 2269
t 2268 757 1733 2269
t 1334 757 824 2269
t 1873 1805 818 819
t 1874 1807 1805 819
t 1874 1807 819 820
t 1875 1808 1807 820
t 1875 1808 820 821
t 1820 1334 824 2269
t 1820 1334 823 824
t 1820 823 1334 1056
t 1749 761 762 1826
t 1750 762 763 1828
t 1752 763 764 1830
t 1752 763 1830 1828
t 1753 764 765 1831
t 831 766 1766 1769
t 1847 1759 769 760
t 1847 825 760 1838
t 1822 760 1839 1838
t 826 761 762 834
t 1764 761 1826 1839
t 826 1839 1826 761
t 827 762 763 771
t 1828 1826 762 827
t 1828 2042 1826 827
t 827 826 762 834
t 1830 763 764 1758
t 1830 1828 763 828
t 1830 1038 1828 828
t 828 827 763 2358
t 829 1830 764 1758
t 1766 765 766 1756
t 1766 1831 765 830
t 832 766 767 2320
t 1766 1756 766 831
t 1842 2153 767 832
t 1842 2157 2153 832
t 1842 2088 1772 767
t 1773 777 769 1779
t 1773 769 1845 1779
t 841 1754 777 769
t 841 833 769 1845
t 1774 1845 769 1847
t 833 1847 1759 769
t 833 1847 769 1845
t 776 840 784 1848
t 1772 776 1776 1848
t 2019 2010 1842 832
t 2019 1842 840 832
t 1441 1842 1848 840
t 1779 785 777 1850
t 1850 2357 785 777
t 1850 841 777 1779
t 784 848 792 1853
t 1848 848 840 784
t 1848 848 784 1853
t 1921 1848 848 840
t 1926 1848 1853 848
t 1783 793 785 1855
t 1855 1747 793 785
t 1855 1924 849 1850
t 1855 849 785 1850
t 849 1850 2357 785
t 792 856 800 1857
t 1853 856 848 792
t 1853 856 792 1857
t 1926 1853 856 848
t 1926 1853 1857 856
t 1786 801 793 1858
t 1786 793 1855 1858
t 1858 1742 801 793
t 1858 1929 857 1855
t 1858 857 793 1855
t 857 1855 1747 793
t 1857 864 856 800
t 1061 1857 864 856
t 872 1738 809 801
t 1795 865 801 1858
t 865 1858 1742 801
t 864 871 807 1791
t 1871 1436 872 2216
t 2216 2305 817 809
t 1795 809 801 872
t 816 879 824 2257
t 816 1867 879 2257
t 1883 2257 879 1867
t 2216 817 880 1871
t 1801 817 1871 2152
t 880 2216 2305 817
t 818 819 881 1873
t 1816 818 881 1873
t 1816 1805 818 1873
t 819 820 883 1874
t 1873 819 881 882
t 1873 819 882 1874
t 820 821 883 1875
t 1874 820 883 1875
t 1875 821 883 884
t 884 822 885 1819
t 823 824 2316 886
t 2257 824 1813 1814
t 2257 887 879 824
t 886 824 879 887
t 886 824 887 1880
t 1820 1821 824 1880
t 1946 1873 881 882
t 1948 1874 1873 882
t 1948 1874 882 883
t 1947 1875 1874 883
t 1826 826 827 1911
t 1828 827 828 2042
t 1830 1898 1038 829
t 1830 828 829 1038
t 1910 825 826 888
t 1910 1896 825 888
t 1920 888 825 1838
t 1896 888 1910 2158
t 1838 2158 1920 888
t 890 826 834 897
t 1839 826 1911 1910
t 889 1910 826 888
t 889 1910 1911 826
t 891 827 828 2336
t 892 1038 1898 829
t 892 1959 1913 1898
t 893 1898 1902 830
t 893 1913 2046 1902
t 894 831 832 2315
t 832 903 840 2262
t 2262 2010 832 894
t 1923 2011 2010 894
t 1919 1726 841 833
t 1847 1919 833 1920
t 896 1920 833 1919
t 840 903 848 1921
t 2262 903 840 1921
t 1850 849 841 1924
t 1924 2352 849 841
t 904 1919 1726 841
t 904 1919 841 1924
t 848 919 856 1926
t 1921 911 903 848
t 1921 911 848 1926
t 1969 1921 911 903
t 1973 1921 1926 911
t 1855 857 849 1929
t 1855 849 1924 1929
t 1929 1720 857 849
t 1929 2045 912 1924
t 1929 912 849 1924
t 912 1924 2352 849
t 856 919 864 1061
t 1926 919 856 1061
t 1926 856 1857 1061
t 1973 1926 919 911
t 1858 865 857 1934
t 1858 857 1929 1934
t 1934 1716 865 857
t 1934 1238 920 1929
t 1934 920 857 1929
t 920 1929 1720 857
t 1061 927 919 864
t 1231 927 864 871
t 1061 864 1857 1865
t 1940 1713 872 865
t 928 1934 1716 865
t 928 1934 865 1940
t 871 1942 934 879
t 871 1942 1867 1865
t 1944 879 934 1942
t 1231 871 934 927
t 1231 871 1942 934
t 1871 2216 872 880
t 1801 2216 809 1436
t 879 1944 941 2256
t 879 1944 1883 1867
t 880 881 942 1945
t 1871 880 942 2160
t 881 882 943 1946
t 1945 881 942 943
t 1945 881 943 1946
t 882 883 944 1948
t 1946 882 943 944
t 1946 882 944 1948
t 1948 883 944 945
t 1948 883 945 1947
t 884 946 1949 885
t 884 1875 1894 1949
t 885 947 1950 886
t 1950 885 1949 946
t 886 948 1055 887
t 886 1877 1880 1055
t 1956 886 1950 947
t 2256 887 1883 1885
t 887 948 1055 949
t 2027 2256 949 941
t 2027 2256 1952 949
t 2249 1945 942 943
t 1409 1946 1945 943
t 1986 1948 1946 944
t 1986 1948 944 945
t 1986 1947 1948 945
t 1987 1947 945 946
t 1987 1949 1947 946
t 1989 1950 946 947
t 1989 946 1950 1949
t 2163 1951 1957 949
t 831 894 1015 902
t 1728 901 1889 893
t 1910 1105 888 950
t 957 1908 896 888
t 957 950 888 1040
t 951 889 890 2435
t 953 890 891 2429
t 951 2435 890 952
t 1911 890 1959 952
t 892 1959 891 953
t 1964 1963 1959 953
t 955 892 893 1906
t 954 955 892 1965
t 1015 1728 902 1889
t 1015 902 894 1851
t 963 1015 902 1889
t 894 2161 2020 2011
t 894 75 903 1923
t 1022 1015 75 1851
t 2020 1915 2161 894
t 1967 1888 904 896
t 1920 1967 896 957
t 911 1849 969 970
t 1923 964 75 903
t 1923 964 903 1969
t 1923 903 1921 1969
t 1970 2011 964 1209
t 1970 1923 1969 964
t 1924 912 904 2045
t 1924 904 1967 2045
t 2045 2428 912 904
t 1975 1971 965 1967
t 2045 965 904 1967
t 1967 957 1040 1971
t 965 1967 1888 904
t 911 976 919 1973
t 903 964 1849 970
t 1969 970 911 1973
t 1929 920 912 1238
t 1929 912 2045 1238
t 1979 971 920 912
t 1979 971 912 2045
t 971 2045 2428 912
t 919 976 927 1977
t 1973 976 919 1977
t 1978 1973 976 970
t 1978 1973 1977 976
t 1934 928 920 1238
t 1955 1979 971 920
t 927 989 934 1980
t 1977 982 976 927
t 1977 982 927 1980
t 141 935 928 58
t 934 1980 989 1325
t 1984 1325 989 1980
t 141 942 935 990
t 1871 2160 942 1982
t 941 1767 949 1983
t 1148 1767 941 1983
t 1982 996 808 2162
t 1982 942 996 2162
t 1982 942 2162 2160
t 996 1982 990 942
t 956 943 944 67
t 1409 1946 943 67
t 944 945 998 1986
t 945 946 999 1987
t 1986 945 998 1987
t 1986 1947 945 1987
t 946 947 999 1989
t 1987 946 999 1989
t 1987 1949 946 1989
t 947 948 995 1000
t 1989 947 999 1000
t 948 949 1767 1957
t 948 1001 1956 1957
t 1000 948 995 1001
t 949 1002 2163 1983
t 949 1952 1983 2163
t 949 2163 1002 1957
t 949 1002 1767 1957
t 1095 2163 7 1002
t 19 1957 1002 2163
t 1050 1957 1001 1002
t 19 1002 7 2163
t 1015 963 1022 2208
t 950 1991 2201 1992
t 1040 950 4 2201
t 951 1317 958 952
t 1993 958 957 951
t 1993 951 957 950
t 1993 1991 951 950
t 952 959 953 1995
t 1317 1012 958 952
t 1995 960 959 953
t 954 2000 961 955
t 954 2000 955 1996
t 1996 954 1998 2206
t 1998 961 960 954
t 1998 954 960 953
t 1998 2206 954 953
t 2208 1015 1889 955
t 1889 1344 963 2208
t 1999 955 2000 1996
t 2000 962 961 955
t 2208 963 1022 2007
t 2208 963 1005 1344
t 2007 964 963 1022
t 2007 964 1209 2170
t 957 965 958 2009
t 957 2009 1993 1992
t 2009 2169 1992 957
t 1012 966 958 959
t 952 958 959 1012
t 2009 2428 965 958
t 2435 2428 966 958
t 960 2014 1008 961
t 1998 2014 1995 960
t 1998 960 961 2014
t 2026 959 966 1012
t 961 2015 968 962
t 961 2015 962 2000
t 2015 968 2205 961
t 962 1343 968 963
t 962 1343 963 1344
t 963 1155 969 2016
t 963 969 964 2016
t 1343 969 968 963
t 2016 970 969 964
t 2016 2170 970 964
t 2016 2170 964 2007
t 1975 971 965 2171
t 2428 2028 1006 966
t 2428 2028 966 2009
t 1287 1013 971 2428
t 1100 2428 971 965
t 1100 2009 2428 965
t 966 2207 1173 973
t 2053 973 977 1341
t 2047 973 2207 2032
t 2036 1007 1009 968
t 968 1343 975 969
t 1309 975 1861 968
t 2036 2015 2205 2032
t 969 2048 975 1418
t 969 975 970 1418
t 1155 2048 1343 969
t 1343 975 969 2048
t 1418 976 975 970
t 2050 1418 975 2048
t 971 11 1013 1286
t 1100 971 13 2171
t 13 1955 971 1286
t 2173 971 2171 13
t 973 1308 978 979
t 2053 978 977 973
t 2053 978 973 1420
t 2047 973 2032 1420
t 2055 979 1308 2049
t 975 1389 981 2203
t 975 981 976 2203
t 1309 981 980 975
t 1389 975 2048 2050
t 1289 982 981 976
t 2199 2203 981 1389
t 1289 2203 976 981
t 1289 1218 976 2050
t 1314 984 2438 977
t 977 2054 984 2058
t 977 984 978 2058
t 2054 977 984 1314
t 1177 1341 977 1314
t 1177 977 1341 2053
t 978 1422 985 979
t 2058 985 984 978
t 2058 985 978 1422
t 2049 1953 980 2056
t 2049 979 1953 2055
t 1422 986 985 979
t 980 2056 987 981
t 1953 987 986 980
t 1953 987 980 2056
t 981 1390 988 2057
t 981 988 982 2057
t 1390 988 987 981
t 2057 989 988 982
t 992 2059 984 1305
t 36 58 991 990
t 984 2059 992 2198
t 984 992 985 2198
t 1866 1305 991 992
t 2059 984 2054 2058
t 985 2060 993 986
t 1422 985 986 2060
t 2198 993 992 985
t 2198 993 985 2060
t 986 1312 994 987
t 986 1312 987 1953
t 2060 994 993 986
t 987 2056 1953 1391
t 2202 987 994 1312
t 1391 1953 987 1312
t 2062 1148 995 989
t 2062 988 989 995
t 2062 1163 1148 989
t 2062 1163 989 2057
t 990 2064 996 991
t 990 2064 991 36
t 1982 808 990 1027
t 991 2064 997 992
t 991 2064 992 2059
t 2064 956 996 991
t 992 2065 997 993
t 2065 992 997 2064
t 2065 2059 992 2064
t 993 2066 998 994
t 993 2066 994 2060
t 2065 998 997 993
t 2066 999 998 994
t 2066 994 2060 2202
t 2202 2068 1000 995
t 995 2068 1001 1002
t 995 2068 1002 1265
t 2068 1001 1000 995
t 2064 996 956 2179
t 2064 996 2179 2063
t 2065 997 2180 2064
t 2065 997 998 2180
t 1987 998 1986 2187
t 2066 998 2181 2065
t 1989 999 1987 2182
t 2202 999 1958 2066
t 1958 999 2182 2066
t 2068 1000 1001 2184
t 2068 1000 2184 2067
t 2184 1000 2183 2067
t 2068 1001 1002 2184
t 1279 2178 7 1002
t 1026 1 1101 1028
t 1126 1032 2001 2
t 1033 1034 1388 3
t 1033 2070 1034 3
t 1033 3 1388 1035
t 1033 1035 2103 3
t 2071 1039 2201 4
t 1275 1021 2078 261
t 1064 2072 18 1168
t 1135 18 261 2072
t 2074 1187 20 1059
t 1059 1187 21 2075
t 1059 1187 20 21
t 1059 2075 21 1067
t 1067 2075 22 1404
t 1067 2075 21 22
t 2076 1101 1026 1
t 1275 1351 1024 1021
t 1026 2077 1 1028
t 1068 30 2079 1082
t 1068 1028 30 1082
t 1068 1028 23 30
t 1068 2077 1082 2079
t 1068 2077 1028 1082
t 2078 31 1158 1051
t 2081 35 1093 1136
t 2021 2079 35 30
t 2021 2079 2081 35
t 2021 1136 35 2081
t 2021 2079 30 1082
t 2082 37 31 1160
t 1093 42 1106 1137
t 1093 1106 2083 1137
t 1136 1093 42 35
t 1136 2083 1137 1093
t 1136 1137 42 1093
t 1136 2083 1093 2081
t 2082 1096 43 1166
t 2082 43 37 1166
t 1106 49 1117 1138
t 1106 1117 2086 1138
t 1137 1106 49 42
t 1137 2086 1138 1106
t 1137 1138 49 1106
t 1137 2086 1106 2083
t 1988 51 43 1172
t 1117 2224 1118 1139
t 1117 1118 2089 1139
t 1138 1117 2224 49
t 1138 2089 1139 1117
t 1138 1139 2224 1117
t 1138 2089 1117 2086
t 2090 59 51 1175
t 1118 66 2092 1125
t 1139 1118 66 2224
t 1125 1118 1139 2089
t 1125 1118 66 1139
t 1125 2092 1118 2089
t 2092 1125 74 1034
t 2092 1125 66 74
t 2092 74 1033 1034
t 2092 1033 2070 1034
t 1126 1032 2 2095
t 2095 2096 1120 1133
t 2095 1120 68 1133
t 2095 68 1032 1133
t 2095 1126 1032 68
t 68 1126 1032 2001
t 1127 2098 1128 1142
t 1127 1128 69 1142
t 2457 69 68 1133
t 2457 69 1133 2022
t 2457 1120 68 69
t 2457 1127 1120 69
t 2457 2022 1133 2096
t 2457 1142 2022 2098
t 2457 69 1142 1127
t 2457 1142 2098 1127
t 2457 1120 1133 68
t 2457 1120 2096 1133
t 2457 2096 1120 1127
t 2457 2098 2096 1127
t 1128 2099 1129 1143
t 1128 1129 70 1143
t 1142 1128 69 70
t 1142 70 1143 1128
t 1142 1143 2099 1128
t 1142 2099 2098 1128
t 1129 2100 1130 1144
t 1129 1130 71 1144
t 1143 1129 70 71
t 1143 71 1144 1129
t 1143 1144 2100 1129
t 1143 2100 2099 1129
t 1130 2102 1132 1145
t 1130 1132 72 1145
t 1144 1130 71 72
t 1144 72 1145 1130
t 1144 1145 2102 1130
t 1144 2102 2100 1130
t 1132 2103 1131 1134
t 1132 1131 73 1134
t 1134 1132 1145 73
t 73 1132 1145 72
t 1134 1132 2102 1145
t 1134 2103 2102 1132
t 1131 74 73 1134
t 1131 74 1134 1035
t 1131 1035 1134 2103
t 1131 2103 1033 1035
t 1131 1033 74 1035
t 1192 1180 132 2001
t 1192 2069 1180 2001
t 1192 2109 1180 2069
t 2200 1188 139 74
t 2200 139 1188 1191
t 1197 2112 2108 1191
t 1197 1191 1188 139
t 1197 1191 2108 1188
t 1192 1230 199 1220
t 1192 1230 1220 2113
t 1192 1220 199 132
t 1192 1180 1220 132
t 1192 2113 1180 2109
t 1192 2113 1220 1180
t 206 1197 139 1191
t 1229 2112 1197 1191
t 1229 1237 1197 2112
t 1237 2115 2112 1229
t 1230 1274 262 1261
t 1230 1274 1261 2116
t 1230 1261 262 199
t 1230 1220 1261 199
t 1230 2116 1220 2113
t 1230 2116 1261 1220
t 1273 2115 1237 1229
t 1273 1282 1237 2115
t 1282 2119 2115 1273
t 2111 1251 208 2117
t 1377 278 2122 1324
t 1315 2120 324 262
t 1274 1261 2120 262
t 1274 2120 1261 2116
t 1313 2119 1282 1273
t 1313 1319 1282 2119
t 1319 2123 2119 1313
t 2117 1291 271 2121
t 2245 2121 271 1291
t 1378 339 2126 1376
t 1378 1324 278 339
t 1378 1376 1324 339
t 2101 1363 386 1353
t 2101 1363 1353 2124
t 2101 1353 386 324
t 2101 2120 1353 324
t 2101 1315 2120 324
t 2101 2124 1353 2120
t 392 1319 331 1313
t 1362 2123 1319 1313
t 1362 1369 1319 2123
t 1369 2127 2123 1362
t 2245 1330 332 2125
t 2246 2125 332 1330
t 1363 1411 447 1400
t 1363 1411 1400 2128
t 1363 1400 447 386
t 1363 1353 1400 386
t 1363 2128 1353 2124
t 1363 2128 1400 1353
t 454 1369 392 1362
t 1410 2127 1369 1362
t 1410 1419 1369 2127
t 1419 2131 2127 1410
t 2246 1387 393 2129
t 2247 2129 393 1387
t 1411 1466 507 1457
t 1411 1466 1457 2132
t 1411 1457 507 447
t 1411 1400 1457 447
t 1411 2132 1400 2128
t 1411 2132 1457 1400
t 513 1419 454 1410
t 1465 2131 1419 1410
t 1465 1477 1419 2131
t 1477 2135 2131 1465
t 2247 1429 455 2133
t 2244 2133 455 1429
t 1375 521 2138 1538
t 1466 1522 507 1514
t 1466 1522 1514 2136
t 1466 1457 1514 507
t 1466 2136 1457 2132
t 1466 2136 1514 1457
t 2260 1477 513 1465
t 1521 2135 1477 1465
t 1521 1533 1477 2135
t 1533 2139 2135 1521
t 2244 1494 514 2137
t 2243 2137 514 1494
t 1522 1583 626 1573
t 1522 1583 1573 2140
t 1522 1573 626 567
t 1522 1514 1573 567
t 1522 2140 1514 2136
t 1522 2140 1573 1514
t 1582 2139 1533 1521
t 1582 1594 1533 2139
t 1594 2142 2139 1582
t 2243 1539 573 2141
t 2241 2141 573 1539
t 1583 1650 687 1634
t 1583 1650 1634 2143
t 1583 1634 687 626
t 1583 1573 1634 626
t 1583 2143 1573 2140
t 1583 2143 1634 1573
t 694 1594 631 1582
t 1649 2142 1594 1582
t 1649 1664 1594 2142
t 1664 2146 2142 1649
t 2241 1603 632 2144
t 2242 2144 632 1603
t 2147 1735 750 1798
t 1650 1070 750 687
t 1650 1634 1070 687
t 2147 1650 2143 1634
t 1734 2146 1664 1649
t 1734 1744 1664 2146
t 1744 2151 2146 1734
t 2144 2148 1678 1745
t 2242 1678 695 1745
t 1745 1762 1764 2150
t 1745 695 760 2264
t 1745 760 1762 2264
t 1745 2148 1678 1762
t 1745 2150 2148 1762
t 1735 750 817 1816
t 1735 1816 817 2152
t 1735 2152 1798 2147
t 2269 1744 757 1734
t 1814 2151 1744 1734
t 1814 1821 1744 2151
t 1821 2155 2151 1814
t 2150 1762 1764 1822
t 1838 1822 1762 2150
t 1838 1822 760 1762
t 1822 1838 1839 2154
t 1839 760 825 1838
t 1822 2154 2150 1838
t 2156 1871 880 817
t 2156 2152 1871 817
t 2156 1816 2152 817
t 2257 1880 887 824
t 2257 1880 824 1821
t 2257 1821 824 1814
t 1885 2155 1821 1814
t 1885 1880 1821 2155
t 1951 1885 1880 887
t 1951 1885 2159 1880
t 2154 1838 1839 1896
t 1896 825 888 1838
t 1896 888 2158 1838
t 1896 2154 1838 2158
t 2157 2161 1915 894
t 2160 880 942 1945
t 2156 1871 2160 880
t 1951 2256 887 949
t 1951 2256 1885 887
t 1951 1885 1952 2159
t 2163 1952 1951 949
t 2163 1952 2159 1951
t 1105 1040 888 950
t 1105 1040 950 4
t 2162 942 996 1985
t 2162 1945 942 1985
t 2162 1945 2160 942
t 1039 950 951 1991
t 1039 2201 1991 2071
t 1992 1040 950 957
t 1269 1040 4 2201
t 2164 951 952 1317
t 1963 2164 952 1167
t 1167 952 953 1995
t 1004 1317 2164 952
t 1964 1963 953 2165
t 1964 953 954 2206
t 2165 1995 1167 953
t 1167 1995 1004 952
t 1965 1964 954 2206
t 1965 954 955 1996
t 1965 954 1996 2206
t 1966 2166 1965 1996
t 1966 1996 1999 2166
t 1043 2167 2020 1022
t 1999 2166 2167 1966
t 1970 1209 964 2170
t 1141 2190 5 1043
t 1141 1022 2167 1043
t 1971 2009 965 957
t 1971 2009 957 2169
t 1040 957 1992 2169
t 2170 1969 970 964
t 1433 1978 976 970
t 1433 1041 2172 1978
t 1433 1978 970 1041
t 1979 13 1955 971
t 1979 13 971 2173
t 1979 2174 2051 2173
t 1057 1977 976 1978
t 1057 1978 1433 2172
t 1057 1978 976 1433
t 1979 1981 2051 2174
t 2176 1981 2174 2051
t 1163 1984 1148 989
t 2177 2063 996 990
t 2177 2063 990 1453
t 1148 2178 1002 1983
t 2180 997 998 1986
t 999 2187 998 1987
t 1986 998 2180 2187
t 1000 2182 999 1989
t 7 2178 1095 1002
